[2025-02-10T12:33:22.077415+00:00] main.INFO: Broken reference: the 'notification.messages' tries to reorder itself towards 'user', but their parents are different: 'header.inner.right' and 'header' respectively. [] []
[2025-02-10T12:33:22.314608+00:00] main.ERROR: Unable to resolve the source file for 'adminhtml/Magento/backend/en_US/underscore-umd.js.map' [] []
[2025-02-10T12:33:22.314711+00:00] main.CRITICAL: Unable to resolve the source file for 'adminhtml/Magento/backend/en_US/underscore-umd.js.map' [] []
[2025-02-10T12:33:22.581962+00:00] main.ERROR: Unable to resolve the source file for 'adminhtml/Magento/backend/en_US/Magento_PageBuilder/js/stage-builder.js.map' [] []
[2025-02-10T12:33:22.582147+00:00] main.CRITICAL: Unable to resolve the source file for 'adminhtml/Magento/backend/en_US/Magento_PageBuilder/js/stage-builder.js.map' [] []
[2025-02-10T12:33:22.586991+00:00] main.ERROR: Unable to resolve the source file for 'adminhtml/Magento/backend/en_US/Magento_PageBuilder/js/config.js.map' [] []
[2025-02-10T12:33:22.587134+00:00] main.CRITICAL: Unable to resolve the source file for 'adminhtml/Magento/backend/en_US/Magento_PageBuilder/js/config.js.map' [] []
[2025-02-10T12:33:22.592305+00:00] main.ERROR: Unable to resolve the source file for 'adminhtml/Magento/backend/en_US/Magento_PageBuilder/js/content-type-collection.js.map' [] []
[2025-02-10T12:33:22.592443+00:00] main.CRITICAL: Unable to resolve the source file for 'adminhtml/Magento/backend/en_US/Magento_PageBuilder/js/content-type-collection.js.map' [] []
[2025-02-10T12:33:22.595667+00:00] main.ERROR: Unable to resolve the source file for 'adminhtml/Magento/backend/en_US/Magento_PageBuilder/js/content-type-factory.js.map' [] []
[2025-02-10T12:33:22.595824+00:00] main.CRITICAL: Unable to resolve the source file for 'adminhtml/Magento/backend/en_US/Magento_PageBuilder/js/content-type-factory.js.map' [] []
[2025-02-10T12:33:22.601321+00:00] main.ERROR: Unable to resolve the source file for 'adminhtml/Magento/backend/en_US/Magento_PageBuilder/js/content-type/appearance-config.js.map' [] []
[2025-02-10T12:33:22.601434+00:00] main.CRITICAL: Unable to resolve the source file for 'adminhtml/Magento/backend/en_US/Magento_PageBuilder/js/content-type/appearance-config.js.map' [] []
[2025-02-10T12:33:22.605872+00:00] main.ERROR: Unable to resolve the source file for 'adminhtml/Magento/backend/en_US/Magento_PageBuilder/js/content-type/style-registry.js.map' [] []
[2025-02-10T12:33:22.605976+00:00] main.CRITICAL: Unable to resolve the source file for 'adminhtml/Magento/backend/en_US/Magento_PageBuilder/js/content-type/style-registry.js.map' [] []
[2025-02-10T12:33:22.608751+00:00] main.ERROR: Unable to resolve the source file for 'adminhtml/Magento/backend/en_US/Magento_PageBuilder/js/master-format/validator.js.map' [] []
[2025-02-10T12:33:22.608904+00:00] main.CRITICAL: Unable to resolve the source file for 'adminhtml/Magento/backend/en_US/Magento_PageBuilder/js/master-format/validator.js.map' [] []
[2025-02-10T12:33:22.612702+00:00] main.ERROR: Unable to resolve the source file for 'adminhtml/Magento/backend/en_US/Magento_PageBuilder/js/utils/directives.js.map' [] []
[2025-02-10T12:33:22.612839+00:00] main.CRITICAL: Unable to resolve the source file for 'adminhtml/Magento/backend/en_US/Magento_PageBuilder/js/utils/directives.js.map' [] []
[2025-02-10T12:33:22.617199+00:00] main.ERROR: Unable to resolve the source file for 'adminhtml/Magento/backend/en_US/Magento_PageBuilder/js/utils/loader.js.map' [] []
[2025-02-10T12:33:22.617333+00:00] main.CRITICAL: Unable to resolve the source file for 'adminhtml/Magento/backend/en_US/Magento_PageBuilder/js/utils/loader.js.map' [] []
[2025-02-10T12:33:22.620573+00:00] main.ERROR: Unable to resolve the source file for 'adminhtml/Magento/backend/en_US/Magento_PageBuilder/js/utils/object.js.map' [] []
[2025-02-10T12:33:22.620741+00:00] main.CRITICAL: Unable to resolve the source file for 'adminhtml/Magento/backend/en_US/Magento_PageBuilder/js/utils/object.js.map' [] []
[2025-02-10T12:33:22.625778+00:00] main.ERROR: Unable to resolve the source file for 'adminhtml/Magento/backend/en_US/Magento_PageBuilder/js/collection.js.map' [] []
[2025-02-10T12:33:22.625953+00:00] main.CRITICAL: Unable to resolve the source file for 'adminhtml/Magento/backend/en_US/Magento_PageBuilder/js/collection.js.map' [] []
[2025-02-10T12:33:22.632666+00:00] main.ERROR: Unable to resolve the source file for 'adminhtml/Magento/backend/en_US/Magento_PageBuilder/js/content-type.js.map' [] []
[2025-02-10T12:33:22.632839+00:00] main.CRITICAL: Unable to resolve the source file for 'adminhtml/Magento/backend/en_US/Magento_PageBuilder/js/content-type.js.map' [] []
[2025-02-10T12:33:22.634046+00:00] main.ERROR: Unable to resolve the source file for 'adminhtml/Magento/backend/en_US/Magento_PageBuilder/js/content-type/master-factory.js.map' [] []
[2025-02-10T12:33:22.634175+00:00] main.CRITICAL: Unable to resolve the source file for 'adminhtml/Magento/backend/en_US/Magento_PageBuilder/js/content-type/master-factory.js.map' [] []
[2025-02-10T12:33:22.652337+00:00] main.ERROR: Unable to resolve the source file for 'adminhtml/Magento/backend/en_US/Magento_PageBuilder/js/utils/string.js.map' [] []
[2025-02-10T12:33:22.652337+00:00] main.ERROR: Unable to resolve the source file for 'adminhtml/Magento/backend/en_US/Magento_PageBuilder/js/content-type/preview-factory.js.map' [] []
[2025-02-10T12:33:22.652321+00:00] main.ERROR: Unable to resolve the source file for 'adminhtml/Magento/backend/en_US/Magento_PageBuilder/js/utils/array.js.map' [] []
[2025-02-10T12:33:22.652467+00:00] main.CRITICAL: Unable to resolve the source file for 'adminhtml/Magento/backend/en_US/Magento_PageBuilder/js/utils/array.js.map' [] []
[2025-02-10T12:33:22.652466+00:00] main.CRITICAL: Unable to resolve the source file for 'adminhtml/Magento/backend/en_US/Magento_PageBuilder/js/utils/string.js.map' [] []
[2025-02-10T12:33:22.652466+00:00] main.CRITICAL: Unable to resolve the source file for 'adminhtml/Magento/backend/en_US/Magento_PageBuilder/js/content-type/preview-factory.js.map' [] []
[2025-02-10T12:33:22.663932+00:00] main.ERROR: Unable to resolve the source file for 'adminhtml/Magento/backend/en_US/Magento_PageBuilder/js/content-type/observable-updater-factory.js.map' [] []
[2025-02-10T12:33:22.664080+00:00] main.CRITICAL: Unable to resolve the source file for 'adminhtml/Magento/backend/en_US/Magento_PageBuilder/js/content-type/observable-updater-factory.js.map' [] []
[2025-02-10T12:33:22.664101+00:00] main.ERROR: Unable to resolve the source file for 'adminhtml/Magento/backend/en_US/Magento_PageBuilder/js/data-store.js.map' [] []
[2025-02-10T12:33:22.664103+00:00] main.ERROR: Unable to resolve the source file for 'adminhtml/Magento/backend/en_US/Magento_PageBuilder/js/content-type/converter-resolver.js.map' [] []
[2025-02-10T12:33:22.664221+00:00] main.CRITICAL: Unable to resolve the source file for 'adminhtml/Magento/backend/en_US/Magento_PageBuilder/js/content-type/converter-resolver.js.map' [] []
[2025-02-10T12:33:22.664218+00:00] main.CRITICAL: Unable to resolve the source file for 'adminhtml/Magento/backend/en_US/Magento_PageBuilder/js/data-store.js.map' [] []
[2025-02-10T12:33:22.677567+00:00] main.ERROR: Unable to resolve the source file for 'adminhtml/Magento/backend/en_US/Magento_PageBuilder/js/content-type/preview-converter-resolver.js.map' [] []
[2025-02-10T12:33:22.677729+00:00] main.CRITICAL: Unable to resolve the source file for 'adminhtml/Magento/backend/en_US/Magento_PageBuilder/js/content-type/preview-converter-resolver.js.map' [] []
[2025-02-10T12:33:22.684929+00:00] main.ERROR: Unable to resolve the source file for 'adminhtml/Magento/backend/en_US/Magento_PageBuilder/js/mass-converter/converter-pool-factory.js.map' [] []
[2025-02-10T12:33:22.684916+00:00] main.ERROR: Unable to resolve the source file for 'adminhtml/Magento/backend/en_US/Magento_PageBuilder/js/converter/converter-pool-factory.js.map' [] []
[2025-02-10T12:33:22.685085+00:00] main.CRITICAL: Unable to resolve the source file for 'adminhtml/Magento/backend/en_US/Magento_PageBuilder/js/mass-converter/converter-pool-factory.js.map' [] []
[2025-02-10T12:33:22.685085+00:00] main.CRITICAL: Unable to resolve the source file for 'adminhtml/Magento/backend/en_US/Magento_PageBuilder/js/converter/converter-pool-factory.js.map' [] []
[2025-02-10T12:33:22.695432+00:00] main.ERROR: Unable to resolve the source file for 'adminhtml/Magento/backend/en_US/Magento_PageBuilder/js/content-type/observable-updater.js.map' [] []
[2025-02-10T12:33:22.695583+00:00] main.CRITICAL: Unable to resolve the source file for 'adminhtml/Magento/backend/en_US/Magento_PageBuilder/js/content-type/observable-updater.js.map' [] []
[2025-02-10T12:33:22.703981+00:00] main.ERROR: Unable to resolve the source file for 'adminhtml/Magento/backend/en_US/Magento_PageBuilder/js/mass-converter/converter-pool.js.map' [] []
[2025-02-10T12:33:22.704128+00:00] main.CRITICAL: Unable to resolve the source file for 'adminhtml/Magento/backend/en_US/Magento_PageBuilder/js/mass-converter/converter-pool.js.map' [] []
[2025-02-10T12:33:22.707181+00:00] main.ERROR: Unable to resolve the source file for 'adminhtml/Magento/backend/en_US/Magento_PageBuilder/js/content-type/observable-updater/attributes.js.map' [] []
[2025-02-10T12:33:22.707180+00:00] main.ERROR: Unable to resolve the source file for 'adminhtml/Magento/backend/en_US/Magento_PageBuilder/js/converter/converter-pool.js.map' [] []
[2025-02-10T12:33:22.707329+00:00] main.CRITICAL: Unable to resolve the source file for 'adminhtml/Magento/backend/en_US/Magento_PageBuilder/js/content-type/observable-updater/attributes.js.map' [] []
[2025-02-10T12:33:22.707329+00:00] main.CRITICAL: Unable to resolve the source file for 'adminhtml/Magento/backend/en_US/Magento_PageBuilder/js/converter/converter-pool.js.map' [] []
[2025-02-10T12:33:22.715533+00:00] main.ERROR: Unable to resolve the source file for 'adminhtml/Magento/backend/en_US/Magento_PageBuilder/js/content-type/observable-updater/css.js.map' [] []
[2025-02-10T12:33:22.715670+00:00] main.CRITICAL: Unable to resolve the source file for 'adminhtml/Magento/backend/en_US/Magento_PageBuilder/js/content-type/observable-updater/css.js.map' [] []
[2025-02-10T12:33:22.718070+00:00] main.ERROR: Unable to resolve the source file for 'adminhtml/Magento/backend/en_US/Magento_PageBuilder/js/content-type/observable-updater/html.js.map' [] []
[2025-02-10T12:33:22.718070+00:00] main.ERROR: Unable to resolve the source file for 'adminhtml/Magento/backend/en_US/Magento_PageBuilder/js/content-type/observable-updater/style.js.map' [] []
[2025-02-10T12:33:22.718216+00:00] main.CRITICAL: Unable to resolve the source file for 'adminhtml/Magento/backend/en_US/Magento_PageBuilder/js/content-type/observable-updater/style.js.map' [] []
[2025-02-10T12:33:22.718215+00:00] main.CRITICAL: Unable to resolve the source file for 'adminhtml/Magento/backend/en_US/Magento_PageBuilder/js/content-type/observable-updater/html.js.map' [] []
[2025-02-10T12:33:22.747265+00:00] main.ERROR: Unable to resolve the source file for 'adminhtml/Magento/backend/en_US/Magento_PageBuilder/js/utils/editor.js.map' [] []
[2025-02-10T12:33:22.747430+00:00] main.CRITICAL: Unable to resolve the source file for 'adminhtml/Magento/backend/en_US/Magento_PageBuilder/js/utils/editor.js.map' [] []
[2025-02-10T12:33:43.526761+00:00] main.INFO: Broken reference: the 'notification.messages' tries to reorder itself towards 'user', but their parents are different: 'header.inner.right' and 'header' respectively. [] []
[2025-02-10T12:33:43.748472+00:00] main.ERROR: Unable to resolve the source file for 'adminhtml/Magento/backend/en_US/underscore-umd.js.map' [] []
[2025-02-10T12:33:43.748621+00:00] main.CRITICAL: Unable to resolve the source file for 'adminhtml/Magento/backend/en_US/underscore-umd.js.map' [] []
[2025-02-10T12:33:43.999313+00:00] main.ERROR: Unable to resolve the source file for 'adminhtml/Magento/backend/en_US/Magento_PageBuilder/js/stage-builder.js.map' [] []
[2025-02-10T12:33:43.999425+00:00] main.CRITICAL: Unable to resolve the source file for 'adminhtml/Magento/backend/en_US/Magento_PageBuilder/js/stage-builder.js.map' [] []
[2025-02-10T12:33:44.012538+00:00] main.ERROR: Unable to resolve the source file for 'adminhtml/Magento/backend/en_US/Magento_PageBuilder/js/config.js.map' [] []
[2025-02-10T12:33:44.012717+00:00] main.CRITICAL: Unable to resolve the source file for 'adminhtml/Magento/backend/en_US/Magento_PageBuilder/js/config.js.map' [] []
[2025-02-10T12:33:44.020172+00:00] main.ERROR: Unable to resolve the source file for 'adminhtml/Magento/backend/en_US/Magento_PageBuilder/js/content-type-collection.js.map' [] []
[2025-02-10T12:33:44.020172+00:00] main.ERROR: Unable to resolve the source file for 'adminhtml/Magento/backend/en_US/Magento_PageBuilder/js/content-type-factory.js.map' [] []
[2025-02-10T12:33:44.020311+00:00] main.CRITICAL: Unable to resolve the source file for 'adminhtml/Magento/backend/en_US/Magento_PageBuilder/js/content-type-factory.js.map' [] []
[2025-02-10T12:33:44.020311+00:00] main.CRITICAL: Unable to resolve the source file for 'adminhtml/Magento/backend/en_US/Magento_PageBuilder/js/content-type-collection.js.map' [] []
[2025-02-10T12:33:44.024039+00:00] main.ERROR: Unable to resolve the source file for 'adminhtml/Magento/backend/en_US/Magento_PageBuilder/js/content-type/appearance-config.js.map' [] []
[2025-02-10T12:33:44.024189+00:00] main.CRITICAL: Unable to resolve the source file for 'adminhtml/Magento/backend/en_US/Magento_PageBuilder/js/content-type/appearance-config.js.map' [] []
[2025-02-10T12:33:44.034203+00:00] main.ERROR: Unable to resolve the source file for 'adminhtml/Magento/backend/en_US/Magento_PageBuilder/js/content-type/style-registry.js.map' [] []
[2025-02-10T12:33:44.034159+00:00] main.ERROR: Unable to resolve the source file for 'adminhtml/Magento/backend/en_US/Magento_PageBuilder/js/master-format/validator.js.map' [] []
[2025-02-10T12:33:44.034309+00:00] main.CRITICAL: Unable to resolve the source file for 'adminhtml/Magento/backend/en_US/Magento_PageBuilder/js/content-type/style-registry.js.map' [] []
[2025-02-10T12:33:44.034309+00:00] main.CRITICAL: Unable to resolve the source file for 'adminhtml/Magento/backend/en_US/Magento_PageBuilder/js/master-format/validator.js.map' [] []
[2025-02-10T12:33:44.037464+00:00] main.ERROR: Unable to resolve the source file for 'adminhtml/Magento/backend/en_US/Magento_PageBuilder/js/utils/loader.js.map' [] []
[2025-02-10T12:33:44.037654+00:00] main.CRITICAL: Unable to resolve the source file for 'adminhtml/Magento/backend/en_US/Magento_PageBuilder/js/utils/loader.js.map' [] []
[2025-02-10T12:33:44.045882+00:00] main.ERROR: Unable to resolve the source file for 'adminhtml/Magento/backend/en_US/Magento_PageBuilder/js/utils/object.js.map' [] []
[2025-02-10T12:33:44.045982+00:00] main.CRITICAL: Unable to resolve the source file for 'adminhtml/Magento/backend/en_US/Magento_PageBuilder/js/utils/object.js.map' [] []
[2025-02-10T12:33:44.046470+00:00] main.ERROR: Unable to resolve the source file for 'adminhtml/Magento/backend/en_US/Magento_PageBuilder/js/utils/directives.js.map' [] []
[2025-02-10T12:33:44.046601+00:00] main.CRITICAL: Unable to resolve the source file for 'adminhtml/Magento/backend/en_US/Magento_PageBuilder/js/utils/directives.js.map' [] []
[2025-02-10T12:33:44.049035+00:00] main.ERROR: Unable to resolve the source file for 'adminhtml/Magento/backend/en_US/Magento_PageBuilder/js/collection.js.map' [] []
[2025-02-10T12:33:44.049192+00:00] main.CRITICAL: Unable to resolve the source file for 'adminhtml/Magento/backend/en_US/Magento_PageBuilder/js/collection.js.map' [] []
[2025-02-10T12:33:44.058294+00:00] main.ERROR: Unable to resolve the source file for 'adminhtml/Magento/backend/en_US/Magento_PageBuilder/js/content-type.js.map' [] []
[2025-02-10T12:33:44.058455+00:00] main.CRITICAL: Unable to resolve the source file for 'adminhtml/Magento/backend/en_US/Magento_PageBuilder/js/content-type.js.map' [] []
[2025-02-10T12:33:44.059676+00:00] main.ERROR: Unable to resolve the source file for 'adminhtml/Magento/backend/en_US/Magento_PageBuilder/js/content-type/master-factory.js.map' [] []
[2025-02-10T12:33:44.059823+00:00] main.CRITICAL: Unable to resolve the source file for 'adminhtml/Magento/backend/en_US/Magento_PageBuilder/js/content-type/master-factory.js.map' [] []
[2025-02-10T12:33:44.062179+00:00] main.ERROR: Unable to resolve the source file for 'adminhtml/Magento/backend/en_US/Magento_PageBuilder/js/content-type/preview-factory.js.map' [] []
[2025-02-10T12:33:44.062316+00:00] main.CRITICAL: Unable to resolve the source file for 'adminhtml/Magento/backend/en_US/Magento_PageBuilder/js/content-type/preview-factory.js.map' [] []
[2025-02-10T12:33:44.069510+00:00] main.ERROR: Unable to resolve the source file for 'adminhtml/Magento/backend/en_US/Magento_PageBuilder/js/utils/string.js.map' [] []
[2025-02-10T12:33:44.069619+00:00] main.CRITICAL: Unable to resolve the source file for 'adminhtml/Magento/backend/en_US/Magento_PageBuilder/js/utils/string.js.map' [] []
[2025-02-10T12:33:44.083782+00:00] main.ERROR: Unable to resolve the source file for 'adminhtml/Magento/backend/en_US/Magento_PageBuilder/js/content-type/converter-resolver.js.map' [] []
[2025-02-10T12:33:44.083935+00:00] main.CRITICAL: Unable to resolve the source file for 'adminhtml/Magento/backend/en_US/Magento_PageBuilder/js/content-type/converter-resolver.js.map' [] []
[2025-02-10T12:33:44.084494+00:00] main.ERROR: Unable to resolve the source file for 'adminhtml/Magento/backend/en_US/Magento_PageBuilder/js/utils/array.js.map' [] []
[2025-02-10T12:33:44.084494+00:00] main.ERROR: Unable to resolve the source file for 'adminhtml/Magento/backend/en_US/Magento_PageBuilder/js/data-store.js.map' [] []
[2025-02-10T12:33:44.084660+00:00] main.CRITICAL: Unable to resolve the source file for 'adminhtml/Magento/backend/en_US/Magento_PageBuilder/js/data-store.js.map' [] []
[2025-02-10T12:33:44.084660+00:00] main.CRITICAL: Unable to resolve the source file for 'adminhtml/Magento/backend/en_US/Magento_PageBuilder/js/utils/array.js.map' [] []
[2025-02-10T12:33:44.098861+00:00] main.ERROR: Unable to resolve the source file for 'adminhtml/Magento/backend/en_US/Magento_PageBuilder/js/content-type/observable-updater-factory.js.map' [] []
[2025-02-10T12:33:44.099006+00:00] main.CRITICAL: Unable to resolve the source file for 'adminhtml/Magento/backend/en_US/Magento_PageBuilder/js/content-type/observable-updater-factory.js.map' [] []
[2025-02-10T12:33:44.108325+00:00] main.ERROR: Unable to resolve the source file for 'adminhtml/Magento/backend/en_US/Magento_PageBuilder/js/content-type/preview-converter-resolver.js.map' [] []
[2025-02-10T12:33:44.108729+00:00] main.CRITICAL: Unable to resolve the source file for 'adminhtml/Magento/backend/en_US/Magento_PageBuilder/js/content-type/preview-converter-resolver.js.map' [] []
[2025-02-10T12:33:44.111688+00:00] main.ERROR: Unable to resolve the source file for 'adminhtml/Magento/backend/en_US/Magento_PageBuilder/js/content-type/observable-updater.js.map' [] []
[2025-02-10T12:33:44.111688+00:00] main.ERROR: Unable to resolve the source file for 'adminhtml/Magento/backend/en_US/Magento_PageBuilder/js/converter/converter-pool-factory.js.map' [] []
[2025-02-10T12:33:44.111842+00:00] main.CRITICAL: Unable to resolve the source file for 'adminhtml/Magento/backend/en_US/Magento_PageBuilder/js/converter/converter-pool-factory.js.map' [] []
[2025-02-10T12:33:44.111843+00:00] main.CRITICAL: Unable to resolve the source file for 'adminhtml/Magento/backend/en_US/Magento_PageBuilder/js/content-type/observable-updater.js.map' [] []
[2025-02-10T12:33:44.121050+00:00] main.ERROR: Unable to resolve the source file for 'adminhtml/Magento/backend/en_US/Magento_PageBuilder/js/mass-converter/converter-pool-factory.js.map' [] []
[2025-02-10T12:33:44.121167+00:00] main.CRITICAL: Unable to resolve the source file for 'adminhtml/Magento/backend/en_US/Magento_PageBuilder/js/mass-converter/converter-pool-factory.js.map' [] []
[2025-02-10T12:33:44.139289+00:00] main.ERROR: Unable to resolve the source file for 'adminhtml/Magento/backend/en_US/Magento_PageBuilder/js/converter/converter-pool.js.map' [] []
[2025-02-10T12:33:44.139434+00:00] main.CRITICAL: Unable to resolve the source file for 'adminhtml/Magento/backend/en_US/Magento_PageBuilder/js/converter/converter-pool.js.map' [] []
[2025-02-10T12:33:44.154497+00:00] main.ERROR: Unable to resolve the source file for 'adminhtml/Magento/backend/en_US/Magento_PageBuilder/js/content-type/observable-updater/html.js.map' [] []
[2025-02-10T12:33:44.154659+00:00] main.CRITICAL: Unable to resolve the source file for 'adminhtml/Magento/backend/en_US/Magento_PageBuilder/js/content-type/observable-updater/html.js.map' [] []
[2025-02-10T12:33:44.157532+00:00] main.ERROR: Unable to resolve the source file for 'adminhtml/Magento/backend/en_US/Magento_PageBuilder/js/content-type/observable-updater/attributes.js.map' [] []
[2025-02-10T12:33:44.157699+00:00] main.CRITICAL: Unable to resolve the source file for 'adminhtml/Magento/backend/en_US/Magento_PageBuilder/js/content-type/observable-updater/attributes.js.map' [] []
[2025-02-10T12:33:44.157743+00:00] main.ERROR: Unable to resolve the source file for 'adminhtml/Magento/backend/en_US/Magento_PageBuilder/js/content-type/observable-updater/css.js.map' [] []
[2025-02-10T12:33:44.157864+00:00] main.CRITICAL: Unable to resolve the source file for 'adminhtml/Magento/backend/en_US/Magento_PageBuilder/js/content-type/observable-updater/css.js.map' [] []
[2025-02-10T12:33:44.168474+00:00] main.ERROR: Unable to resolve the source file for 'adminhtml/Magento/backend/en_US/Magento_PageBuilder/js/content-type/observable-updater/style.js.map' [] []
[2025-02-10T12:33:44.168620+00:00] main.CRITICAL: Unable to resolve the source file for 'adminhtml/Magento/backend/en_US/Magento_PageBuilder/js/content-type/observable-updater/style.js.map' [] []
[2025-02-10T12:33:44.169222+00:00] main.ERROR: Unable to resolve the source file for 'adminhtml/Magento/backend/en_US/Magento_PageBuilder/js/mass-converter/converter-pool.js.map' [] []
[2025-02-10T12:33:44.169343+00:00] main.CRITICAL: Unable to resolve the source file for 'adminhtml/Magento/backend/en_US/Magento_PageBuilder/js/mass-converter/converter-pool.js.map' [] []
[2025-02-10T12:33:44.183455+00:00] main.ERROR: Unable to resolve the source file for 'adminhtml/Magento/backend/en_US/Magento_PageBuilder/js/utils/editor.js.map' [] []
[2025-02-10T12:33:44.183610+00:00] main.CRITICAL: Unable to resolve the source file for 'adminhtml/Magento/backend/en_US/Magento_PageBuilder/js/utils/editor.js.map' [] []
[2025-02-10T12:33:46.324399+00:00] main.INFO: Broken reference: the 'notification.messages' tries to reorder itself towards 'user', but their parents are different: 'header.inner.right' and 'header' respectively. [] []
[2025-02-10T12:33:46.558407+00:00] main.ERROR: Unable to resolve the source file for 'adminhtml/Magento/backend/en_US/underscore-umd.js.map' [] []
[2025-02-10T12:33:46.558516+00:00] main.CRITICAL: Unable to resolve the source file for 'adminhtml/Magento/backend/en_US/underscore-umd.js.map' [] []
[2025-02-10T12:33:47.528381+00:00] main.INFO: Broken reference: the 'notification.messages' tries to reorder itself towards 'user', but their parents are different: 'header.inner.right' and 'header' respectively. [] []
[2025-02-10T12:33:47.722720+00:00] main.ERROR: Unable to resolve the source file for 'adminhtml/Magento/backend/en_US/underscore-umd.js.map' [] []
[2025-02-10T12:33:47.722857+00:00] main.CRITICAL: Unable to resolve the source file for 'adminhtml/Magento/backend/en_US/underscore-umd.js.map' [] []
[2025-02-10T12:33:50.834915+00:00] main.INFO: Broken reference: the 'notification.messages' tries to reorder itself towards 'user', but their parents are different: 'header.inner.right' and 'header' respectively. [] []
[2025-02-10T12:33:51.070268+00:00] main.ERROR: Unable to resolve the source file for 'adminhtml/Magento/backend/en_US/underscore-umd.js.map' [] []
[2025-02-10T12:33:51.070404+00:00] main.CRITICAL: Unable to resolve the source file for 'adminhtml/Magento/backend/en_US/underscore-umd.js.map' [] []
[2025-02-10T12:33:51.321043+00:00] main.ERROR: Unable to resolve the source file for 'adminhtml/Magento/backend/en_US/Magento_PageBuilder/js/stage-builder.js.map' [] []
[2025-02-10T12:33:51.321218+00:00] main.CRITICAL: Unable to resolve the source file for 'adminhtml/Magento/backend/en_US/Magento_PageBuilder/js/stage-builder.js.map' [] []
[2025-02-10T12:33:51.330670+00:00] main.ERROR: Unable to resolve the source file for 'adminhtml/Magento/backend/en_US/Magento_PageBuilder/js/content-type/appearance-config.js.map' [] []
[2025-02-10T12:33:51.330805+00:00] main.CRITICAL: Unable to resolve the source file for 'adminhtml/Magento/backend/en_US/Magento_PageBuilder/js/content-type/appearance-config.js.map' [] []
[2025-02-10T12:33:51.330938+00:00] main.ERROR: Unable to resolve the source file for 'adminhtml/Magento/backend/en_US/Magento_PageBuilder/js/config.js.map' [] []
[2025-02-10T12:33:51.331057+00:00] main.CRITICAL: Unable to resolve the source file for 'adminhtml/Magento/backend/en_US/Magento_PageBuilder/js/config.js.map' [] []
[2025-02-10T12:33:51.334208+00:00] main.ERROR: Unable to resolve the source file for 'adminhtml/Magento/backend/en_US/Magento_PageBuilder/js/content-type-collection.js.map' [] []
[2025-02-10T12:33:51.334532+00:00] main.CRITICAL: Unable to resolve the source file for 'adminhtml/Magento/backend/en_US/Magento_PageBuilder/js/content-type-collection.js.map' [] []
[2025-02-10T12:33:51.343538+00:00] main.ERROR: Unable to resolve the source file for 'adminhtml/Magento/backend/en_US/Magento_PageBuilder/js/content-type/style-registry.js.map' [] []
[2025-02-10T12:33:51.343567+00:00] main.ERROR: Unable to resolve the source file for 'adminhtml/Magento/backend/en_US/Magento_PageBuilder/js/content-type-factory.js.map' [] []
[2025-02-10T12:33:51.343656+00:00] main.CRITICAL: Unable to resolve the source file for 'adminhtml/Magento/backend/en_US/Magento_PageBuilder/js/content-type/style-registry.js.map' [] []
[2025-02-10T12:33:51.343680+00:00] main.CRITICAL: Unable to resolve the source file for 'adminhtml/Magento/backend/en_US/Magento_PageBuilder/js/content-type-factory.js.map' [] []
[2025-02-10T12:33:51.346881+00:00] main.ERROR: Unable to resolve the source file for 'adminhtml/Magento/backend/en_US/Magento_PageBuilder/js/master-format/validator.js.map' [] []
[2025-02-10T12:33:51.346978+00:00] main.CRITICAL: Unable to resolve the source file for 'adminhtml/Magento/backend/en_US/Magento_PageBuilder/js/master-format/validator.js.map' [] []
[2025-02-10T12:33:51.356435+00:00] main.ERROR: Unable to resolve the source file for 'adminhtml/Magento/backend/en_US/Magento_PageBuilder/js/utils/loader.js.map' [] []
[2025-02-10T12:33:51.356435+00:00] main.ERROR: Unable to resolve the source file for 'adminhtml/Magento/backend/en_US/Magento_PageBuilder/js/utils/directives.js.map' [] []
[2025-02-10T12:33:51.356591+00:00] main.CRITICAL: Unable to resolve the source file for 'adminhtml/Magento/backend/en_US/Magento_PageBuilder/js/utils/directives.js.map' [] []
[2025-02-10T12:33:51.356594+00:00] main.CRITICAL: Unable to resolve the source file for 'adminhtml/Magento/backend/en_US/Magento_PageBuilder/js/utils/loader.js.map' [] []
[2025-02-10T12:33:51.357573+00:00] main.ERROR: Unable to resolve the source file for 'adminhtml/Magento/backend/en_US/Magento_PageBuilder/js/utils/object.js.map' [] []
[2025-02-10T12:33:51.357702+00:00] main.CRITICAL: Unable to resolve the source file for 'adminhtml/Magento/backend/en_US/Magento_PageBuilder/js/utils/object.js.map' [] []
[2025-02-10T12:33:51.366418+00:00] main.ERROR: Unable to resolve the source file for 'adminhtml/Magento/backend/en_US/Magento_PageBuilder/js/collection.js.map' [] []
[2025-02-10T12:33:51.366528+00:00] main.CRITICAL: Unable to resolve the source file for 'adminhtml/Magento/backend/en_US/Magento_PageBuilder/js/collection.js.map' [] []
[2025-02-10T12:33:51.367173+00:00] main.ERROR: Unable to resolve the source file for 'adminhtml/Magento/backend/en_US/Magento_PageBuilder/js/content-type.js.map' [] []
[2025-02-10T12:33:51.367316+00:00] main.CRITICAL: Unable to resolve the source file for 'adminhtml/Magento/backend/en_US/Magento_PageBuilder/js/content-type.js.map' [] []
[2025-02-10T12:33:51.381870+00:00] main.ERROR: Unable to resolve the source file for 'adminhtml/Magento/backend/en_US/Magento_PageBuilder/js/content-type/master-factory.js.map' [] []
[2025-02-10T12:33:51.382025+00:00] main.CRITICAL: Unable to resolve the source file for 'adminhtml/Magento/backend/en_US/Magento_PageBuilder/js/content-type/master-factory.js.map' [] []
[2025-02-10T12:33:51.384700+00:00] main.ERROR: Unable to resolve the source file for 'adminhtml/Magento/backend/en_US/Magento_PageBuilder/js/content-type/preview-factory.js.map' [] []
[2025-02-10T12:33:51.384858+00:00] main.CRITICAL: Unable to resolve the source file for 'adminhtml/Magento/backend/en_US/Magento_PageBuilder/js/content-type/preview-factory.js.map' [] []
[2025-02-10T12:33:51.391083+00:00] main.ERROR: Unable to resolve the source file for 'adminhtml/Magento/backend/en_US/Magento_PageBuilder/js/utils/string.js.map' [] []
[2025-02-10T12:33:51.391238+00:00] main.CRITICAL: Unable to resolve the source file for 'adminhtml/Magento/backend/en_US/Magento_PageBuilder/js/utils/string.js.map' [] []
[2025-02-10T12:33:51.396119+00:00] main.ERROR: Unable to resolve the source file for 'adminhtml/Magento/backend/en_US/Magento_PageBuilder/js/utils/array.js.map' [] []
[2025-02-10T12:33:51.396274+00:00] main.CRITICAL: Unable to resolve the source file for 'adminhtml/Magento/backend/en_US/Magento_PageBuilder/js/utils/array.js.map' [] []
[2025-02-10T12:33:51.398080+00:00] main.ERROR: Unable to resolve the source file for 'adminhtml/Magento/backend/en_US/Magento_PageBuilder/js/data-store.js.map' [] []
[2025-02-10T12:33:51.398225+00:00] main.CRITICAL: Unable to resolve the source file for 'adminhtml/Magento/backend/en_US/Magento_PageBuilder/js/data-store.js.map' [] []
[2025-02-10T12:33:51.404601+00:00] main.ERROR: Unable to resolve the source file for 'adminhtml/Magento/backend/en_US/Magento_PageBuilder/js/content-type/converter-resolver.js.map' [] []
[2025-02-10T12:33:51.404774+00:00] main.CRITICAL: Unable to resolve the source file for 'adminhtml/Magento/backend/en_US/Magento_PageBuilder/js/content-type/converter-resolver.js.map' [] []
[2025-02-10T12:33:51.410324+00:00] main.ERROR: Unable to resolve the source file for 'adminhtml/Magento/backend/en_US/Magento_PageBuilder/js/content-type/observable-updater-factory.js.map' [] []
[2025-02-10T12:33:51.410454+00:00] main.CRITICAL: Unable to resolve the source file for 'adminhtml/Magento/backend/en_US/Magento_PageBuilder/js/content-type/observable-updater-factory.js.map' [] []
[2025-02-10T12:33:51.412285+00:00] main.ERROR: Unable to resolve the source file for 'adminhtml/Magento/backend/en_US/Magento_PageBuilder/js/content-type/preview-converter-resolver.js.map' [] []
[2025-02-10T12:33:51.412386+00:00] main.CRITICAL: Unable to resolve the source file for 'adminhtml/Magento/backend/en_US/Magento_PageBuilder/js/content-type/preview-converter-resolver.js.map' [] []
[2025-02-10T12:33:51.438623+00:00] main.ERROR: Unable to resolve the source file for 'adminhtml/Magento/backend/en_US/Magento_PageBuilder/js/converter/converter-pool-factory.js.map' [] []
[2025-02-10T12:33:51.438633+00:00] main.ERROR: Unable to resolve the source file for 'adminhtml/Magento/backend/en_US/Magento_PageBuilder/js/mass-converter/converter-pool-factory.js.map' [] []
[2025-02-10T12:33:51.438771+00:00] main.CRITICAL: Unable to resolve the source file for 'adminhtml/Magento/backend/en_US/Magento_PageBuilder/js/mass-converter/converter-pool-factory.js.map' [] []
[2025-02-10T12:33:51.438772+00:00] main.CRITICAL: Unable to resolve the source file for 'adminhtml/Magento/backend/en_US/Magento_PageBuilder/js/converter/converter-pool-factory.js.map' [] []
[2025-02-10T12:33:51.443729+00:00] main.ERROR: Unable to resolve the source file for 'adminhtml/Magento/backend/en_US/Magento_PageBuilder/js/content-type/observable-updater.js.map' [] []
[2025-02-10T12:33:51.443840+00:00] main.CRITICAL: Unable to resolve the source file for 'adminhtml/Magento/backend/en_US/Magento_PageBuilder/js/content-type/observable-updater.js.map' [] []
[2025-02-10T12:33:51.471551+00:00] main.ERROR: Unable to resolve the source file for 'adminhtml/Magento/backend/en_US/Magento_PageBuilder/js/converter/converter-pool.js.map' [] []
[2025-02-10T12:33:51.471736+00:00] main.CRITICAL: Unable to resolve the source file for 'adminhtml/Magento/backend/en_US/Magento_PageBuilder/js/converter/converter-pool.js.map' [] []
[2025-02-10T12:33:51.471861+00:00] main.ERROR: Unable to resolve the source file for 'adminhtml/Magento/backend/en_US/Magento_PageBuilder/js/mass-converter/converter-pool.js.map' [] []
[2025-02-10T12:33:51.471895+00:00] main.ERROR: Unable to resolve the source file for 'adminhtml/Magento/backend/en_US/Magento_PageBuilder/js/content-type/observable-updater/attributes.js.map' [] []
[2025-02-10T12:33:51.471979+00:00] main.CRITICAL: Unable to resolve the source file for 'adminhtml/Magento/backend/en_US/Magento_PageBuilder/js/mass-converter/converter-pool.js.map' [] []
[2025-02-10T12:33:51.472013+00:00] main.CRITICAL: Unable to resolve the source file for 'adminhtml/Magento/backend/en_US/Magento_PageBuilder/js/content-type/observable-updater/attributes.js.map' [] []
[2025-02-10T12:33:51.485068+00:00] main.ERROR: Unable to resolve the source file for 'adminhtml/Magento/backend/en_US/Magento_PageBuilder/js/content-type/observable-updater/html.js.map' [] []
[2025-02-10T12:33:51.485209+00:00] main.CRITICAL: Unable to resolve the source file for 'adminhtml/Magento/backend/en_US/Magento_PageBuilder/js/content-type/observable-updater/html.js.map' [] []
[2025-02-10T12:33:51.485482+00:00] main.ERROR: Unable to resolve the source file for 'adminhtml/Magento/backend/en_US/Magento_PageBuilder/js/content-type/observable-updater/css.js.map' [] []
[2025-02-10T12:33:51.485482+00:00] main.ERROR: Unable to resolve the source file for 'adminhtml/Magento/backend/en_US/Magento_PageBuilder/js/content-type/observable-updater/style.js.map' [] []
[2025-02-10T12:33:51.485631+00:00] main.CRITICAL: Unable to resolve the source file for 'adminhtml/Magento/backend/en_US/Magento_PageBuilder/js/content-type/observable-updater/css.js.map' [] []
[2025-02-10T12:33:51.485631+00:00] main.CRITICAL: Unable to resolve the source file for 'adminhtml/Magento/backend/en_US/Magento_PageBuilder/js/content-type/observable-updater/style.js.map' [] []
[2025-02-10T12:33:51.507827+00:00] main.ERROR: Unable to resolve the source file for 'adminhtml/Magento/backend/en_US/Magento_PageBuilder/js/utils/editor.js.map' [] []
[2025-02-10T12:33:51.508000+00:00] main.CRITICAL: Unable to resolve the source file for 'adminhtml/Magento/backend/en_US/Magento_PageBuilder/js/utils/editor.js.map' [] []
[2025-02-10T12:34:09.279443+00:00] main.DEBUG: cache_invalidate:  {"method":"GET","url":"http:/","invalidateInfo":{"identifier":"INTEGRITY_base"}} []
[2025-02-10T12:34:09.279597+00:00] main.DEBUG: cache_invalidate:  {"method":"GET","url":"http:/","invalidateInfo":{"identifier":"INTEGRITY_frontend"}} []
[2025-02-10T12:34:09.279660+00:00] main.DEBUG: cache_invalidate:  {"method":"GET","url":"http:/","invalidateInfo":{"identifier":"INTEGRITY_adminhtml"}} []
[2025-02-10T12:35:46.605861+00:00] main.INFO: Broken reference: the 'notification.messages' tries to reorder itself towards 'user', but their parents are different: 'header.inner.right' and 'header' respectively. [] []
[2025-02-10T12:35:46.859997+00:00] main.ERROR: Unable to resolve the source file for 'adminhtml/Magento/backend/en_US/underscore-umd.js.map' [] []
[2025-02-10T12:35:46.860169+00:00] main.CRITICAL: Unable to resolve the source file for 'adminhtml/Magento/backend/en_US/underscore-umd.js.map' [] []
[2025-02-10T12:35:48.635025+00:00] main.INFO: Broken reference: the 'notification.messages' tries to reorder itself towards 'user', but their parents are different: 'header.inner.right' and 'header' respectively. [] []
[2025-02-10T12:35:48.833638+00:00] main.ERROR: Unable to resolve the source file for 'adminhtml/Magento/backend/en_US/underscore-umd.js.map' [] []
[2025-02-10T12:35:48.833753+00:00] main.CRITICAL: Unable to resolve the source file for 'adminhtml/Magento/backend/en_US/underscore-umd.js.map' [] []
[2025-02-10T12:35:51.244016+00:00] main.DEBUG: cache_invalidate:  {"method":"GET","url":"http:/","invalidateInfo":{"tags":["FPC"],"mode":"matchingTag"}} []
[2025-02-10T12:35:54.660097+00:00] main.INFO: Broken reference: the 'notification.messages' tries to reorder itself towards 'user', but their parents are different: 'header.inner.right' and 'header' respectively. [] []
[2025-02-10T12:35:54.684227+00:00] main.DEBUG: Item Magento_Backend::system_currency was removed [] []
[2025-02-10T12:35:54.685697+00:00] main.DEBUG: Add of item with id Magento_Config::system_config was processed [] []
[2025-02-10T12:35:54.685743+00:00] main.DEBUG: Add of item with id Magento_AdminNotification::system_adminnotification was processed [] []
[2025-02-10T12:35:54.685766+00:00] main.DEBUG: Add of item with id Magento_Theme::design_config was processed [] []
[2025-02-10T12:35:54.685783+00:00] main.DEBUG: Add of item with id Magento_Theme::system_design_theme was processed [] []
[2025-02-10T12:35:54.685797+00:00] main.DEBUG: Add of item with id Magento_Backend::system_design_schedule was processed [] []
[2025-02-10T12:35:54.685811+00:00] main.DEBUG: Add of item with id Magento_Backend::system_store was processed [] []
[2025-02-10T12:35:54.685825+00:00] main.DEBUG: Add of item with id Magento_Backend::dashboard was processed [] []
[2025-02-10T12:35:54.685838+00:00] main.DEBUG: Add of item with id Magento_Backend::system was processed [] []
[2025-02-10T12:35:54.685855+00:00] main.DEBUG: Add of item with id Magento_Backend::system_tools was processed [] []
[2025-02-10T12:35:54.685873+00:00] main.DEBUG: Add of item with id Magento_Backend::system_design was processed [] []
[2025-02-10T12:35:54.685887+00:00] main.DEBUG: Add of item with id Magento_Backend::system_convert was processed [] []
[2025-02-10T12:35:54.685904+00:00] main.DEBUG: Add of item with id Magento_Backend::system_cache was processed [] []
[2025-02-10T12:35:54.685917+00:00] main.DEBUG: Add of item with id Magento_Backend::marketing was processed [] []
[2025-02-10T12:35:54.685936+00:00] main.DEBUG: Add of item with id Magento_Backend::marketing_communications was processed [] []
[2025-02-10T12:35:54.685951+00:00] main.DEBUG: Add of item with id Magento_Backend::marketing_seo was processed [] []
[2025-02-10T12:35:54.685965+00:00] main.DEBUG: Add of item with id Magento_Backend::marketing_user_content was processed [] []
[2025-02-10T12:35:54.685978+00:00] main.DEBUG: Add of item with id Magento_Backend::content was processed [] []
[2025-02-10T12:35:54.685991+00:00] main.DEBUG: Add of item with id Magento_Backend::content_elements was processed [] []
[2025-02-10T12:35:54.686004+00:00] main.DEBUG: Add of item with id Magento_Backend::stores was processed [] []
[2025-02-10T12:35:54.686020+00:00] main.DEBUG: Add of item with id Magento_Backend::stores_settings was processed [] []
[2025-02-10T12:35:54.686034+00:00] main.DEBUG: Add of item with id Magento_Backend::stores_attributes was processed [] []
[2025-02-10T12:35:54.686047+00:00] main.DEBUG: Add of item with id Magento_Backend::other_settings was processed [] []
[2025-02-10T12:35:54.686059+00:00] main.DEBUG: Add of item with id Magento_Backend::system_other_settings was processed [] []
[2025-02-10T12:35:54.686072+00:00] main.DEBUG: Add of item with id Magento_User::system_acl was processed [] []
[2025-02-10T12:35:54.686088+00:00] main.DEBUG: Add of item with id Magento_User::system_acl_users was processed [] []
[2025-02-10T12:35:54.686102+00:00] main.DEBUG: Add of item with id Magento_User::system_acl_roles was processed [] []
[2025-02-10T12:35:54.686115+00:00] main.DEBUG: Add of item with id Magento_User::system_acl_locks was processed [] []
[2025-02-10T12:35:54.686128+00:00] main.DEBUG: Add of item with id Magento_Customer::customer was processed [] []
[2025-02-10T12:35:54.686144+00:00] main.DEBUG: Add of item with id Magento_Customer::customer_manage was processed [] []
[2025-02-10T12:35:54.686157+00:00] main.DEBUG: Add of item with id Magento_Customer::customer_online was processed [] []
[2025-02-10T12:35:54.686170+00:00] main.DEBUG: Add of item with id Magento_Customer::customer_group was processed [] []
[2025-02-10T12:35:54.686183+00:00] main.DEBUG: Add of item with id Magento_Backup::system_tools_backup was processed [] []
[2025-02-10T12:35:54.686203+00:00] main.DEBUG: Add of item with id Magento_Indexer::system_index was processed [] []
[2025-02-10T12:35:54.686216+00:00] main.DEBUG: Add of item with id Magento_Variable::system_variable was processed [] []
[2025-02-10T12:35:54.686231+00:00] main.DEBUG: Add of item with id Magento_Cms::cms_page was processed [] []
[2025-02-10T12:35:54.686245+00:00] main.DEBUG: Add of item with id Magento_Cms::cms_block was processed [] []
[2025-02-10T12:35:54.686257+00:00] main.DEBUG: Add of item with id Magento_Catalog::catalog was processed [] []
[2025-02-10T12:35:54.686273+00:00] main.DEBUG: Add of item with id Magento_Catalog::catalog_products was processed [] []
[2025-02-10T12:35:54.686287+00:00] main.DEBUG: Add of item with id Magento_Catalog::catalog_categories was processed [] []
[2025-02-10T12:35:54.686303+00:00] main.DEBUG: Add of item with id Magento_Catalog::catalog_attributes_attributes was processed [] []
[2025-02-10T12:35:54.686316+00:00] main.DEBUG: Add of item with id Magento_Catalog::catalog_attributes_sets was processed [] []
[2025-02-10T12:35:54.686331+00:00] main.DEBUG: Add of item with id Magento_Catalog::inventory was processed [] []
[2025-02-10T12:35:54.686344+00:00] main.DEBUG: Add of item with id Magento_Integration::system_extensions was processed [] []
[2025-02-10T12:35:54.686359+00:00] main.DEBUG: Add of item with id Magento_Integration::system_integrations was processed [] []
[2025-02-10T12:35:54.686375+00:00] main.DEBUG: Add of item with id Magento_Search::search_terms was processed [] []
[2025-02-10T12:35:54.686388+00:00] main.DEBUG: Add of item with id Magento_Search::search_synonyms was processed [] []
[2025-02-10T12:35:54.686401+00:00] main.DEBUG: Add of item with id Magento_CatalogRule::promo was processed [] []
[2025-02-10T12:35:54.686416+00:00] main.DEBUG: Add of item with id Magento_CatalogRule::promo_catalog was processed [] []
[2025-02-10T12:35:54.686429+00:00] main.DEBUG: Add of item with id Magento_Sales::sales was processed [] []
[2025-02-10T12:35:54.686446+00:00] main.DEBUG: Add of item with id Magento_Sales::sales_operation was processed [] []
[2025-02-10T12:35:54.686463+00:00] main.DEBUG: Add of item with id Magento_Sales::sales_order was processed [] []
[2025-02-10T12:35:54.686476+00:00] main.DEBUG: Add of item with id Magento_Sales::sales_invoice was processed [] []
[2025-02-10T12:35:54.686489+00:00] main.DEBUG: Add of item with id Magento_Sales::sales_shipment was processed [] []
[2025-02-10T12:35:54.686501+00:00] main.DEBUG: Add of item with id Magento_Sales::sales_creditmemo was processed [] []
[2025-02-10T12:35:54.686512+00:00] main.DEBUG: Add of item with id Magento_Sales::sales_transactions was processed [] []
[2025-02-10T12:35:54.686524+00:00] main.DEBUG: Add of item with id Magento_Sales::system_order_statuses was processed [] []
[2025-02-10T12:35:54.686536+00:00] main.DEBUG: Add of item with id Magento_MediaGalleryUi::media was processed [] []
[2025-02-10T12:35:54.686555+00:00] main.DEBUG: Add of item with id Magento_MediaGalleryUi::media_gallery was processed [] []
[2025-02-10T12:35:54.686572+00:00] main.DEBUG: Add of item with id Magento_Downloadable::report_products_downloads was processed [] []
[2025-02-10T12:35:54.686591+00:00] main.DEBUG: Add of item with id Magento_UrlRewrite::urlrewrite was processed [] []
[2025-02-10T12:35:54.686605+00:00] main.DEBUG: Add of item with id Magento_Tax::sales_tax was processed [] []
[2025-02-10T12:35:54.686621+00:00] main.DEBUG: Add of item with id Magento_Tax::sales_tax_rules was processed [] []
[2025-02-10T12:35:54.686635+00:00] main.DEBUG: Add of item with id Magento_Tax::sales_tax_rates was processed [] []
[2025-02-10T12:35:54.686647+00:00] main.DEBUG: Add of item with id Magento_Widget::cms_widget_instance was processed [] []
[2025-02-10T12:35:54.686663+00:00] main.DEBUG: Add of item with id Magento_Analytics::business_intelligence was processed [] []
[2025-02-10T12:35:54.686679+00:00] main.DEBUG: Add of item with id Magento_Analytics::advanced_reporting was processed [] []
[2025-02-10T12:35:54.686695+00:00] main.DEBUG: Add of item with id Magento_Analytics::bi_essentials was processed [] []
[2025-02-10T12:35:54.686711+00:00] main.DEBUG: Add of item with id Magento_Newsletter::newsletter_template was processed [] []
[2025-02-10T12:35:54.686724+00:00] main.DEBUG: Add of item with id Magento_Newsletter::newsletter_queue was processed [] []
[2025-02-10T12:35:54.686736+00:00] main.DEBUG: Add of item with id Magento_Newsletter::newsletter_subscriber was processed [] []
[2025-02-10T12:35:54.686751+00:00] main.DEBUG: Add of item with id Magento_Newsletter::newsletter_problem was processed [] []
[2025-02-10T12:35:54.686767+00:00] main.DEBUG: Add of item with id Magento_ImportExport::system_convert_import was processed [] []
[2025-02-10T12:35:54.686782+00:00] main.DEBUG: Add of item with id Magento_ImportExport::system_convert_export was processed [] []
[2025-02-10T12:35:54.686795+00:00] main.DEBUG: Add of item with id Magento_ImportExport::system_convert_history was processed [] []
[2025-02-10T12:35:54.686807+00:00] main.DEBUG: Add of item with id Magento_Email::template was processed [] []
[2025-02-10T12:35:54.686820+00:00] main.DEBUG: Add of item with id Magento_EncryptionKey::system_crypt_key was processed [] []
[2025-02-10T12:35:54.686832+00:00] main.DEBUG: Add of item with id Magento_InventoryAdminUi::inventory was processed [] []
[2025-02-10T12:35:54.686847+00:00] main.DEBUG: Add of item with id Magento_InventoryAdminUi::source was processed [] []
[2025-02-10T12:35:54.686860+00:00] main.DEBUG: Add of item with id Magento_InventoryAdminUi::stock was processed [] []
[2025-02-10T12:35:54.686872+00:00] main.DEBUG: Add of item with id Magento_Reports::report was processed [] []
[2025-02-10T12:35:54.686885+00:00] main.DEBUG: Add of item with id Magento_Reports::report_marketing was processed [] []
[2025-02-10T12:35:54.686897+00:00] main.DEBUG: Add of item with id Magento_Reports::report_salesroot was processed [] []
[2025-02-10T12:35:54.686912+00:00] main.DEBUG: Add of item with id Magento_Reports::report_salesroot_sales was processed [] []
[2025-02-10T12:35:54.686926+00:00] main.DEBUG: Add of item with id Magento_Reports::report_salesroot_tax was processed [] []
[2025-02-10T12:35:54.686938+00:00] main.DEBUG: Add of item with id Magento_Reports::report_salesroot_invoiced was processed [] []
[2025-02-10T12:35:54.686950+00:00] main.DEBUG: Add of item with id Magento_Reports::report_salesroot_shipping was processed [] []
[2025-02-10T12:35:54.686962+00:00] main.DEBUG: Add of item with id Magento_Reports::report_salesroot_refunded was processed [] []
[2025-02-10T12:35:54.686973+00:00] main.DEBUG: Add of item with id Magento_Reports::report_salesroot_coupons was processed [] []
[2025-02-10T12:35:54.686985+00:00] main.DEBUG: Add of item with id Magento_Reports::report_shopcart_product was processed [] []
[2025-02-10T12:35:54.686996+00:00] main.DEBUG: Add of item with id Magento_Reports::report_shopcart_abandoned was processed [] []
[2025-02-10T12:35:54.687008+00:00] main.DEBUG: Add of item with id Magento_Reports::report_products was processed [] []
[2025-02-10T12:35:54.687019+00:00] main.DEBUG: Add of item with id Magento_Reports::report_products_bestsellers was processed [] []
[2025-02-10T12:35:54.687031+00:00] main.DEBUG: Add of item with id Magento_Reports::report_products_sold was processed [] []
[2025-02-10T12:35:54.687042+00:00] main.DEBUG: Add of item with id Magento_Reports::report_products_viewed was processed [] []
[2025-02-10T12:35:54.687053+00:00] main.DEBUG: Add of item with id Magento_Reports::report_products_lowstock was processed [] []
[2025-02-10T12:35:54.687065+00:00] main.DEBUG: Add of item with id Magento_Reports::report_customers was processed [] []
[2025-02-10T12:35:54.687080+00:00] main.DEBUG: Add of item with id Magento_Reports::report_customers_accounts was processed [] []
[2025-02-10T12:35:54.687093+00:00] main.DEBUG: Add of item with id Magento_Reports::report_customers_totals was processed [] []
[2025-02-10T12:35:54.687106+00:00] main.DEBUG: Add of item with id Magento_Reports::report_customers_orders was processed [] []
[2025-02-10T12:35:54.687121+00:00] main.DEBUG: Add of item with id Magento_Reports::report_statistics was processed [] []
[2025-02-10T12:35:54.687140+00:00] main.DEBUG: Add of item with id Magento_Reports::report_statistics_refresh was processed [] []
[2025-02-10T12:35:54.687157+00:00] main.DEBUG: Add of item with id Magento_Search::report_search_term was processed [] []
[2025-02-10T12:35:54.687170+00:00] main.DEBUG: Add of item with id Magento_LoginAsCustomerLog::login_log was processed [] []
[2025-02-10T12:35:54.687183+00:00] main.DEBUG: Add of item with id Magento_Marketplace::partners was processed [] []
[2025-02-10T12:35:54.687195+00:00] main.DEBUG: Add of item with id Magento_SalesRule::promo_quote was processed [] []
[2025-02-10T12:35:54.687207+00:00] main.DEBUG: Add of item with id Magento_Sitemap::catalog_sitemap was processed [] []
[2025-02-10T12:35:54.687219+00:00] main.DEBUG: Add of item with id Magento_PageBuilder::templates was processed [] []
[2025-02-10T12:35:54.687230+00:00] main.DEBUG: Add of item with id Magento_PaymentServicesDashboard::paymentservicesdashboard was processed [] []
[2025-02-10T12:35:54.687243+00:00] main.DEBUG: Add of item with id Magento_Paypal::report_salesroot_paypal_settlement_reports was processed [] []
[2025-02-10T12:35:54.687254+00:00] main.DEBUG: Add of item with id Magento_Paypal::paypal_billing_agreement was processed [] []
[2025-02-10T12:35:54.687266+00:00] main.DEBUG: Add of item with id Magento_Review::catalog_reviews_ratings_ratings was processed [] []
[2025-02-10T12:35:54.687281+00:00] main.DEBUG: Add of item with id Magento_Review::catalog_reviews_ratings_pending was processed [] []
[2025-02-10T12:35:54.687294+00:00] main.DEBUG: Add of item with id Magento_Review::catalog_reviews_ratings_reviews_all was processed [] []
[2025-02-10T12:35:54.687306+00:00] main.DEBUG: Add of item with id Magento_Review::report_review was processed [] []
[2025-02-10T12:35:54.687322+00:00] main.DEBUG: Add of item with id Magento_Review::report_review_customer was processed [] []
[2025-02-10T12:35:54.687338+00:00] main.DEBUG: Add of item with id Magento_Review::report_review_product was processed [] []
[2025-02-10T12:35:54.687353+00:00] main.DEBUG: Add of item with id Magento_ServicesId::configuration was processed [] []
[2025-02-10T12:35:54.687369+00:00] main.DEBUG: Add of item with id Magento_ServicesId::services_id was processed [] []
[2025-02-10T12:35:54.687382+00:00] main.DEBUG: Add of item with id Magento_CheckoutAgreements::sales_checkoutagreement was processed [] []
[2025-02-10T12:35:54.687395+00:00] main.DEBUG: Add of item with id Magento_TaxImportExport::system_convert_tax was processed [] []
[2025-02-10T12:35:54.687407+00:00] main.DEBUG: Add of item with id Magento_AsynchronousOperations::system_magento_logging was processed [] []
[2025-02-10T12:35:54.687422+00:00] main.DEBUG: Add of item with id Magento_AsynchronousOperations::system_magento_logging_bulk_operations was processed [] []
[2025-02-10T12:35:54.687435+00:00] main.DEBUG: Add of item with id Magento_CurrencySymbol::system_currency was processed [] []
[2025-02-10T12:35:54.687450+00:00] main.DEBUG: Add of item with id Magento_CurrencySymbol::system_currency_rates was processed [] []
[2025-02-10T12:35:54.687463+00:00] main.DEBUG: Add of item with id Magento_CurrencySymbol::system_currency_symbols was processed [] []
[2025-02-10T12:35:54.687475+00:00] main.DEBUG: Add of item with id Magebit_Faq::faq was processed [] []
[2025-02-10T12:35:54.687487+00:00] main.DEBUG: Add of item with id Magebit_GridRender::content_elements was processed [] []
[2025-02-10T12:35:54.687502+00:00] main.DEBUG: Add of item with id Magebit_GridRender::post was processed [] []
[2025-02-10T12:35:54.687515+00:00] main.DEBUG: Add of item with id PayPal_Braintree::settlement_report was processed [] []
[2025-02-10T12:35:54.687527+00:00] main.DEBUG: Add of item with id PayPal_Braintree::virtual_terminal was processed [] []
[2025-02-10T12:35:54.924643+00:00] main.ERROR: Unable to resolve the source file for 'adminhtml/Magento/backend/en_US/underscore-umd.js.map' [] []
[2025-02-10T12:35:54.924822+00:00] main.CRITICAL: Unable to resolve the source file for 'adminhtml/Magento/backend/en_US/underscore-umd.js.map' [] []
[2025-02-10T12:35:58.034634+00:00] main.INFO: Broken reference: the 'notification.messages' tries to reorder itself towards 'user', but their parents are different: 'header.inner.right' and 'header' respectively. [] []
[2025-02-10T12:35:58.281605+00:00] main.ERROR: Unable to resolve the source file for 'adminhtml/Magento/backend/en_US/underscore-umd.js.map' [] []
[2025-02-10T12:35:58.281774+00:00] main.CRITICAL: Unable to resolve the source file for 'adminhtml/Magento/backend/en_US/underscore-umd.js.map' [] []
[2025-02-10T12:36:01.628794+00:00] main.INFO: Broken reference: the 'notification.messages' tries to reorder itself towards 'user', but their parents are different: 'header.inner.right' and 'header' respectively. [] []
[2025-02-10T12:36:02.034333+00:00] main.ERROR: Unable to resolve the source file for 'adminhtml/Magento/backend/en_US/underscore-umd.js.map' [] []
[2025-02-10T12:36:02.034502+00:00] main.CRITICAL: Unable to resolve the source file for 'adminhtml/Magento/backend/en_US/underscore-umd.js.map' [] []
[2025-02-10T12:36:02.314732+00:00] main.ERROR: Unable to resolve the source file for 'adminhtml/Magento/backend/en_US/Magento_PageBuilder/js/stage-builder.js.map' [] []
[2025-02-10T12:36:02.314890+00:00] main.CRITICAL: Unable to resolve the source file for 'adminhtml/Magento/backend/en_US/Magento_PageBuilder/js/stage-builder.js.map' [] []
[2025-02-10T12:36:02.326334+00:00] main.ERROR: Unable to resolve the source file for 'adminhtml/Magento/backend/en_US/Magento_PageBuilder/js/content-type-collection.js.map' [] []
[2025-02-10T12:36:02.326502+00:00] main.CRITICAL: Unable to resolve the source file for 'adminhtml/Magento/backend/en_US/Magento_PageBuilder/js/content-type-collection.js.map' [] []
[2025-02-10T12:36:02.326909+00:00] main.ERROR: Unable to resolve the source file for 'adminhtml/Magento/backend/en_US/Magento_PageBuilder/js/config.js.map' [] []
[2025-02-10T12:36:02.327045+00:00] main.CRITICAL: Unable to resolve the source file for 'adminhtml/Magento/backend/en_US/Magento_PageBuilder/js/config.js.map' [] []
[2025-02-10T12:36:02.331969+00:00] main.ERROR: Unable to resolve the source file for 'adminhtml/Magento/backend/en_US/Magento_PageBuilder/js/content-type-factory.js.map' [] []
[2025-02-10T12:36:02.332135+00:00] main.CRITICAL: Unable to resolve the source file for 'adminhtml/Magento/backend/en_US/Magento_PageBuilder/js/content-type-factory.js.map' [] []
[2025-02-10T12:36:02.341990+00:00] main.ERROR: Unable to resolve the source file for 'adminhtml/Magento/backend/en_US/Magento_PageBuilder/js/content-type/appearance-config.js.map' [] []
[2025-02-10T12:36:02.341989+00:00] main.ERROR: Unable to resolve the source file for 'adminhtml/Magento/backend/en_US/Magento_PageBuilder/js/content-type/style-registry.js.map' [] []
[2025-02-10T12:36:02.342172+00:00] main.CRITICAL: Unable to resolve the source file for 'adminhtml/Magento/backend/en_US/Magento_PageBuilder/js/content-type/style-registry.js.map' [] []
[2025-02-10T12:36:02.342172+00:00] main.CRITICAL: Unable to resolve the source file for 'adminhtml/Magento/backend/en_US/Magento_PageBuilder/js/content-type/appearance-config.js.map' [] []
[2025-02-10T12:36:02.347408+00:00] main.ERROR: Unable to resolve the source file for 'adminhtml/Magento/backend/en_US/Magento_PageBuilder/js/master-format/validator.js.map' [] []
[2025-02-10T12:36:02.347606+00:00] main.CRITICAL: Unable to resolve the source file for 'adminhtml/Magento/backend/en_US/Magento_PageBuilder/js/master-format/validator.js.map' [] []
[2025-02-10T12:36:02.356974+00:00] main.ERROR: Unable to resolve the source file for 'adminhtml/Magento/backend/en_US/Magento_PageBuilder/js/utils/loader.js.map' [] []
[2025-02-10T12:36:02.357095+00:00] main.CRITICAL: Unable to resolve the source file for 'adminhtml/Magento/backend/en_US/Magento_PageBuilder/js/utils/loader.js.map' [] []
[2025-02-10T12:36:02.357326+00:00] main.ERROR: Unable to resolve the source file for 'adminhtml/Magento/backend/en_US/Magento_PageBuilder/js/utils/object.js.map' [] []
[2025-02-10T12:36:02.357437+00:00] main.CRITICAL: Unable to resolve the source file for 'adminhtml/Magento/backend/en_US/Magento_PageBuilder/js/utils/object.js.map' [] []
[2025-02-10T12:36:02.362726+00:00] main.ERROR: Unable to resolve the source file for 'adminhtml/Magento/backend/en_US/Magento_PageBuilder/js/utils/directives.js.map' [] []
[2025-02-10T12:36:02.362893+00:00] main.CRITICAL: Unable to resolve the source file for 'adminhtml/Magento/backend/en_US/Magento_PageBuilder/js/utils/directives.js.map' [] []
[2025-02-10T12:36:02.371295+00:00] main.ERROR: Unable to resolve the source file for 'adminhtml/Magento/backend/en_US/Magento_PageBuilder/js/content-type.js.map' [] []
[2025-02-10T12:36:02.371469+00:00] main.CRITICAL: Unable to resolve the source file for 'adminhtml/Magento/backend/en_US/Magento_PageBuilder/js/content-type.js.map' [] []
[2025-02-10T12:36:02.372898+00:00] main.ERROR: Unable to resolve the source file for 'adminhtml/Magento/backend/en_US/Magento_PageBuilder/js/collection.js.map' [] []
[2025-02-10T12:36:02.373077+00:00] main.CRITICAL: Unable to resolve the source file for 'adminhtml/Magento/backend/en_US/Magento_PageBuilder/js/collection.js.map' [] []
[2025-02-10T12:36:02.378609+00:00] main.ERROR: Unable to resolve the source file for 'adminhtml/Magento/backend/en_US/Magento_PageBuilder/js/content-type/master-factory.js.map' [] []
[2025-02-10T12:36:02.378790+00:00] main.CRITICAL: Unable to resolve the source file for 'adminhtml/Magento/backend/en_US/Magento_PageBuilder/js/content-type/master-factory.js.map' [] []
[2025-02-10T12:36:02.387823+00:00] main.ERROR: Unable to resolve the source file for 'adminhtml/Magento/backend/en_US/Magento_PageBuilder/js/content-type/preview-factory.js.map' [] []
[2025-02-10T12:36:02.388000+00:00] main.CRITICAL: Unable to resolve the source file for 'adminhtml/Magento/backend/en_US/Magento_PageBuilder/js/content-type/preview-factory.js.map' [] []
[2025-02-10T12:36:02.388116+00:00] main.ERROR: Unable to resolve the source file for 'adminhtml/Magento/backend/en_US/Magento_PageBuilder/js/utils/string.js.map' [] []
[2025-02-10T12:36:02.388263+00:00] main.CRITICAL: Unable to resolve the source file for 'adminhtml/Magento/backend/en_US/Magento_PageBuilder/js/utils/string.js.map' [] []
[2025-02-10T12:36:02.399329+00:00] main.ERROR: Unable to resolve the source file for 'adminhtml/Magento/backend/en_US/Magento_PageBuilder/js/data-store.js.map' [] []
[2025-02-10T12:36:02.399467+00:00] main.CRITICAL: Unable to resolve the source file for 'adminhtml/Magento/backend/en_US/Magento_PageBuilder/js/data-store.js.map' [] []
[2025-02-10T12:36:02.399477+00:00] main.ERROR: Unable to resolve the source file for 'adminhtml/Magento/backend/en_US/Magento_PageBuilder/js/utils/array.js.map' [] []
[2025-02-10T12:36:02.399445+00:00] main.ERROR: Unable to resolve the source file for 'adminhtml/Magento/backend/en_US/Magento_PageBuilder/js/content-type/converter-resolver.js.map' [] []
[2025-02-10T12:36:02.399567+00:00] main.CRITICAL: Unable to resolve the source file for 'adminhtml/Magento/backend/en_US/Magento_PageBuilder/js/utils/array.js.map' [] []
[2025-02-10T12:36:02.399599+00:00] main.CRITICAL: Unable to resolve the source file for 'adminhtml/Magento/backend/en_US/Magento_PageBuilder/js/content-type/converter-resolver.js.map' [] []
[2025-02-10T12:36:02.412965+00:00] main.ERROR: Unable to resolve the source file for 'adminhtml/Magento/backend/en_US/Magento_PageBuilder/js/content-type/observable-updater-factory.js.map' [] []
[2025-02-10T12:36:02.413121+00:00] main.CRITICAL: Unable to resolve the source file for 'adminhtml/Magento/backend/en_US/Magento_PageBuilder/js/content-type/observable-updater-factory.js.map' [] []
[2025-02-10T12:36:02.413076+00:00] main.ERROR: Unable to resolve the source file for 'adminhtml/Magento/backend/en_US/Magento_PageBuilder/js/converter/converter-pool-factory.js.map' [] []
[2025-02-10T12:36:02.413076+00:00] main.ERROR: Unable to resolve the source file for 'adminhtml/Magento/backend/en_US/Magento_PageBuilder/js/content-type/preview-converter-resolver.js.map' [] []
[2025-02-10T12:36:02.413212+00:00] main.CRITICAL: Unable to resolve the source file for 'adminhtml/Magento/backend/en_US/Magento_PageBuilder/js/content-type/preview-converter-resolver.js.map' [] []
[2025-02-10T12:36:02.413206+00:00] main.CRITICAL: Unable to resolve the source file for 'adminhtml/Magento/backend/en_US/Magento_PageBuilder/js/converter/converter-pool-factory.js.map' [] []
[2025-02-10T12:36:02.427164+00:00] main.ERROR: Unable to resolve the source file for 'adminhtml/Magento/backend/en_US/Magento_PageBuilder/js/mass-converter/converter-pool-factory.js.map' [] []
[2025-02-10T12:36:02.427324+00:00] main.CRITICAL: Unable to resolve the source file for 'adminhtml/Magento/backend/en_US/Magento_PageBuilder/js/mass-converter/converter-pool-factory.js.map' [] []
[2025-02-10T12:36:02.434631+00:00] main.ERROR: Unable to resolve the source file for 'adminhtml/Magento/backend/en_US/Magento_PageBuilder/js/mass-converter/converter-pool.js.map' [] []
[2025-02-10T12:36:02.434630+00:00] main.ERROR: Unable to resolve the source file for 'adminhtml/Magento/backend/en_US/Magento_PageBuilder/js/content-type/observable-updater.js.map' [] []
[2025-02-10T12:36:02.434785+00:00] main.CRITICAL: Unable to resolve the source file for 'adminhtml/Magento/backend/en_US/Magento_PageBuilder/js/content-type/observable-updater.js.map' [] []
[2025-02-10T12:36:02.434785+00:00] main.CRITICAL: Unable to resolve the source file for 'adminhtml/Magento/backend/en_US/Magento_PageBuilder/js/mass-converter/converter-pool.js.map' [] []
[2025-02-10T12:36:02.443328+00:00] main.ERROR: Unable to resolve the source file for 'adminhtml/Magento/backend/en_US/Magento_PageBuilder/js/converter/converter-pool.js.map' [] []
[2025-02-10T12:36:02.443520+00:00] main.CRITICAL: Unable to resolve the source file for 'adminhtml/Magento/backend/en_US/Magento_PageBuilder/js/converter/converter-pool.js.map' [] []
[2025-02-10T12:36:02.449571+00:00] main.ERROR: Unable to resolve the source file for 'adminhtml/Magento/backend/en_US/Magento_PageBuilder/js/content-type/observable-updater/css.js.map' [] []
[2025-02-10T12:36:02.449744+00:00] main.CRITICAL: Unable to resolve the source file for 'adminhtml/Magento/backend/en_US/Magento_PageBuilder/js/content-type/observable-updater/css.js.map' [] []
[2025-02-10T12:36:02.450213+00:00] main.ERROR: Unable to resolve the source file for 'adminhtml/Magento/backend/en_US/Magento_PageBuilder/js/content-type/observable-updater/attributes.js.map' [] []
[2025-02-10T12:36:02.450339+00:00] main.CRITICAL: Unable to resolve the source file for 'adminhtml/Magento/backend/en_US/Magento_PageBuilder/js/content-type/observable-updater/attributes.js.map' [] []
[2025-02-10T12:36:02.457856+00:00] main.ERROR: Unable to resolve the source file for 'adminhtml/Magento/backend/en_US/Magento_PageBuilder/js/content-type/observable-updater/html.js.map' [] []
[2025-02-10T12:36:02.458020+00:00] main.CRITICAL: Unable to resolve the source file for 'adminhtml/Magento/backend/en_US/Magento_PageBuilder/js/content-type/observable-updater/html.js.map' [] []
[2025-02-10T12:36:02.463720+00:00] main.ERROR: Unable to resolve the source file for 'adminhtml/Magento/backend/en_US/Magento_PageBuilder/js/content-type/observable-updater/style.js.map' [] []
[2025-02-10T12:36:02.463901+00:00] main.CRITICAL: Unable to resolve the source file for 'adminhtml/Magento/backend/en_US/Magento_PageBuilder/js/content-type/observable-updater/style.js.map' [] []
[2025-02-10T12:36:02.481641+00:00] main.ERROR: Unable to resolve the source file for 'adminhtml/Magento/backend/en_US/Magento_PageBuilder/js/utils/editor.js.map' [] []
[2025-02-10T12:36:02.481758+00:00] main.CRITICAL: Unable to resolve the source file for 'adminhtml/Magento/backend/en_US/Magento_PageBuilder/js/utils/editor.js.map' [] []
[2025-02-10T12:36:56.499394+00:00] main.INFO: Broken reference: the 'notification.messages' tries to reorder itself towards 'user', but their parents are different: 'header.inner.right' and 'header' respectively. [] []
[2025-02-10T12:36:56.750755+00:00] main.ERROR: Unable to resolve the source file for 'adminhtml/Magento/backend/en_US/underscore-umd.js.map' [] []
[2025-02-10T12:36:56.750900+00:00] main.CRITICAL: Unable to resolve the source file for 'adminhtml/Magento/backend/en_US/underscore-umd.js.map' [] []
[2025-02-10T12:36:57.082017+00:00] main.ERROR: Unable to resolve the source file for 'adminhtml/Magento/backend/en_US/Magento_PageBuilder/js/stage-builder.js.map' [] []
[2025-02-10T12:36:57.082233+00:00] main.CRITICAL: Unable to resolve the source file for 'adminhtml/Magento/backend/en_US/Magento_PageBuilder/js/stage-builder.js.map' [] []
[2025-02-10T12:36:57.094901+00:00] main.ERROR: Unable to resolve the source file for 'adminhtml/Magento/backend/en_US/Magento_PageBuilder/js/content-type-collection.js.map' [] []
[2025-02-10T12:36:57.095043+00:00] main.CRITICAL: Unable to resolve the source file for 'adminhtml/Magento/backend/en_US/Magento_PageBuilder/js/content-type-collection.js.map' [] []
[2025-02-10T12:36:57.096078+00:00] main.ERROR: Unable to resolve the source file for 'adminhtml/Magento/backend/en_US/Magento_PageBuilder/js/content-type/appearance-config.js.map' [] []
[2025-02-10T12:36:57.096219+00:00] main.CRITICAL: Unable to resolve the source file for 'adminhtml/Magento/backend/en_US/Magento_PageBuilder/js/content-type/appearance-config.js.map' [] []
[2025-02-10T12:36:57.096327+00:00] main.ERROR: Unable to resolve the source file for 'adminhtml/Magento/backend/en_US/Magento_PageBuilder/js/config.js.map' [] []
[2025-02-10T12:36:57.096436+00:00] main.CRITICAL: Unable to resolve the source file for 'adminhtml/Magento/backend/en_US/Magento_PageBuilder/js/config.js.map' [] []
[2025-02-10T12:36:57.107470+00:00] main.ERROR: Unable to resolve the source file for 'adminhtml/Magento/backend/en_US/Magento_PageBuilder/js/content-type-factory.js.map' [] []
[2025-02-10T12:36:57.107676+00:00] main.CRITICAL: Unable to resolve the source file for 'adminhtml/Magento/backend/en_US/Magento_PageBuilder/js/content-type-factory.js.map' [] []
[2025-02-10T12:36:57.108920+00:00] main.ERROR: Unable to resolve the source file for 'adminhtml/Magento/backend/en_US/Magento_PageBuilder/js/content-type/style-registry.js.map' [] []
[2025-02-10T12:36:57.109070+00:00] main.CRITICAL: Unable to resolve the source file for 'adminhtml/Magento/backend/en_US/Magento_PageBuilder/js/content-type/style-registry.js.map' [] []
[2025-02-10T12:36:57.109415+00:00] main.ERROR: Unable to resolve the source file for 'adminhtml/Magento/backend/en_US/Magento_PageBuilder/js/master-format/validator.js.map' [] []
[2025-02-10T12:36:57.109521+00:00] main.CRITICAL: Unable to resolve the source file for 'adminhtml/Magento/backend/en_US/Magento_PageBuilder/js/master-format/validator.js.map' [] []
[2025-02-10T12:36:57.119315+00:00] main.ERROR: Unable to resolve the source file for 'adminhtml/Magento/backend/en_US/Magento_PageBuilder/js/utils/loader.js.map' [] []
[2025-02-10T12:36:57.119354+00:00] main.ERROR: Unable to resolve the source file for 'adminhtml/Magento/backend/en_US/Magento_PageBuilder/js/utils/directives.js.map' [] []
[2025-02-10T12:36:57.119477+00:00] main.CRITICAL: Unable to resolve the source file for 'adminhtml/Magento/backend/en_US/Magento_PageBuilder/js/utils/directives.js.map' [] []
[2025-02-10T12:36:57.119479+00:00] main.CRITICAL: Unable to resolve the source file for 'adminhtml/Magento/backend/en_US/Magento_PageBuilder/js/utils/loader.js.map' [] []
[2025-02-10T12:36:57.120101+00:00] main.ERROR: Unable to resolve the source file for 'adminhtml/Magento/backend/en_US/Magento_PageBuilder/js/utils/object.js.map' [] []
[2025-02-10T12:36:57.120512+00:00] main.CRITICAL: Unable to resolve the source file for 'adminhtml/Magento/backend/en_US/Magento_PageBuilder/js/utils/object.js.map' [] []
[2025-02-10T12:36:57.131649+00:00] main.ERROR: Unable to resolve the source file for 'adminhtml/Magento/backend/en_US/Magento_PageBuilder/js/collection.js.map' [] []
[2025-02-10T12:36:57.131804+00:00] main.CRITICAL: Unable to resolve the source file for 'adminhtml/Magento/backend/en_US/Magento_PageBuilder/js/collection.js.map' [] []
[2025-02-10T12:36:57.134628+00:00] main.ERROR: Unable to resolve the source file for 'adminhtml/Magento/backend/en_US/Magento_PageBuilder/js/content-type.js.map' [] []
[2025-02-10T12:36:57.134783+00:00] main.CRITICAL: Unable to resolve the source file for 'adminhtml/Magento/backend/en_US/Magento_PageBuilder/js/content-type.js.map' [] []
[2025-02-10T12:36:57.151973+00:00] main.ERROR: Unable to resolve the source file for 'adminhtml/Magento/backend/en_US/Magento_PageBuilder/js/content-type/preview-factory.js.map' [] []
[2025-02-10T12:36:57.152080+00:00] main.CRITICAL: Unable to resolve the source file for 'adminhtml/Magento/backend/en_US/Magento_PageBuilder/js/content-type/preview-factory.js.map' [] []
[2025-02-10T12:36:57.152542+00:00] main.ERROR: Unable to resolve the source file for 'adminhtml/Magento/backend/en_US/Magento_PageBuilder/js/content-type/master-factory.js.map' [] []
[2025-02-10T12:36:57.152678+00:00] main.CRITICAL: Unable to resolve the source file for 'adminhtml/Magento/backend/en_US/Magento_PageBuilder/js/content-type/master-factory.js.map' [] []
[2025-02-10T12:36:57.156892+00:00] main.ERROR: Unable to resolve the source file for 'adminhtml/Magento/backend/en_US/Magento_PageBuilder/js/utils/string.js.map' [] []
[2025-02-10T12:36:57.157058+00:00] main.CRITICAL: Unable to resolve the source file for 'adminhtml/Magento/backend/en_US/Magento_PageBuilder/js/utils/string.js.map' [] []
[2025-02-10T12:36:57.165873+00:00] main.ERROR: Unable to resolve the source file for 'adminhtml/Magento/backend/en_US/Magento_PageBuilder/js/data-store.js.map' [] []
[2025-02-10T12:36:57.165873+00:00] main.ERROR: Unable to resolve the source file for 'adminhtml/Magento/backend/en_US/Magento_PageBuilder/js/utils/array.js.map' [] []
[2025-02-10T12:36:57.166017+00:00] main.CRITICAL: Unable to resolve the source file for 'adminhtml/Magento/backend/en_US/Magento_PageBuilder/js/data-store.js.map' [] []
[2025-02-10T12:36:57.166017+00:00] main.CRITICAL: Unable to resolve the source file for 'adminhtml/Magento/backend/en_US/Magento_PageBuilder/js/utils/array.js.map' [] []
[2025-02-10T12:36:57.190101+00:00] main.ERROR: Unable to resolve the source file for 'adminhtml/Magento/backend/en_US/Magento_PageBuilder/js/content-type/observable-updater-factory.js.map' [] []
[2025-02-10T12:36:57.190231+00:00] main.CRITICAL: Unable to resolve the source file for 'adminhtml/Magento/backend/en_US/Magento_PageBuilder/js/content-type/observable-updater-factory.js.map' [] []
[2025-02-10T12:36:57.190161+00:00] main.ERROR: Unable to resolve the source file for 'adminhtml/Magento/backend/en_US/Magento_PageBuilder/js/content-type/converter-resolver.js.map' [] []
[2025-02-10T12:36:57.190280+00:00] main.CRITICAL: Unable to resolve the source file for 'adminhtml/Magento/backend/en_US/Magento_PageBuilder/js/content-type/converter-resolver.js.map' [] []
[2025-02-10T12:36:57.193707+00:00] main.ERROR: Unable to resolve the source file for 'adminhtml/Magento/backend/en_US/Magento_PageBuilder/js/content-type/preview-converter-resolver.js.map' [] []
[2025-02-10T12:36:57.193827+00:00] main.CRITICAL: Unable to resolve the source file for 'adminhtml/Magento/backend/en_US/Magento_PageBuilder/js/content-type/preview-converter-resolver.js.map' [] []
[2025-02-10T12:36:57.213946+00:00] main.ERROR: Unable to resolve the source file for 'adminhtml/Magento/backend/en_US/Magento_PageBuilder/js/mass-converter/converter-pool-factory.js.map' [] []
[2025-02-10T12:36:57.214098+00:00] main.CRITICAL: Unable to resolve the source file for 'adminhtml/Magento/backend/en_US/Magento_PageBuilder/js/mass-converter/converter-pool-factory.js.map' [] []
[2025-02-10T12:36:57.214222+00:00] main.ERROR: Unable to resolve the source file for 'adminhtml/Magento/backend/en_US/Magento_PageBuilder/js/converter/converter-pool-factory.js.map' [] []
[2025-02-10T12:36:57.214340+00:00] main.CRITICAL: Unable to resolve the source file for 'adminhtml/Magento/backend/en_US/Magento_PageBuilder/js/converter/converter-pool-factory.js.map' [] []
[2025-02-10T12:36:57.220270+00:00] main.ERROR: Unable to resolve the source file for 'adminhtml/Magento/backend/en_US/Magento_PageBuilder/js/content-type/observable-updater.js.map' [] []
[2025-02-10T12:36:57.220378+00:00] main.CRITICAL: Unable to resolve the source file for 'adminhtml/Magento/backend/en_US/Magento_PageBuilder/js/content-type/observable-updater.js.map' [] []
[2025-02-10T12:36:57.255204+00:00] main.ERROR: Unable to resolve the source file for 'adminhtml/Magento/backend/en_US/Magento_PageBuilder/js/content-type/observable-updater/attributes.js.map' [] []
[2025-02-10T12:36:57.255359+00:00] main.CRITICAL: Unable to resolve the source file for 'adminhtml/Magento/backend/en_US/Magento_PageBuilder/js/content-type/observable-updater/attributes.js.map' [] []
[2025-02-10T12:36:57.255476+00:00] main.ERROR: Unable to resolve the source file for 'adminhtml/Magento/backend/en_US/Magento_PageBuilder/js/converter/converter-pool.js.map' [] []
[2025-02-10T12:36:57.255476+00:00] main.ERROR: Unable to resolve the source file for 'adminhtml/Magento/backend/en_US/Magento_PageBuilder/js/mass-converter/converter-pool.js.map' [] []
[2025-02-10T12:36:57.255595+00:00] main.CRITICAL: Unable to resolve the source file for 'adminhtml/Magento/backend/en_US/Magento_PageBuilder/js/mass-converter/converter-pool.js.map' [] []
[2025-02-10T12:36:57.255595+00:00] main.CRITICAL: Unable to resolve the source file for 'adminhtml/Magento/backend/en_US/Magento_PageBuilder/js/converter/converter-pool.js.map' [] []
[2025-02-10T12:36:57.268668+00:00] main.ERROR: Unable to resolve the source file for 'adminhtml/Magento/backend/en_US/Magento_PageBuilder/js/content-type/observable-updater/html.js.map' [] []
[2025-02-10T12:36:57.268826+00:00] main.CRITICAL: Unable to resolve the source file for 'adminhtml/Magento/backend/en_US/Magento_PageBuilder/js/content-type/observable-updater/html.js.map' [] []
[2025-02-10T12:36:57.268830+00:00] main.ERROR: Unable to resolve the source file for 'adminhtml/Magento/backend/en_US/Magento_PageBuilder/js/content-type/observable-updater/style.js.map' [] []
[2025-02-10T12:36:57.268955+00:00] main.CRITICAL: Unable to resolve the source file for 'adminhtml/Magento/backend/en_US/Magento_PageBuilder/js/content-type/observable-updater/style.js.map' [] []
[2025-02-10T12:36:57.269531+00:00] main.ERROR: Unable to resolve the source file for 'adminhtml/Magento/backend/en_US/Magento_PageBuilder/js/content-type/observable-updater/css.js.map' [] []
[2025-02-10T12:36:57.269650+00:00] main.CRITICAL: Unable to resolve the source file for 'adminhtml/Magento/backend/en_US/Magento_PageBuilder/js/content-type/observable-updater/css.js.map' [] []
[2025-02-10T12:36:57.282202+00:00] main.ERROR: Unable to resolve the source file for 'adminhtml/Magento/backend/en_US/Magento_PageBuilder/js/utils/editor.js.map' [] []
[2025-02-10T12:36:57.282308+00:00] main.CRITICAL: Unable to resolve the source file for 'adminhtml/Magento/backend/en_US/Magento_PageBuilder/js/utils/editor.js.map' [] []
[2025-02-10T12:37:34.421184+00:00] main.DEBUG: cache_invalidate:  {"method":"GET","url":"http:/","invalidateInfo":{"tags":["FPC"],"mode":"matchingTag"}} []
[2025-02-10T12:37:41.026968+00:00] main.INFO: Broken reference: the 'notification.messages' tries to reorder itself towards 'user', but their parents are different: 'header.inner.right' and 'header' respectively. [] []
[2025-02-10T12:37:41.048158+00:00] main.DEBUG: Item Magento_Backend::system_currency was removed [] []
[2025-02-10T12:37:41.049306+00:00] main.DEBUG: Add of item with id Magento_Config::system_config was processed [] []
[2025-02-10T12:37:41.049340+00:00] main.DEBUG: Add of item with id Magento_AdminNotification::system_adminnotification was processed [] []
[2025-02-10T12:37:41.049359+00:00] main.DEBUG: Add of item with id Magento_Theme::design_config was processed [] []
[2025-02-10T12:37:41.049373+00:00] main.DEBUG: Add of item with id Magento_Theme::system_design_theme was processed [] []
[2025-02-10T12:37:41.049385+00:00] main.DEBUG: Add of item with id Magento_Backend::system_design_schedule was processed [] []
[2025-02-10T12:37:41.049404+00:00] main.DEBUG: Add of item with id Magento_Backend::system_store was processed [] []
[2025-02-10T12:37:41.049416+00:00] main.DEBUG: Add of item with id Magento_Backend::dashboard was processed [] []
[2025-02-10T12:37:41.049427+00:00] main.DEBUG: Add of item with id Magento_Backend::system was processed [] []
[2025-02-10T12:37:41.049442+00:00] main.DEBUG: Add of item with id Magento_Backend::system_tools was processed [] []
[2025-02-10T12:37:41.049457+00:00] main.DEBUG: Add of item with id Magento_Backend::system_design was processed [] []
[2025-02-10T12:37:41.049469+00:00] main.DEBUG: Add of item with id Magento_Backend::system_convert was processed [] []
[2025-02-10T12:37:41.049483+00:00] main.DEBUG: Add of item with id Magento_Backend::system_cache was processed [] []
[2025-02-10T12:37:41.049495+00:00] main.DEBUG: Add of item with id Magento_Backend::marketing was processed [] []
[2025-02-10T12:37:41.049509+00:00] main.DEBUG: Add of item with id Magento_Backend::marketing_communications was processed [] []
[2025-02-10T12:37:41.049521+00:00] main.DEBUG: Add of item with id Magento_Backend::marketing_seo was processed [] []
[2025-02-10T12:37:41.049532+00:00] main.DEBUG: Add of item with id Magento_Backend::marketing_user_content was processed [] []
[2025-02-10T12:37:41.049543+00:00] main.DEBUG: Add of item with id Magento_Backend::content was processed [] []
[2025-02-10T12:37:41.049554+00:00] main.DEBUG: Add of item with id Magento_Backend::content_elements was processed [] []
[2025-02-10T12:37:41.049565+00:00] main.DEBUG: Add of item with id Magento_Backend::stores was processed [] []
[2025-02-10T12:37:41.049578+00:00] main.DEBUG: Add of item with id Magento_Backend::stores_settings was processed [] []
[2025-02-10T12:37:41.049596+00:00] main.DEBUG: Add of item with id Magento_Backend::stores_attributes was processed [] []
[2025-02-10T12:37:41.049608+00:00] main.DEBUG: Add of item with id Magento_Backend::other_settings was processed [] []
[2025-02-10T12:37:41.049619+00:00] main.DEBUG: Add of item with id Magento_Backend::system_other_settings was processed [] []
[2025-02-10T12:37:41.049630+00:00] main.DEBUG: Add of item with id Magento_User::system_acl was processed [] []
[2025-02-10T12:37:41.049644+00:00] main.DEBUG: Add of item with id Magento_User::system_acl_users was processed [] []
[2025-02-10T12:37:41.049657+00:00] main.DEBUG: Add of item with id Magento_User::system_acl_roles was processed [] []
[2025-02-10T12:37:41.049668+00:00] main.DEBUG: Add of item with id Magento_User::system_acl_locks was processed [] []
[2025-02-10T12:37:41.049679+00:00] main.DEBUG: Add of item with id Magento_Customer::customer was processed [] []
[2025-02-10T12:37:41.049692+00:00] main.DEBUG: Add of item with id Magento_Customer::customer_manage was processed [] []
[2025-02-10T12:37:41.049704+00:00] main.DEBUG: Add of item with id Magento_Customer::customer_online was processed [] []
[2025-02-10T12:37:41.049715+00:00] main.DEBUG: Add of item with id Magento_Customer::customer_group was processed [] []
[2025-02-10T12:37:41.049726+00:00] main.DEBUG: Add of item with id Magento_Backup::system_tools_backup was processed [] []
[2025-02-10T12:37:41.049737+00:00] main.DEBUG: Add of item with id Magento_Indexer::system_index was processed [] []
[2025-02-10T12:37:41.049748+00:00] main.DEBUG: Add of item with id Magento_Variable::system_variable was processed [] []
[2025-02-10T12:37:41.049762+00:00] main.DEBUG: Add of item with id Magento_Cms::cms_page was processed [] []
[2025-02-10T12:37:41.049774+00:00] main.DEBUG: Add of item with id Magento_Cms::cms_block was processed [] []
[2025-02-10T12:37:41.049786+00:00] main.DEBUG: Add of item with id Magento_Catalog::catalog was processed [] []
[2025-02-10T12:37:41.049800+00:00] main.DEBUG: Add of item with id Magento_Catalog::catalog_products was processed [] []
[2025-02-10T12:37:41.049812+00:00] main.DEBUG: Add of item with id Magento_Catalog::catalog_categories was processed [] []
[2025-02-10T12:37:41.049826+00:00] main.DEBUG: Add of item with id Magento_Catalog::catalog_attributes_attributes was processed [] []
[2025-02-10T12:37:41.049840+00:00] main.DEBUG: Add of item with id Magento_Catalog::catalog_attributes_sets was processed [] []
[2025-02-10T12:37:41.049854+00:00] main.DEBUG: Add of item with id Magento_Catalog::inventory was processed [] []
[2025-02-10T12:37:41.049866+00:00] main.DEBUG: Add of item with id Magento_Integration::system_extensions was processed [] []
[2025-02-10T12:37:41.049880+00:00] main.DEBUG: Add of item with id Magento_Integration::system_integrations was processed [] []
[2025-02-10T12:37:41.049894+00:00] main.DEBUG: Add of item with id Magento_Search::search_terms was processed [] []
[2025-02-10T12:37:41.049906+00:00] main.DEBUG: Add of item with id Magento_Search::search_synonyms was processed [] []
[2025-02-10T12:37:41.049917+00:00] main.DEBUG: Add of item with id Magento_CatalogRule::promo was processed [] []
[2025-02-10T12:37:41.049931+00:00] main.DEBUG: Add of item with id Magento_CatalogRule::promo_catalog was processed [] []
[2025-02-10T12:37:41.049943+00:00] main.DEBUG: Add of item with id Magento_Sales::sales was processed [] []
[2025-02-10T12:37:41.049958+00:00] main.DEBUG: Add of item with id Magento_Sales::sales_operation was processed [] []
[2025-02-10T12:37:41.049972+00:00] main.DEBUG: Add of item with id Magento_Sales::sales_order was processed [] []
[2025-02-10T12:37:41.049983+00:00] main.DEBUG: Add of item with id Magento_Sales::sales_invoice was processed [] []
[2025-02-10T12:37:41.049993+00:00] main.DEBUG: Add of item with id Magento_Sales::sales_shipment was processed [] []
[2025-02-10T12:37:41.050004+00:00] main.DEBUG: Add of item with id Magento_Sales::sales_creditmemo was processed [] []
[2025-02-10T12:37:41.050014+00:00] main.DEBUG: Add of item with id Magento_Sales::sales_transactions was processed [] []
[2025-02-10T12:37:41.050024+00:00] main.DEBUG: Add of item with id Magento_Sales::system_order_statuses was processed [] []
[2025-02-10T12:37:41.050035+00:00] main.DEBUG: Add of item with id Magento_MediaGalleryUi::media was processed [] []
[2025-02-10T12:37:41.050047+00:00] main.DEBUG: Add of item with id Magento_MediaGalleryUi::media_gallery was processed [] []
[2025-02-10T12:37:41.050062+00:00] main.DEBUG: Add of item with id Magento_Downloadable::report_products_downloads was processed [] []
[2025-02-10T12:37:41.050074+00:00] main.DEBUG: Add of item with id Magento_UrlRewrite::urlrewrite was processed [] []
[2025-02-10T12:37:41.050084+00:00] main.DEBUG: Add of item with id Magento_Tax::sales_tax was processed [] []
[2025-02-10T12:37:41.050098+00:00] main.DEBUG: Add of item with id Magento_Tax::sales_tax_rules was processed [] []
[2025-02-10T12:37:41.050109+00:00] main.DEBUG: Add of item with id Magento_Tax::sales_tax_rates was processed [] []
[2025-02-10T12:37:41.050120+00:00] main.DEBUG: Add of item with id Magento_Widget::cms_widget_instance was processed [] []
[2025-02-10T12:37:41.050133+00:00] main.DEBUG: Add of item with id Magento_Analytics::business_intelligence was processed [] []
[2025-02-10T12:37:41.050147+00:00] main.DEBUG: Add of item with id Magento_Analytics::advanced_reporting was processed [] []
[2025-02-10T12:37:41.050158+00:00] main.DEBUG: Add of item with id Magento_Analytics::bi_essentials was processed [] []
[2025-02-10T12:37:41.050171+00:00] main.DEBUG: Add of item with id Magento_Newsletter::newsletter_template was processed [] []
[2025-02-10T12:37:41.050182+00:00] main.DEBUG: Add of item with id Magento_Newsletter::newsletter_queue was processed [] []
[2025-02-10T12:37:41.050193+00:00] main.DEBUG: Add of item with id Magento_Newsletter::newsletter_subscriber was processed [] []
[2025-02-10T12:37:41.050206+00:00] main.DEBUG: Add of item with id Magento_Newsletter::newsletter_problem was processed [] []
[2025-02-10T12:37:41.050220+00:00] main.DEBUG: Add of item with id Magento_ImportExport::system_convert_import was processed [] []
[2025-02-10T12:37:41.050234+00:00] main.DEBUG: Add of item with id Magento_ImportExport::system_convert_export was processed [] []
[2025-02-10T12:37:41.050249+00:00] main.DEBUG: Add of item with id Magento_ImportExport::system_convert_history was processed [] []
[2025-02-10T12:37:41.050260+00:00] main.DEBUG: Add of item with id Magento_Email::template was processed [] []
[2025-02-10T12:37:41.050271+00:00] main.DEBUG: Add of item with id Magento_EncryptionKey::system_crypt_key was processed [] []
[2025-02-10T12:37:41.050281+00:00] main.DEBUG: Add of item with id Magento_InventoryAdminUi::inventory was processed [] []
[2025-02-10T12:37:41.050295+00:00] main.DEBUG: Add of item with id Magento_InventoryAdminUi::source was processed [] []
[2025-02-10T12:37:41.050307+00:00] main.DEBUG: Add of item with id Magento_InventoryAdminUi::stock was processed [] []
[2025-02-10T12:37:41.050317+00:00] main.DEBUG: Add of item with id Magento_Reports::report was processed [] []
[2025-02-10T12:37:41.050328+00:00] main.DEBUG: Add of item with id Magento_Reports::report_marketing was processed [] []
[2025-02-10T12:37:41.050338+00:00] main.DEBUG: Add of item with id Magento_Reports::report_salesroot was processed [] []
[2025-02-10T12:37:41.050352+00:00] main.DEBUG: Add of item with id Magento_Reports::report_salesroot_sales was processed [] []
[2025-02-10T12:37:41.050363+00:00] main.DEBUG: Add of item with id Magento_Reports::report_salesroot_tax was processed [] []
[2025-02-10T12:37:41.050374+00:00] main.DEBUG: Add of item with id Magento_Reports::report_salesroot_invoiced was processed [] []
[2025-02-10T12:37:41.050384+00:00] main.DEBUG: Add of item with id Magento_Reports::report_salesroot_shipping was processed [] []
[2025-02-10T12:37:41.050394+00:00] main.DEBUG: Add of item with id Magento_Reports::report_salesroot_refunded was processed [] []
[2025-02-10T12:37:41.050405+00:00] main.DEBUG: Add of item with id Magento_Reports::report_salesroot_coupons was processed [] []
[2025-02-10T12:37:41.050415+00:00] main.DEBUG: Add of item with id Magento_Reports::report_shopcart_product was processed [] []
[2025-02-10T12:37:41.050424+00:00] main.DEBUG: Add of item with id Magento_Reports::report_shopcart_abandoned was processed [] []
[2025-02-10T12:37:41.050434+00:00] main.DEBUG: Add of item with id Magento_Reports::report_products was processed [] []
[2025-02-10T12:37:41.050444+00:00] main.DEBUG: Add of item with id Magento_Reports::report_products_bestsellers was processed [] []
[2025-02-10T12:37:41.050454+00:00] main.DEBUG: Add of item with id Magento_Reports::report_products_sold was processed [] []
[2025-02-10T12:37:41.050464+00:00] main.DEBUG: Add of item with id Magento_Reports::report_products_viewed was processed [] []
[2025-02-10T12:37:41.050474+00:00] main.DEBUG: Add of item with id Magento_Reports::report_products_lowstock was processed [] []
[2025-02-10T12:37:41.050484+00:00] main.DEBUG: Add of item with id Magento_Reports::report_customers was processed [] []
[2025-02-10T12:37:41.050497+00:00] main.DEBUG: Add of item with id Magento_Reports::report_customers_accounts was processed [] []
[2025-02-10T12:37:41.050508+00:00] main.DEBUG: Add of item with id Magento_Reports::report_customers_totals was processed [] []
[2025-02-10T12:37:41.050519+00:00] main.DEBUG: Add of item with id Magento_Reports::report_customers_orders was processed [] []
[2025-02-10T12:37:41.050529+00:00] main.DEBUG: Add of item with id Magento_Reports::report_statistics was processed [] []
[2025-02-10T12:37:41.050542+00:00] main.DEBUG: Add of item with id Magento_Reports::report_statistics_refresh was processed [] []
[2025-02-10T12:37:41.050554+00:00] main.DEBUG: Add of item with id Magento_Search::report_search_term was processed [] []
[2025-02-10T12:37:41.050565+00:00] main.DEBUG: Add of item with id Magento_LoginAsCustomerLog::login_log was processed [] []
[2025-02-10T12:37:41.050575+00:00] main.DEBUG: Add of item with id Magento_Marketplace::partners was processed [] []
[2025-02-10T12:37:41.050590+00:00] main.DEBUG: Add of item with id Magento_SalesRule::promo_quote was processed [] []
[2025-02-10T12:37:41.050602+00:00] main.DEBUG: Add of item with id Magento_Sitemap::catalog_sitemap was processed [] []
[2025-02-10T12:37:41.050617+00:00] main.DEBUG: Add of item with id Magento_PageBuilder::templates was processed [] []
[2025-02-10T12:37:41.050630+00:00] main.DEBUG: Add of item with id Magento_PaymentServicesDashboard::paymentservicesdashboard was processed [] []
[2025-02-10T12:37:41.050642+00:00] main.DEBUG: Add of item with id Magento_Paypal::report_salesroot_paypal_settlement_reports was processed [] []
[2025-02-10T12:37:41.050654+00:00] main.DEBUG: Add of item with id Magento_Paypal::paypal_billing_agreement was processed [] []
[2025-02-10T12:37:41.050665+00:00] main.DEBUG: Add of item with id Magento_Review::catalog_reviews_ratings_ratings was processed [] []
[2025-02-10T12:37:41.050681+00:00] main.DEBUG: Add of item with id Magento_Review::catalog_reviews_ratings_pending was processed [] []
[2025-02-10T12:37:41.050695+00:00] main.DEBUG: Add of item with id Magento_Review::catalog_reviews_ratings_reviews_all was processed [] []
[2025-02-10T12:37:41.050707+00:00] main.DEBUG: Add of item with id Magento_Review::report_review was processed [] []
[2025-02-10T12:37:41.050723+00:00] main.DEBUG: Add of item with id Magento_Review::report_review_customer was processed [] []
[2025-02-10T12:37:41.050736+00:00] main.DEBUG: Add of item with id Magento_Review::report_review_product was processed [] []
[2025-02-10T12:37:41.050747+00:00] main.DEBUG: Add of item with id Magento_ServicesId::configuration was processed [] []
[2025-02-10T12:37:41.050760+00:00] main.DEBUG: Add of item with id Magento_ServicesId::services_id was processed [] []
[2025-02-10T12:37:41.050772+00:00] main.DEBUG: Add of item with id Magento_CheckoutAgreements::sales_checkoutagreement was processed [] []
[2025-02-10T12:37:41.050782+00:00] main.DEBUG: Add of item with id Magento_TaxImportExport::system_convert_tax was processed [] []
[2025-02-10T12:37:41.050793+00:00] main.DEBUG: Add of item with id Magento_AsynchronousOperations::system_magento_logging was processed [] []
[2025-02-10T12:37:41.050806+00:00] main.DEBUG: Add of item with id Magento_AsynchronousOperations::system_magento_logging_bulk_operations was processed [] []
[2025-02-10T12:37:41.050818+00:00] main.DEBUG: Add of item with id Magento_CurrencySymbol::system_currency was processed [] []
[2025-02-10T12:37:41.050831+00:00] main.DEBUG: Add of item with id Magento_CurrencySymbol::system_currency_rates was processed [] []
[2025-02-10T12:37:41.050843+00:00] main.DEBUG: Add of item with id Magento_CurrencySymbol::system_currency_symbols was processed [] []
[2025-02-10T12:37:41.050853+00:00] main.DEBUG: Add of item with id Magebit_Faq::faq was processed [] []
[2025-02-10T12:37:41.050864+00:00] main.DEBUG: Add of item with id Magebit_GridRender::content_elements was processed [] []
[2025-02-10T12:37:41.050877+00:00] main.DEBUG: Add of item with id Magebit_GridRender::post was processed [] []
[2025-02-10T12:37:41.050889+00:00] main.DEBUG: Add of item with id PayPal_Braintree::settlement_report was processed [] []
[2025-02-10T12:37:41.050900+00:00] main.DEBUG: Add of item with id PayPal_Braintree::virtual_terminal was processed [] []
[2025-02-10T12:37:41.279718+00:00] main.ERROR: Unable to resolve the source file for 'adminhtml/Magento/backend/en_US/underscore-umd.js.map' [] []
[2025-02-10T12:37:41.279839+00:00] main.CRITICAL: Unable to resolve the source file for 'adminhtml/Magento/backend/en_US/underscore-umd.js.map' [] []
[2025-02-10T12:37:43.770344+00:00] main.INFO: Broken reference: the 'notification.messages' tries to reorder itself towards 'user', but their parents are different: 'header.inner.right' and 'header' respectively. [] []
[2025-02-10T12:37:43.959635+00:00] main.ERROR: Unable to resolve the source file for 'adminhtml/Magento/backend/en_US/underscore-umd.js.map' [] []
[2025-02-10T12:37:43.959751+00:00] main.CRITICAL: Unable to resolve the source file for 'adminhtml/Magento/backend/en_US/underscore-umd.js.map' [] []
[2025-02-10T12:37:46.260821+00:00] main.INFO: Broken reference: the 'notification.messages' tries to reorder itself towards 'user', but their parents are different: 'header.inner.right' and 'header' respectively. [] []
[2025-02-10T12:37:46.453215+00:00] main.ERROR: Unable to resolve the source file for 'adminhtml/Magento/backend/en_US/underscore-umd.js.map' [] []
[2025-02-10T12:37:46.453375+00:00] main.CRITICAL: Unable to resolve the source file for 'adminhtml/Magento/backend/en_US/underscore-umd.js.map' [] []
[2025-02-10T12:38:59.489807+00:00] main.DEBUG: cache_invalidate:  {"method":"GET","url":"http:/","invalidateInfo":{"tags":["FPC"],"mode":"matchingTag"}} []
[2025-02-10T12:39:02.021712+00:00] main.INFO: Broken reference: the 'notification.messages' tries to reorder itself towards 'user', but their parents are different: 'header.inner.right' and 'header' respectively. [] []
[2025-02-10T12:39:02.041714+00:00] main.DEBUG: Item Magento_Backend::system_currency was removed [] []
[2025-02-10T12:39:02.043293+00:00] main.DEBUG: Add of item with id Magento_Config::system_config was processed [] []
[2025-02-10T12:39:02.043338+00:00] main.DEBUG: Add of item with id Magento_AdminNotification::system_adminnotification was processed [] []
[2025-02-10T12:39:02.043360+00:00] main.DEBUG: Add of item with id Magento_Theme::design_config was processed [] []
[2025-02-10T12:39:02.043377+00:00] main.DEBUG: Add of item with id Magento_Theme::system_design_theme was processed [] []
[2025-02-10T12:39:02.043391+00:00] main.DEBUG: Add of item with id Magento_Backend::system_design_schedule was processed [] []
[2025-02-10T12:39:02.043405+00:00] main.DEBUG: Add of item with id Magento_Backend::system_store was processed [] []
[2025-02-10T12:39:02.043418+00:00] main.DEBUG: Add of item with id Magento_Backend::dashboard was processed [] []
[2025-02-10T12:39:02.043431+00:00] main.DEBUG: Add of item with id Magento_Backend::system was processed [] []
[2025-02-10T12:39:02.043448+00:00] main.DEBUG: Add of item with id Magento_Backend::system_tools was processed [] []
[2025-02-10T12:39:02.043465+00:00] main.DEBUG: Add of item with id Magento_Backend::system_design was processed [] []
[2025-02-10T12:39:02.043479+00:00] main.DEBUG: Add of item with id Magento_Backend::system_convert was processed [] []
[2025-02-10T12:39:02.043495+00:00] main.DEBUG: Add of item with id Magento_Backend::system_cache was processed [] []
[2025-02-10T12:39:02.043509+00:00] main.DEBUG: Add of item with id Magento_Backend::marketing was processed [] []
[2025-02-10T12:39:02.043525+00:00] main.DEBUG: Add of item with id Magento_Backend::marketing_communications was processed [] []
[2025-02-10T12:39:02.043539+00:00] main.DEBUG: Add of item with id Magento_Backend::marketing_seo was processed [] []
[2025-02-10T12:39:02.043553+00:00] main.DEBUG: Add of item with id Magento_Backend::marketing_user_content was processed [] []
[2025-02-10T12:39:02.043566+00:00] main.DEBUG: Add of item with id Magento_Backend::content was processed [] []
[2025-02-10T12:39:02.043579+00:00] main.DEBUG: Add of item with id Magento_Backend::content_elements was processed [] []
[2025-02-10T12:39:02.043609+00:00] main.DEBUG: Add of item with id Magento_Backend::stores was processed [] []
[2025-02-10T12:39:02.043632+00:00] main.DEBUG: Add of item with id Magento_Backend::stores_settings was processed [] []
[2025-02-10T12:39:02.043653+00:00] main.DEBUG: Add of item with id Magento_Backend::stores_attributes was processed [] []
[2025-02-10T12:39:02.043674+00:00] main.DEBUG: Add of item with id Magento_Backend::other_settings was processed [] []
[2025-02-10T12:39:02.043692+00:00] main.DEBUG: Add of item with id Magento_Backend::system_other_settings was processed [] []
[2025-02-10T12:39:02.043705+00:00] main.DEBUG: Add of item with id Magento_User::system_acl was processed [] []
[2025-02-10T12:39:02.043725+00:00] main.DEBUG: Add of item with id Magento_User::system_acl_users was processed [] []
[2025-02-10T12:39:02.043744+00:00] main.DEBUG: Add of item with id Magento_User::system_acl_roles was processed [] []
[2025-02-10T12:39:02.043758+00:00] main.DEBUG: Add of item with id Magento_User::system_acl_locks was processed [] []
[2025-02-10T12:39:02.043778+00:00] main.DEBUG: Add of item with id Magento_Customer::customer was processed [] []
[2025-02-10T12:39:02.043807+00:00] main.DEBUG: Add of item with id Magento_Customer::customer_manage was processed [] []
[2025-02-10T12:39:02.043822+00:00] main.DEBUG: Add of item with id Magento_Customer::customer_online was processed [] []
[2025-02-10T12:39:02.043835+00:00] main.DEBUG: Add of item with id Magento_Customer::customer_group was processed [] []
[2025-02-10T12:39:02.043848+00:00] main.DEBUG: Add of item with id Magento_Backup::system_tools_backup was processed [] []
[2025-02-10T12:39:02.043866+00:00] main.DEBUG: Add of item with id Magento_Indexer::system_index was processed [] []
[2025-02-10T12:39:02.043878+00:00] main.DEBUG: Add of item with id Magento_Variable::system_variable was processed [] []
[2025-02-10T12:39:02.043894+00:00] main.DEBUG: Add of item with id Magento_Cms::cms_page was processed [] []
[2025-02-10T12:39:02.043909+00:00] main.DEBUG: Add of item with id Magento_Cms::cms_block was processed [] []
[2025-02-10T12:39:02.043922+00:00] main.DEBUG: Add of item with id Magento_Catalog::catalog was processed [] []
[2025-02-10T12:39:02.043938+00:00] main.DEBUG: Add of item with id Magento_Catalog::catalog_products was processed [] []
[2025-02-10T12:39:02.043952+00:00] main.DEBUG: Add of item with id Magento_Catalog::catalog_categories was processed [] []
[2025-02-10T12:39:02.043972+00:00] main.DEBUG: Add of item with id Magento_Catalog::catalog_attributes_attributes was processed [] []
[2025-02-10T12:39:02.043991+00:00] main.DEBUG: Add of item with id Magento_Catalog::catalog_attributes_sets was processed [] []
[2025-02-10T12:39:02.044007+00:00] main.DEBUG: Add of item with id Magento_Catalog::inventory was processed [] []
[2025-02-10T12:39:02.044021+00:00] main.DEBUG: Add of item with id Magento_Integration::system_extensions was processed [] []
[2025-02-10T12:39:02.044037+00:00] main.DEBUG: Add of item with id Magento_Integration::system_integrations was processed [] []
[2025-02-10T12:39:02.044053+00:00] main.DEBUG: Add of item with id Magento_Search::search_terms was processed [] []
[2025-02-10T12:39:02.044066+00:00] main.DEBUG: Add of item with id Magento_Search::search_synonyms was processed [] []
[2025-02-10T12:39:02.044079+00:00] main.DEBUG: Add of item with id Magento_CatalogRule::promo was processed [] []
[2025-02-10T12:39:02.044094+00:00] main.DEBUG: Add of item with id Magento_CatalogRule::promo_catalog was processed [] []
[2025-02-10T12:39:02.044107+00:00] main.DEBUG: Add of item with id Magento_Sales::sales was processed [] []
[2025-02-10T12:39:02.044123+00:00] main.DEBUG: Add of item with id Magento_Sales::sales_operation was processed [] []
[2025-02-10T12:39:02.044139+00:00] main.DEBUG: Add of item with id Magento_Sales::sales_order was processed [] []
[2025-02-10T12:39:02.044153+00:00] main.DEBUG: Add of item with id Magento_Sales::sales_invoice was processed [] []
[2025-02-10T12:39:02.044166+00:00] main.DEBUG: Add of item with id Magento_Sales::sales_shipment was processed [] []
[2025-02-10T12:39:02.044178+00:00] main.DEBUG: Add of item with id Magento_Sales::sales_creditmemo was processed [] []
[2025-02-10T12:39:02.044190+00:00] main.DEBUG: Add of item with id Magento_Sales::sales_transactions was processed [] []
[2025-02-10T12:39:02.044202+00:00] main.DEBUG: Add of item with id Magento_Sales::system_order_statuses was processed [] []
[2025-02-10T12:39:02.044213+00:00] main.DEBUG: Add of item with id Magento_MediaGalleryUi::media was processed [] []
[2025-02-10T12:39:02.044228+00:00] main.DEBUG: Add of item with id Magento_MediaGalleryUi::media_gallery was processed [] []
[2025-02-10T12:39:02.044245+00:00] main.DEBUG: Add of item with id Magento_Downloadable::report_products_downloads was processed [] []
[2025-02-10T12:39:02.044266+00:00] main.DEBUG: Add of item with id Magento_UrlRewrite::urlrewrite was processed [] []
[2025-02-10T12:39:02.044280+00:00] main.DEBUG: Add of item with id Magento_Tax::sales_tax was processed [] []
[2025-02-10T12:39:02.044296+00:00] main.DEBUG: Add of item with id Magento_Tax::sales_tax_rules was processed [] []
[2025-02-10T12:39:02.044312+00:00] main.DEBUG: Add of item with id Magento_Tax::sales_tax_rates was processed [] []
[2025-02-10T12:39:02.044325+00:00] main.DEBUG: Add of item with id Magento_Widget::cms_widget_instance was processed [] []
[2025-02-10T12:39:02.044340+00:00] main.DEBUG: Add of item with id Magento_Analytics::business_intelligence was processed [] []
[2025-02-10T12:39:02.044356+00:00] main.DEBUG: Add of item with id Magento_Analytics::advanced_reporting was processed [] []
[2025-02-10T12:39:02.044370+00:00] main.DEBUG: Add of item with id Magento_Analytics::bi_essentials was processed [] []
[2025-02-10T12:39:02.044386+00:00] main.DEBUG: Add of item with id Magento_Newsletter::newsletter_template was processed [] []
[2025-02-10T12:39:02.044399+00:00] main.DEBUG: Add of item with id Magento_Newsletter::newsletter_queue was processed [] []
[2025-02-10T12:39:02.044411+00:00] main.DEBUG: Add of item with id Magento_Newsletter::newsletter_subscriber was processed [] []
[2025-02-10T12:39:02.044426+00:00] main.DEBUG: Add of item with id Magento_Newsletter::newsletter_problem was processed [] []
[2025-02-10T12:39:02.044441+00:00] main.DEBUG: Add of item with id Magento_ImportExport::system_convert_import was processed [] []
[2025-02-10T12:39:02.044454+00:00] main.DEBUG: Add of item with id Magento_ImportExport::system_convert_export was processed [] []
[2025-02-10T12:39:02.044466+00:00] main.DEBUG: Add of item with id Magento_ImportExport::system_convert_history was processed [] []
[2025-02-10T12:39:02.044479+00:00] main.DEBUG: Add of item with id Magento_Email::template was processed [] []
[2025-02-10T12:39:02.044491+00:00] main.DEBUG: Add of item with id Magento_EncryptionKey::system_crypt_key was processed [] []
[2025-02-10T12:39:02.044503+00:00] main.DEBUG: Add of item with id Magento_InventoryAdminUi::inventory was processed [] []
[2025-02-10T12:39:02.044518+00:00] main.DEBUG: Add of item with id Magento_InventoryAdminUi::source was processed [] []
[2025-02-10T12:39:02.044531+00:00] main.DEBUG: Add of item with id Magento_InventoryAdminUi::stock was processed [] []
[2025-02-10T12:39:02.044543+00:00] main.DEBUG: Add of item with id Magento_Reports::report was processed [] []
[2025-02-10T12:39:02.044556+00:00] main.DEBUG: Add of item with id Magento_Reports::report_marketing was processed [] []
[2025-02-10T12:39:02.044567+00:00] main.DEBUG: Add of item with id Magento_Reports::report_salesroot was processed [] []
[2025-02-10T12:39:02.044582+00:00] main.DEBUG: Add of item with id Magento_Reports::report_salesroot_sales was processed [] []
[2025-02-10T12:39:02.044605+00:00] main.DEBUG: Add of item with id Magento_Reports::report_salesroot_tax was processed [] []
[2025-02-10T12:39:02.044618+00:00] main.DEBUG: Add of item with id Magento_Reports::report_salesroot_invoiced was processed [] []
[2025-02-10T12:39:02.044630+00:00] main.DEBUG: Add of item with id Magento_Reports::report_salesroot_shipping was processed [] []
[2025-02-10T12:39:02.044642+00:00] main.DEBUG: Add of item with id Magento_Reports::report_salesroot_refunded was processed [] []
[2025-02-10T12:39:02.044653+00:00] main.DEBUG: Add of item with id Magento_Reports::report_salesroot_coupons was processed [] []
[2025-02-10T12:39:02.044666+00:00] main.DEBUG: Add of item with id Magento_Reports::report_shopcart_product was processed [] []
[2025-02-10T12:39:02.044677+00:00] main.DEBUG: Add of item with id Magento_Reports::report_shopcart_abandoned was processed [] []
[2025-02-10T12:39:02.044688+00:00] main.DEBUG: Add of item with id Magento_Reports::report_products was processed [] []
[2025-02-10T12:39:02.044699+00:00] main.DEBUG: Add of item with id Magento_Reports::report_products_bestsellers was processed [] []
[2025-02-10T12:39:02.044710+00:00] main.DEBUG: Add of item with id Magento_Reports::report_products_sold was processed [] []
[2025-02-10T12:39:02.044721+00:00] main.DEBUG: Add of item with id Magento_Reports::report_products_viewed was processed [] []
[2025-02-10T12:39:02.044732+00:00] main.DEBUG: Add of item with id Magento_Reports::report_products_lowstock was processed [] []
[2025-02-10T12:39:02.044746+00:00] main.DEBUG: Add of item with id Magento_Reports::report_customers was processed [] []
[2025-02-10T12:39:02.044760+00:00] main.DEBUG: Add of item with id Magento_Reports::report_customers_accounts was processed [] []
[2025-02-10T12:39:02.044774+00:00] main.DEBUG: Add of item with id Magento_Reports::report_customers_totals was processed [] []
[2025-02-10T12:39:02.044786+00:00] main.DEBUG: Add of item with id Magento_Reports::report_customers_orders was processed [] []
[2025-02-10T12:39:02.044798+00:00] main.DEBUG: Add of item with id Magento_Reports::report_statistics was processed [] []
[2025-02-10T12:39:02.044813+00:00] main.DEBUG: Add of item with id Magento_Reports::report_statistics_refresh was processed [] []
[2025-02-10T12:39:02.044826+00:00] main.DEBUG: Add of item with id Magento_Search::report_search_term was processed [] []
[2025-02-10T12:39:02.044838+00:00] main.DEBUG: Add of item with id Magento_LoginAsCustomerLog::login_log was processed [] []
[2025-02-10T12:39:02.044850+00:00] main.DEBUG: Add of item with id Magento_Marketplace::partners was processed [] []
[2025-02-10T12:39:02.044862+00:00] main.DEBUG: Add of item with id Magento_SalesRule::promo_quote was processed [] []
[2025-02-10T12:39:02.044874+00:00] main.DEBUG: Add of item with id Magento_Sitemap::catalog_sitemap was processed [] []
[2025-02-10T12:39:02.044885+00:00] main.DEBUG: Add of item with id Magento_PageBuilder::templates was processed [] []
[2025-02-10T12:39:02.044897+00:00] main.DEBUG: Add of item with id Magento_PaymentServicesDashboard::paymentservicesdashboard was processed [] []
[2025-02-10T12:39:02.044908+00:00] main.DEBUG: Add of item with id Magento_Paypal::report_salesroot_paypal_settlement_reports was processed [] []
[2025-02-10T12:39:02.044920+00:00] main.DEBUG: Add of item with id Magento_Paypal::paypal_billing_agreement was processed [] []
[2025-02-10T12:39:02.044931+00:00] main.DEBUG: Add of item with id Magento_Review::catalog_reviews_ratings_ratings was processed [] []
[2025-02-10T12:39:02.044946+00:00] main.DEBUG: Add of item with id Magento_Review::catalog_reviews_ratings_pending was processed [] []
[2025-02-10T12:39:02.044959+00:00] main.DEBUG: Add of item with id Magento_Review::catalog_reviews_ratings_reviews_all was processed [] []
[2025-02-10T12:39:02.044971+00:00] main.DEBUG: Add of item with id Magento_Review::report_review was processed [] []
[2025-02-10T12:39:02.044986+00:00] main.DEBUG: Add of item with id Magento_Review::report_review_customer was processed [] []
[2025-02-10T12:39:02.044999+00:00] main.DEBUG: Add of item with id Magento_Review::report_review_product was processed [] []
[2025-02-10T12:39:02.045010+00:00] main.DEBUG: Add of item with id Magento_ServicesId::configuration was processed [] []
[2025-02-10T12:39:02.045025+00:00] main.DEBUG: Add of item with id Magento_ServicesId::services_id was processed [] []
[2025-02-10T12:39:02.045037+00:00] main.DEBUG: Add of item with id Magento_CheckoutAgreements::sales_checkoutagreement was processed [] []
[2025-02-10T12:39:02.045049+00:00] main.DEBUG: Add of item with id Magento_TaxImportExport::system_convert_tax was processed [] []
[2025-02-10T12:39:02.045060+00:00] main.DEBUG: Add of item with id Magento_AsynchronousOperations::system_magento_logging was processed [] []
[2025-02-10T12:39:02.045075+00:00] main.DEBUG: Add of item with id Magento_AsynchronousOperations::system_magento_logging_bulk_operations was processed [] []
[2025-02-10T12:39:02.045088+00:00] main.DEBUG: Add of item with id Magento_CurrencySymbol::system_currency was processed [] []
[2025-02-10T12:39:02.045103+00:00] main.DEBUG: Add of item with id Magento_CurrencySymbol::system_currency_rates was processed [] []
[2025-02-10T12:39:02.045116+00:00] main.DEBUG: Add of item with id Magento_CurrencySymbol::system_currency_symbols was processed [] []
[2025-02-10T12:39:02.045128+00:00] main.DEBUG: Add of item with id Magebit_Faq::faq was processed [] []
[2025-02-10T12:39:02.045141+00:00] main.DEBUG: Add of item with id Magebit_GridRender::content_elements was processed [] []
[2025-02-10T12:39:02.045157+00:00] main.DEBUG: Add of item with id Magebit_GridRender::post was processed [] []
[2025-02-10T12:39:02.045171+00:00] main.DEBUG: Add of item with id PayPal_Braintree::settlement_report was processed [] []
[2025-02-10T12:39:02.045183+00:00] main.DEBUG: Add of item with id PayPal_Braintree::virtual_terminal was processed [] []
[2025-02-10T12:39:02.251729+00:00] main.ERROR: Unable to resolve the source file for 'adminhtml/Magento/backend/en_US/underscore-umd.js.map' [] []
[2025-02-10T12:39:02.251839+00:00] main.CRITICAL: Unable to resolve the source file for 'adminhtml/Magento/backend/en_US/underscore-umd.js.map' [] []
[2025-02-10T12:39:05.012670+00:00] main.CRITICAL: Type Error occurred when creating object: Magebit\Faq\Controller\Adminhtml\Faq\Save\Interceptor, Too few arguments to function Magebit\Faq\Controller\Adminhtml\Faq\Save::__construct(), 4 passed in /var/www/magento/public/generated/code/Magebit/Faq/Controller/Adminhtml/Faq/Save/Interceptor.php on line 14 and exactly 5 expected [] []
[2025-02-10T12:39:05.012949+00:00] main.ERROR: Type Error occurred when creating object: Magebit\Faq\Controller\Adminhtml\Faq\Save\Interceptor, Too few arguments to function Magebit\Faq\Controller\Adminhtml\Faq\Save::__construct(), 4 passed in /var/www/magento/public/generated/code/Magebit/Faq/Controller/Adminhtml/Faq/Save/Interceptor.php on line 14 and exactly 5 expected [] []
[2025-02-10T12:39:33.431535+00:00] main.INFO: Broken reference: the 'notification.messages' tries to reorder itself towards 'user', but their parents are different: 'header.inner.right' and 'header' respectively. [] []
[2025-02-10T12:39:33.645504+00:00] main.ERROR: Unable to resolve the source file for 'adminhtml/Magento/backend/en_US/underscore-umd.js.map' [] []
[2025-02-10T12:39:33.645683+00:00] main.CRITICAL: Unable to resolve the source file for 'adminhtml/Magento/backend/en_US/underscore-umd.js.map' [] []
[2025-02-10T12:39:35.320296+00:00] main.INFO: Broken reference: the 'notification.messages' tries to reorder itself towards 'user', but their parents are different: 'header.inner.right' and 'header' respectively. [] []
[2025-02-10T12:39:35.567754+00:00] main.ERROR: Unable to resolve the source file for 'adminhtml/Magento/backend/en_US/underscore-umd.js.map' [] []
[2025-02-10T12:39:35.567932+00:00] main.CRITICAL: Unable to resolve the source file for 'adminhtml/Magento/backend/en_US/underscore-umd.js.map' [] []
[2025-02-10T12:39:40.906036+00:00] main.INFO: Broken reference: the 'notification.messages' tries to reorder itself towards 'user', but their parents are different: 'header.inner.right' and 'header' respectively. [] []
[2025-02-10T12:39:41.115235+00:00] main.ERROR: Unable to resolve the source file for 'adminhtml/Magento/backend/en_US/underscore-umd.js.map' [] []
[2025-02-10T12:39:41.115433+00:00] main.CRITICAL: Unable to resolve the source file for 'adminhtml/Magento/backend/en_US/underscore-umd.js.map' [] []
[2025-02-10T12:39:44.100833+00:00] main.DEBUG: cache_invalidate:  {"method":"GET","url":"http:/","invalidateInfo":{"tags":["FPC"],"mode":"matchingTag"}} []
[2025-02-10T12:39:48.132380+00:00] main.INFO: Broken reference: the 'notification.messages' tries to reorder itself towards 'user', but their parents are different: 'header.inner.right' and 'header' respectively. [] []
[2025-02-10T12:39:48.154416+00:00] main.DEBUG: Item Magento_Backend::system_currency was removed [] []
[2025-02-10T12:39:48.155642+00:00] main.DEBUG: Add of item with id Magento_Config::system_config was processed [] []
[2025-02-10T12:39:48.155684+00:00] main.DEBUG: Add of item with id Magento_AdminNotification::system_adminnotification was processed [] []
[2025-02-10T12:39:48.155705+00:00] main.DEBUG: Add of item with id Magento_Theme::design_config was processed [] []
[2025-02-10T12:39:48.155721+00:00] main.DEBUG: Add of item with id Magento_Theme::system_design_theme was processed [] []
[2025-02-10T12:39:48.155735+00:00] main.DEBUG: Add of item with id Magento_Backend::system_design_schedule was processed [] []
[2025-02-10T12:39:48.155756+00:00] main.DEBUG: Add of item with id Magento_Backend::system_store was processed [] []
[2025-02-10T12:39:48.155770+00:00] main.DEBUG: Add of item with id Magento_Backend::dashboard was processed [] []
[2025-02-10T12:39:48.155783+00:00] main.DEBUG: Add of item with id Magento_Backend::system was processed [] []
[2025-02-10T12:39:48.155799+00:00] main.DEBUG: Add of item with id Magento_Backend::system_tools was processed [] []
[2025-02-10T12:39:48.155817+00:00] main.DEBUG: Add of item with id Magento_Backend::system_design was processed [] []
[2025-02-10T12:39:48.155830+00:00] main.DEBUG: Add of item with id Magento_Backend::system_convert was processed [] []
[2025-02-10T12:39:48.155846+00:00] main.DEBUG: Add of item with id Magento_Backend::system_cache was processed [] []
[2025-02-10T12:39:48.155860+00:00] main.DEBUG: Add of item with id Magento_Backend::marketing was processed [] []
[2025-02-10T12:39:48.155878+00:00] main.DEBUG: Add of item with id Magento_Backend::marketing_communications was processed [] []
[2025-02-10T12:39:48.155892+00:00] main.DEBUG: Add of item with id Magento_Backend::marketing_seo was processed [] []
[2025-02-10T12:39:48.155905+00:00] main.DEBUG: Add of item with id Magento_Backend::marketing_user_content was processed [] []
[2025-02-10T12:39:48.155918+00:00] main.DEBUG: Add of item with id Magento_Backend::content was processed [] []
[2025-02-10T12:39:48.155931+00:00] main.DEBUG: Add of item with id Magento_Backend::content_elements was processed [] []
[2025-02-10T12:39:48.155942+00:00] main.DEBUG: Add of item with id Magento_Backend::stores was processed [] []
[2025-02-10T12:39:48.155958+00:00] main.DEBUG: Add of item with id Magento_Backend::stores_settings was processed [] []
[2025-02-10T12:39:48.155972+00:00] main.DEBUG: Add of item with id Magento_Backend::stores_attributes was processed [] []
[2025-02-10T12:39:48.155985+00:00] main.DEBUG: Add of item with id Magento_Backend::other_settings was processed [] []
[2025-02-10T12:39:48.155997+00:00] main.DEBUG: Add of item with id Magento_Backend::system_other_settings was processed [] []
[2025-02-10T12:39:48.156009+00:00] main.DEBUG: Add of item with id Magento_User::system_acl was processed [] []
[2025-02-10T12:39:48.156024+00:00] main.DEBUG: Add of item with id Magento_User::system_acl_users was processed [] []
[2025-02-10T12:39:48.156037+00:00] main.DEBUG: Add of item with id Magento_User::system_acl_roles was processed [] []
[2025-02-10T12:39:48.156050+00:00] main.DEBUG: Add of item with id Magento_User::system_acl_locks was processed [] []
[2025-02-10T12:39:48.156061+00:00] main.DEBUG: Add of item with id Magento_Customer::customer was processed [] []
[2025-02-10T12:39:48.156077+00:00] main.DEBUG: Add of item with id Magento_Customer::customer_manage was processed [] []
[2025-02-10T12:39:48.156091+00:00] main.DEBUG: Add of item with id Magento_Customer::customer_online was processed [] []
[2025-02-10T12:39:48.156103+00:00] main.DEBUG: Add of item with id Magento_Customer::customer_group was processed [] []
[2025-02-10T12:39:48.156115+00:00] main.DEBUG: Add of item with id Magento_Backup::system_tools_backup was processed [] []
[2025-02-10T12:39:48.156128+00:00] main.DEBUG: Add of item with id Magento_Indexer::system_index was processed [] []
[2025-02-10T12:39:48.156140+00:00] main.DEBUG: Add of item with id Magento_Variable::system_variable was processed [] []
[2025-02-10T12:39:48.156156+00:00] main.DEBUG: Add of item with id Magento_Cms::cms_page was processed [] []
[2025-02-10T12:39:48.156170+00:00] main.DEBUG: Add of item with id Magento_Cms::cms_block was processed [] []
[2025-02-10T12:39:48.156183+00:00] main.DEBUG: Add of item with id Magento_Catalog::catalog was processed [] []
[2025-02-10T12:39:48.156199+00:00] main.DEBUG: Add of item with id Magento_Catalog::catalog_products was processed [] []
[2025-02-10T12:39:48.156212+00:00] main.DEBUG: Add of item with id Magento_Catalog::catalog_categories was processed [] []
[2025-02-10T12:39:48.156228+00:00] main.DEBUG: Add of item with id Magento_Catalog::catalog_attributes_attributes was processed [] []
[2025-02-10T12:39:48.156244+00:00] main.DEBUG: Add of item with id Magento_Catalog::catalog_attributes_sets was processed [] []
[2025-02-10T12:39:48.156259+00:00] main.DEBUG: Add of item with id Magento_Catalog::inventory was processed [] []
[2025-02-10T12:39:48.156272+00:00] main.DEBUG: Add of item with id Magento_Integration::system_extensions was processed [] []
[2025-02-10T12:39:48.156288+00:00] main.DEBUG: Add of item with id Magento_Integration::system_integrations was processed [] []
[2025-02-10T12:39:48.156304+00:00] main.DEBUG: Add of item with id Magento_Search::search_terms was processed [] []
[2025-02-10T12:39:48.156316+00:00] main.DEBUG: Add of item with id Magento_Search::search_synonyms was processed [] []
[2025-02-10T12:39:48.156329+00:00] main.DEBUG: Add of item with id Magento_CatalogRule::promo was processed [] []
[2025-02-10T12:39:48.156344+00:00] main.DEBUG: Add of item with id Magento_CatalogRule::promo_catalog was processed [] []
[2025-02-10T12:39:48.156357+00:00] main.DEBUG: Add of item with id Magento_Sales::sales was processed [] []
[2025-02-10T12:39:48.156374+00:00] main.DEBUG: Add of item with id Magento_Sales::sales_operation was processed [] []
[2025-02-10T12:39:48.156390+00:00] main.DEBUG: Add of item with id Magento_Sales::sales_order was processed [] []
[2025-02-10T12:39:48.156403+00:00] main.DEBUG: Add of item with id Magento_Sales::sales_invoice was processed [] []
[2025-02-10T12:39:48.156415+00:00] main.DEBUG: Add of item with id Magento_Sales::sales_shipment was processed [] []
[2025-02-10T12:39:48.156427+00:00] main.DEBUG: Add of item with id Magento_Sales::sales_creditmemo was processed [] []
[2025-02-10T12:39:48.156439+00:00] main.DEBUG: Add of item with id Magento_Sales::sales_transactions was processed [] []
[2025-02-10T12:39:48.156451+00:00] main.DEBUG: Add of item with id Magento_Sales::system_order_statuses was processed [] []
[2025-02-10T12:39:48.156463+00:00] main.DEBUG: Add of item with id Magento_MediaGalleryUi::media was processed [] []
[2025-02-10T12:39:48.156478+00:00] main.DEBUG: Add of item with id Magento_MediaGalleryUi::media_gallery was processed [] []
[2025-02-10T12:39:48.156493+00:00] main.DEBUG: Add of item with id Magento_Downloadable::report_products_downloads was processed [] []
[2025-02-10T12:39:48.156506+00:00] main.DEBUG: Add of item with id Magento_UrlRewrite::urlrewrite was processed [] []
[2025-02-10T12:39:48.156519+00:00] main.DEBUG: Add of item with id Magento_Tax::sales_tax was processed [] []
[2025-02-10T12:39:48.156534+00:00] main.DEBUG: Add of item with id Magento_Tax::sales_tax_rules was processed [] []
[2025-02-10T12:39:48.156547+00:00] main.DEBUG: Add of item with id Magento_Tax::sales_tax_rates was processed [] []
[2025-02-10T12:39:48.156559+00:00] main.DEBUG: Add of item with id Magento_Widget::cms_widget_instance was processed [] []
[2025-02-10T12:39:48.156574+00:00] main.DEBUG: Add of item with id Magento_Analytics::business_intelligence was processed [] []
[2025-02-10T12:39:48.156594+00:00] main.DEBUG: Add of item with id Magento_Analytics::advanced_reporting was processed [] []
[2025-02-10T12:39:48.156610+00:00] main.DEBUG: Add of item with id Magento_Analytics::bi_essentials was processed [] []
[2025-02-10T12:39:48.156626+00:00] main.DEBUG: Add of item with id Magento_Newsletter::newsletter_template was processed [] []
[2025-02-10T12:39:48.156639+00:00] main.DEBUG: Add of item with id Magento_Newsletter::newsletter_queue was processed [] []
[2025-02-10T12:39:48.156651+00:00] main.DEBUG: Add of item with id Magento_Newsletter::newsletter_subscriber was processed [] []
[2025-02-10T12:39:48.156666+00:00] main.DEBUG: Add of item with id Magento_Newsletter::newsletter_problem was processed [] []
[2025-02-10T12:39:48.156682+00:00] main.DEBUG: Add of item with id Magento_ImportExport::system_convert_import was processed [] []
[2025-02-10T12:39:48.156697+00:00] main.DEBUG: Add of item with id Magento_ImportExport::system_convert_export was processed [] []
[2025-02-10T12:39:48.156713+00:00] main.DEBUG: Add of item with id Magento_ImportExport::system_convert_history was processed [] []
[2025-02-10T12:39:48.156726+00:00] main.DEBUG: Add of item with id Magento_Email::template was processed [] []
[2025-02-10T12:39:48.156738+00:00] main.DEBUG: Add of item with id Magento_EncryptionKey::system_crypt_key was processed [] []
[2025-02-10T12:39:48.156750+00:00] main.DEBUG: Add of item with id Magento_InventoryAdminUi::inventory was processed [] []
[2025-02-10T12:39:48.156766+00:00] main.DEBUG: Add of item with id Magento_InventoryAdminUi::source was processed [] []
[2025-02-10T12:39:48.156779+00:00] main.DEBUG: Add of item with id Magento_InventoryAdminUi::stock was processed [] []
[2025-02-10T12:39:48.156791+00:00] main.DEBUG: Add of item with id Magento_Reports::report was processed [] []
[2025-02-10T12:39:48.156803+00:00] main.DEBUG: Add of item with id Magento_Reports::report_marketing was processed [] []
[2025-02-10T12:39:48.156815+00:00] main.DEBUG: Add of item with id Magento_Reports::report_salesroot was processed [] []
[2025-02-10T12:39:48.156830+00:00] main.DEBUG: Add of item with id Magento_Reports::report_salesroot_sales was processed [] []
[2025-02-10T12:39:48.156843+00:00] main.DEBUG: Add of item with id Magento_Reports::report_salesroot_tax was processed [] []
[2025-02-10T12:39:48.156855+00:00] main.DEBUG: Add of item with id Magento_Reports::report_salesroot_invoiced was processed [] []
[2025-02-10T12:39:48.156867+00:00] main.DEBUG: Add of item with id Magento_Reports::report_salesroot_shipping was processed [] []
[2025-02-10T12:39:48.156878+00:00] main.DEBUG: Add of item with id Magento_Reports::report_salesroot_refunded was processed [] []
[2025-02-10T12:39:48.156890+00:00] main.DEBUG: Add of item with id Magento_Reports::report_salesroot_coupons was processed [] []
[2025-02-10T12:39:48.156901+00:00] main.DEBUG: Add of item with id Magento_Reports::report_shopcart_product was processed [] []
[2025-02-10T12:39:48.156913+00:00] main.DEBUG: Add of item with id Magento_Reports::report_shopcart_abandoned was processed [] []
[2025-02-10T12:39:48.156924+00:00] main.DEBUG: Add of item with id Magento_Reports::report_products was processed [] []
[2025-02-10T12:39:48.156935+00:00] main.DEBUG: Add of item with id Magento_Reports::report_products_bestsellers was processed [] []
[2025-02-10T12:39:48.156947+00:00] main.DEBUG: Add of item with id Magento_Reports::report_products_sold was processed [] []
[2025-02-10T12:39:48.156958+00:00] main.DEBUG: Add of item with id Magento_Reports::report_products_viewed was processed [] []
[2025-02-10T12:39:48.156969+00:00] main.DEBUG: Add of item with id Magento_Reports::report_products_lowstock was processed [] []
[2025-02-10T12:39:48.156981+00:00] main.DEBUG: Add of item with id Magento_Reports::report_customers was processed [] []
[2025-02-10T12:39:48.156995+00:00] main.DEBUG: Add of item with id Magento_Reports::report_customers_accounts was processed [] []
[2025-02-10T12:39:48.157009+00:00] main.DEBUG: Add of item with id Magento_Reports::report_customers_totals was processed [] []
[2025-02-10T12:39:48.157021+00:00] main.DEBUG: Add of item with id Magento_Reports::report_customers_orders was processed [] []
[2025-02-10T12:39:48.157033+00:00] main.DEBUG: Add of item with id Magento_Reports::report_statistics was processed [] []
[2025-02-10T12:39:48.157048+00:00] main.DEBUG: Add of item with id Magento_Reports::report_statistics_refresh was processed [] []
[2025-02-10T12:39:48.157061+00:00] main.DEBUG: Add of item with id Magento_Search::report_search_term was processed [] []
[2025-02-10T12:39:48.157073+00:00] main.DEBUG: Add of item with id Magento_LoginAsCustomerLog::login_log was processed [] []
[2025-02-10T12:39:48.157085+00:00] main.DEBUG: Add of item with id Magento_Marketplace::partners was processed [] []
[2025-02-10T12:39:48.157097+00:00] main.DEBUG: Add of item with id Magento_SalesRule::promo_quote was processed [] []
[2025-02-10T12:39:48.157109+00:00] main.DEBUG: Add of item with id Magento_Sitemap::catalog_sitemap was processed [] []
[2025-02-10T12:39:48.157123+00:00] main.DEBUG: Add of item with id Magento_PageBuilder::templates was processed [] []
[2025-02-10T12:39:48.157135+00:00] main.DEBUG: Add of item with id Magento_PaymentServicesDashboard::paymentservicesdashboard was processed [] []
[2025-02-10T12:39:48.157147+00:00] main.DEBUG: Add of item with id Magento_Paypal::report_salesroot_paypal_settlement_reports was processed [] []
[2025-02-10T12:39:48.157158+00:00] main.DEBUG: Add of item with id Magento_Paypal::paypal_billing_agreement was processed [] []
[2025-02-10T12:39:48.157170+00:00] main.DEBUG: Add of item with id Magento_Review::catalog_reviews_ratings_ratings was processed [] []
[2025-02-10T12:39:48.157185+00:00] main.DEBUG: Add of item with id Magento_Review::catalog_reviews_ratings_pending was processed [] []
[2025-02-10T12:39:48.157199+00:00] main.DEBUG: Add of item with id Magento_Review::catalog_reviews_ratings_reviews_all was processed [] []
[2025-02-10T12:39:48.157212+00:00] main.DEBUG: Add of item with id Magento_Review::report_review was processed [] []
[2025-02-10T12:39:48.157226+00:00] main.DEBUG: Add of item with id Magento_Review::report_review_customer was processed [] []
[2025-02-10T12:39:48.157238+00:00] main.DEBUG: Add of item with id Magento_Review::report_review_product was processed [] []
[2025-02-10T12:39:48.157248+00:00] main.DEBUG: Add of item with id Magento_ServicesId::configuration was processed [] []
[2025-02-10T12:39:48.157261+00:00] main.DEBUG: Add of item with id Magento_ServicesId::services_id was processed [] []
[2025-02-10T12:39:48.157272+00:00] main.DEBUG: Add of item with id Magento_CheckoutAgreements::sales_checkoutagreement was processed [] []
[2025-02-10T12:39:48.157283+00:00] main.DEBUG: Add of item with id Magento_TaxImportExport::system_convert_tax was processed [] []
[2025-02-10T12:39:48.157293+00:00] main.DEBUG: Add of item with id Magento_AsynchronousOperations::system_magento_logging was processed [] []
[2025-02-10T12:39:48.157306+00:00] main.DEBUG: Add of item with id Magento_AsynchronousOperations::system_magento_logging_bulk_operations was processed [] []
[2025-02-10T12:39:48.157317+00:00] main.DEBUG: Add of item with id Magento_CurrencySymbol::system_currency was processed [] []
[2025-02-10T12:39:48.157331+00:00] main.DEBUG: Add of item with id Magento_CurrencySymbol::system_currency_rates was processed [] []
[2025-02-10T12:39:48.157342+00:00] main.DEBUG: Add of item with id Magento_CurrencySymbol::system_currency_symbols was processed [] []
[2025-02-10T12:39:48.157353+00:00] main.DEBUG: Add of item with id Magebit_Faq::faq was processed [] []
[2025-02-10T12:39:48.157364+00:00] main.DEBUG: Add of item with id Magebit_GridRender::content_elements was processed [] []
[2025-02-10T12:39:48.157377+00:00] main.DEBUG: Add of item with id Magebit_GridRender::post was processed [] []
[2025-02-10T12:39:48.157389+00:00] main.DEBUG: Add of item with id PayPal_Braintree::settlement_report was processed [] []
[2025-02-10T12:39:48.157399+00:00] main.DEBUG: Add of item with id PayPal_Braintree::virtual_terminal was processed [] []
[2025-02-10T12:39:48.411038+00:00] main.ERROR: Unable to resolve the source file for 'adminhtml/Magento/backend/en_US/underscore-umd.js.map' [] []
[2025-02-10T12:39:48.411215+00:00] main.CRITICAL: Unable to resolve the source file for 'adminhtml/Magento/backend/en_US/underscore-umd.js.map' [] []
[2025-02-10T12:39:49.446930+00:00] main.INFO: Broken reference: the 'notification.messages' tries to reorder itself towards 'user', but their parents are different: 'header.inner.right' and 'header' respectively. [] []
[2025-02-10T12:39:49.650954+00:00] main.ERROR: Unable to resolve the source file for 'adminhtml/Magento/backend/en_US/underscore-umd.js.map' [] []
[2025-02-10T12:39:49.651110+00:00] main.CRITICAL: Unable to resolve the source file for 'adminhtml/Magento/backend/en_US/underscore-umd.js.map' [] []
[2025-02-10T12:39:52.667571+00:00] main.INFO: Broken reference: the 'notification.messages' tries to reorder itself towards 'user', but their parents are different: 'header.inner.right' and 'header' respectively. [] []
[2025-02-10T12:39:52.869332+00:00] main.ERROR: Unable to resolve the source file for 'adminhtml/Magento/backend/en_US/underscore-umd.js.map' [] []
[2025-02-10T12:39:52.869436+00:00] main.CRITICAL: Unable to resolve the source file for 'adminhtml/Magento/backend/en_US/underscore-umd.js.map' [] []
[2025-02-10T12:40:27.328392+00:00] main.INFO: Broken reference: the 'notification.messages' tries to reorder itself towards 'user', but their parents are different: 'header.inner.right' and 'header' respectively. [] []
[2025-02-10T12:40:27.546750+00:00] main.ERROR: Unable to resolve the source file for 'adminhtml/Magento/backend/en_US/underscore-umd.js.map' [] []
[2025-02-10T12:40:27.546907+00:00] main.CRITICAL: Unable to resolve the source file for 'adminhtml/Magento/backend/en_US/underscore-umd.js.map' [] []
[2025-02-10T12:40:28.219780+00:00] main.INFO: Broken reference: the 'notification.messages' tries to reorder itself towards 'user', but their parents are different: 'header.inner.right' and 'header' respectively. [] []
[2025-02-10T12:40:28.451283+00:00] main.ERROR: Unable to resolve the source file for 'adminhtml/Magento/backend/en_US/underscore-umd.js.map' [] []
[2025-02-10T12:40:28.451391+00:00] main.CRITICAL: Unable to resolve the source file for 'adminhtml/Magento/backend/en_US/underscore-umd.js.map' [] []
[2025-02-10T12:58:48.352178+00:00] main.INFO: Broken reference: the 'notification.messages' tries to reorder itself towards 'user', but their parents are different: 'header.inner.right' and 'header' respectively. [] []
[2025-02-10T12:58:48.769275+00:00] main.ERROR: Unable to resolve the source file for 'adminhtml/Magento/backend/en_US/underscore-umd.js.map' [] []
[2025-02-10T12:58:48.769436+00:00] main.CRITICAL: Unable to resolve the source file for 'adminhtml/Magento/backend/en_US/underscore-umd.js.map' [] []
[2025-02-10T12:58:49.058481+00:00] main.ERROR: Unable to resolve the source file for 'adminhtml/Magento/backend/en_US/Magento_PageBuilder/js/stage-builder.js.map' [] []
[2025-02-10T12:58:49.058664+00:00] main.CRITICAL: Unable to resolve the source file for 'adminhtml/Magento/backend/en_US/Magento_PageBuilder/js/stage-builder.js.map' [] []
[2025-02-10T12:58:49.069570+00:00] main.ERROR: Unable to resolve the source file for 'adminhtml/Magento/backend/en_US/Magento_PageBuilder/js/config.js.map' [] []
[2025-02-10T12:58:49.069571+00:00] main.ERROR: Unable to resolve the source file for 'adminhtml/Magento/backend/en_US/Magento_PageBuilder/js/content-type-collection.js.map' [] []
[2025-02-10T12:58:49.069728+00:00] main.CRITICAL: Unable to resolve the source file for 'adminhtml/Magento/backend/en_US/Magento_PageBuilder/js/config.js.map' [] []
[2025-02-10T12:58:49.069729+00:00] main.CRITICAL: Unable to resolve the source file for 'adminhtml/Magento/backend/en_US/Magento_PageBuilder/js/content-type-collection.js.map' [] []
[2025-02-10T12:58:49.077171+00:00] main.ERROR: Unable to resolve the source file for 'adminhtml/Magento/backend/en_US/Magento_PageBuilder/js/content-type/appearance-config.js.map' [] []
[2025-02-10T12:58:49.077273+00:00] main.CRITICAL: Unable to resolve the source file for 'adminhtml/Magento/backend/en_US/Magento_PageBuilder/js/content-type/appearance-config.js.map' [] []
[2025-02-10T12:58:49.081395+00:00] main.ERROR: Unable to resolve the source file for 'adminhtml/Magento/backend/en_US/Magento_PageBuilder/js/content-type-factory.js.map' [] []
[2025-02-10T12:58:49.081395+00:00] main.ERROR: Unable to resolve the source file for 'adminhtml/Magento/backend/en_US/Magento_PageBuilder/js/master-format/validator.js.map' [] []
[2025-02-10T12:58:49.081542+00:00] main.CRITICAL: Unable to resolve the source file for 'adminhtml/Magento/backend/en_US/Magento_PageBuilder/js/master-format/validator.js.map' [] []
[2025-02-10T12:58:49.081542+00:00] main.CRITICAL: Unable to resolve the source file for 'adminhtml/Magento/backend/en_US/Magento_PageBuilder/js/content-type-factory.js.map' [] []
[2025-02-10T12:58:49.090402+00:00] main.ERROR: Unable to resolve the source file for 'adminhtml/Magento/backend/en_US/Magento_PageBuilder/js/content-type/style-registry.js.map' [] []
[2025-02-10T12:58:49.090561+00:00] main.CRITICAL: Unable to resolve the source file for 'adminhtml/Magento/backend/en_US/Magento_PageBuilder/js/content-type/style-registry.js.map' [] []
[2025-02-10T12:58:49.099808+00:00] main.ERROR: Unable to resolve the source file for 'adminhtml/Magento/backend/en_US/Magento_PageBuilder/js/utils/loader.js.map' [] []
[2025-02-10T12:58:49.099934+00:00] main.CRITICAL: Unable to resolve the source file for 'adminhtml/Magento/backend/en_US/Magento_PageBuilder/js/utils/loader.js.map' [] []
[2025-02-10T12:58:49.100107+00:00] main.ERROR: Unable to resolve the source file for 'adminhtml/Magento/backend/en_US/Magento_PageBuilder/js/utils/directives.js.map' [] []
[2025-02-10T12:58:49.100193+00:00] main.CRITICAL: Unable to resolve the source file for 'adminhtml/Magento/backend/en_US/Magento_PageBuilder/js/utils/directives.js.map' [] []
[2025-02-10T12:58:49.105148+00:00] main.ERROR: Unable to resolve the source file for 'adminhtml/Magento/backend/en_US/Magento_PageBuilder/js/utils/object.js.map' [] []
[2025-02-10T12:58:49.105303+00:00] main.CRITICAL: Unable to resolve the source file for 'adminhtml/Magento/backend/en_US/Magento_PageBuilder/js/utils/object.js.map' [] []
[2025-02-10T12:58:49.115014+00:00] main.ERROR: Unable to resolve the source file for 'adminhtml/Magento/backend/en_US/Magento_PageBuilder/js/collection.js.map' [] []
[2025-02-10T12:58:49.115115+00:00] main.CRITICAL: Unable to resolve the source file for 'adminhtml/Magento/backend/en_US/Magento_PageBuilder/js/collection.js.map' [] []
[2025-02-10T12:58:49.117165+00:00] main.ERROR: Unable to resolve the source file for 'adminhtml/Magento/backend/en_US/Magento_PageBuilder/js/content-type/master-factory.js.map' [] []
[2025-02-10T12:58:49.117127+00:00] main.ERROR: Unable to resolve the source file for 'adminhtml/Magento/backend/en_US/Magento_PageBuilder/js/content-type.js.map' [] []
[2025-02-10T12:58:49.117267+00:00] main.CRITICAL: Unable to resolve the source file for 'adminhtml/Magento/backend/en_US/Magento_PageBuilder/js/content-type/master-factory.js.map' [] []
[2025-02-10T12:58:49.117267+00:00] main.CRITICAL: Unable to resolve the source file for 'adminhtml/Magento/backend/en_US/Magento_PageBuilder/js/content-type.js.map' [] []
[2025-02-10T12:58:49.125230+00:00] main.ERROR: Unable to resolve the source file for 'adminhtml/Magento/backend/en_US/Magento_PageBuilder/js/content-type/preview-factory.js.map' [] []
[2025-02-10T12:58:49.125372+00:00] main.CRITICAL: Unable to resolve the source file for 'adminhtml/Magento/backend/en_US/Magento_PageBuilder/js/content-type/preview-factory.js.map' [] []
[2025-02-10T12:58:49.125763+00:00] main.ERROR: Unable to resolve the source file for 'adminhtml/Magento/backend/en_US/Magento_PageBuilder/js/utils/string.js.map' [] []
[2025-02-10T12:58:49.125877+00:00] main.CRITICAL: Unable to resolve the source file for 'adminhtml/Magento/backend/en_US/Magento_PageBuilder/js/utils/string.js.map' [] []
[2025-02-10T12:58:49.146561+00:00] main.ERROR: Unable to resolve the source file for 'adminhtml/Magento/backend/en_US/Magento_PageBuilder/js/content-type/converter-resolver.js.map' [] []
[2025-02-10T12:58:49.146561+00:00] main.ERROR: Unable to resolve the source file for 'adminhtml/Magento/backend/en_US/Magento_PageBuilder/js/utils/array.js.map' [] []
[2025-02-10T12:58:49.146711+00:00] main.CRITICAL: Unable to resolve the source file for 'adminhtml/Magento/backend/en_US/Magento_PageBuilder/js/content-type/converter-resolver.js.map' [] []
[2025-02-10T12:58:49.146711+00:00] main.CRITICAL: Unable to resolve the source file for 'adminhtml/Magento/backend/en_US/Magento_PageBuilder/js/utils/array.js.map' [] []
[2025-02-10T12:58:49.146903+00:00] main.ERROR: Unable to resolve the source file for 'adminhtml/Magento/backend/en_US/Magento_PageBuilder/js/data-store.js.map' [] []
[2025-02-10T12:58:49.147017+00:00] main.CRITICAL: Unable to resolve the source file for 'adminhtml/Magento/backend/en_US/Magento_PageBuilder/js/data-store.js.map' [] []
[2025-02-10T12:58:49.160494+00:00] main.ERROR: Unable to resolve the source file for 'adminhtml/Magento/backend/en_US/Magento_PageBuilder/js/content-type/observable-updater-factory.js.map' [] []
[2025-02-10T12:58:49.160598+00:00] main.ERROR: Unable to resolve the source file for 'adminhtml/Magento/backend/en_US/Magento_PageBuilder/js/content-type/preview-converter-resolver.js.map' [] []
[2025-02-10T12:58:49.160660+00:00] main.CRITICAL: Unable to resolve the source file for 'adminhtml/Magento/backend/en_US/Magento_PageBuilder/js/content-type/observable-updater-factory.js.map' [] []
[2025-02-10T12:58:49.160696+00:00] main.CRITICAL: Unable to resolve the source file for 'adminhtml/Magento/backend/en_US/Magento_PageBuilder/js/content-type/preview-converter-resolver.js.map' [] []
[2025-02-10T12:58:49.178270+00:00] main.ERROR: Unable to resolve the source file for 'adminhtml/Magento/backend/en_US/Magento_PageBuilder/js/mass-converter/converter-pool-factory.js.map' [] []
[2025-02-10T12:58:49.178270+00:00] main.ERROR: Unable to resolve the source file for 'adminhtml/Magento/backend/en_US/Magento_PageBuilder/js/converter/converter-pool-factory.js.map' [] []
[2025-02-10T12:58:49.178382+00:00] main.CRITICAL: Unable to resolve the source file for 'adminhtml/Magento/backend/en_US/Magento_PageBuilder/js/mass-converter/converter-pool-factory.js.map' [] []
[2025-02-10T12:58:49.178391+00:00] main.CRITICAL: Unable to resolve the source file for 'adminhtml/Magento/backend/en_US/Magento_PageBuilder/js/converter/converter-pool-factory.js.map' [] []
[2025-02-10T12:58:49.186005+00:00] main.ERROR: Unable to resolve the source file for 'adminhtml/Magento/backend/en_US/Magento_PageBuilder/js/content-type/observable-updater.js.map' [] []
[2025-02-10T12:58:49.186149+00:00] main.CRITICAL: Unable to resolve the source file for 'adminhtml/Magento/backend/en_US/Magento_PageBuilder/js/content-type/observable-updater.js.map' [] []
[2025-02-10T12:58:49.213726+00:00] main.ERROR: Unable to resolve the source file for 'adminhtml/Magento/backend/en_US/Magento_PageBuilder/js/converter/converter-pool.js.map' [] []
[2025-02-10T12:58:49.213837+00:00] main.CRITICAL: Unable to resolve the source file for 'adminhtml/Magento/backend/en_US/Magento_PageBuilder/js/converter/converter-pool.js.map' [] []
[2025-02-10T12:58:49.216670+00:00] main.ERROR: Unable to resolve the source file for 'adminhtml/Magento/backend/en_US/Magento_PageBuilder/js/mass-converter/converter-pool.js.map' [] []
[2025-02-10T12:58:49.216670+00:00] main.ERROR: Unable to resolve the source file for 'adminhtml/Magento/backend/en_US/Magento_PageBuilder/js/content-type/observable-updater/attributes.js.map' [] []
[2025-02-10T12:58:49.216817+00:00] main.CRITICAL: Unable to resolve the source file for 'adminhtml/Magento/backend/en_US/Magento_PageBuilder/js/content-type/observable-updater/attributes.js.map' [] []
[2025-02-10T12:58:49.216817+00:00] main.CRITICAL: Unable to resolve the source file for 'adminhtml/Magento/backend/en_US/Magento_PageBuilder/js/mass-converter/converter-pool.js.map' [] []
[2025-02-10T12:58:49.227547+00:00] main.ERROR: Unable to resolve the source file for 'adminhtml/Magento/backend/en_US/Magento_PageBuilder/js/content-type/observable-updater/html.js.map' [] []
[2025-02-10T12:58:49.227711+00:00] main.CRITICAL: Unable to resolve the source file for 'adminhtml/Magento/backend/en_US/Magento_PageBuilder/js/content-type/observable-updater/html.js.map' [] []
[2025-02-10T12:58:49.229367+00:00] main.ERROR: Unable to resolve the source file for 'adminhtml/Magento/backend/en_US/Magento_PageBuilder/js/content-type/observable-updater/css.js.map' [] []
[2025-02-10T12:58:49.229534+00:00] main.CRITICAL: Unable to resolve the source file for 'adminhtml/Magento/backend/en_US/Magento_PageBuilder/js/content-type/observable-updater/css.js.map' [] []
[2025-02-10T12:58:49.229572+00:00] main.ERROR: Unable to resolve the source file for 'adminhtml/Magento/backend/en_US/Magento_PageBuilder/js/content-type/observable-updater/style.js.map' [] []
[2025-02-10T12:58:49.229706+00:00] main.CRITICAL: Unable to resolve the source file for 'adminhtml/Magento/backend/en_US/Magento_PageBuilder/js/content-type/observable-updater/style.js.map' [] []
[2025-02-10T12:58:49.244204+00:00] main.ERROR: Unable to resolve the source file for 'adminhtml/Magento/backend/en_US/Magento_PageBuilder/js/utils/editor.js.map' [] []
[2025-02-10T12:58:49.244325+00:00] main.CRITICAL: Unable to resolve the source file for 'adminhtml/Magento/backend/en_US/Magento_PageBuilder/js/utils/editor.js.map' [] []
[2025-02-10T12:59:23.796677+00:00] main.DEBUG: cache_invalidate:  {"method":"GET","url":"http:/","invalidateInfo":{"identifier":"INTEGRITY_base"}} []
[2025-02-10T12:59:23.796845+00:00] main.DEBUG: cache_invalidate:  {"method":"GET","url":"http:/","invalidateInfo":{"identifier":"INTEGRITY_frontend"}} []
[2025-02-10T12:59:23.796898+00:00] main.DEBUG: cache_invalidate:  {"method":"GET","url":"http:/","invalidateInfo":{"identifier":"INTEGRITY_adminhtml"}} []
[2025-02-10T12:59:28.231926+00:00] main.DEBUG: cache_invalidate:  {"method":"GET","url":"http:/","invalidateInfo":{"tags":["FPC"],"mode":"matchingTag"}} []
[2025-02-10T12:59:32.024618+00:00] main.INFO: Broken reference: the 'notification.messages' tries to reorder itself towards 'user', but their parents are different: 'header.inner.right' and 'header' respectively. [] []
[2025-02-10T12:59:32.069186+00:00] main.DEBUG: Item Magento_Backend::system_currency was removed [] []
[2025-02-10T12:59:32.070468+00:00] main.DEBUG: Add of item with id Magento_Config::system_config was processed [] []
[2025-02-10T12:59:32.070505+00:00] main.DEBUG: Add of item with id Magento_AdminNotification::system_adminnotification was processed [] []
[2025-02-10T12:59:32.070528+00:00] main.DEBUG: Add of item with id Magento_Theme::design_config was processed [] []
[2025-02-10T12:59:32.070545+00:00] main.DEBUG: Add of item with id Magento_Theme::system_design_theme was processed [] []
[2025-02-10T12:59:32.070560+00:00] main.DEBUG: Add of item with id Magento_Backend::system_design_schedule was processed [] []
[2025-02-10T12:59:32.070575+00:00] main.DEBUG: Add of item with id Magento_Backend::system_store was processed [] []
[2025-02-10T12:59:32.070592+00:00] main.DEBUG: Add of item with id Magento_Backend::dashboard was processed [] []
[2025-02-10T12:59:32.070606+00:00] main.DEBUG: Add of item with id Magento_Backend::system was processed [] []
[2025-02-10T12:59:32.070625+00:00] main.DEBUG: Add of item with id Magento_Backend::system_tools was processed [] []
[2025-02-10T12:59:32.070643+00:00] main.DEBUG: Add of item with id Magento_Backend::system_design was processed [] []
[2025-02-10T12:59:32.070658+00:00] main.DEBUG: Add of item with id Magento_Backend::system_convert was processed [] []
[2025-02-10T12:59:32.070675+00:00] main.DEBUG: Add of item with id Magento_Backend::system_cache was processed [] []
[2025-02-10T12:59:32.070689+00:00] main.DEBUG: Add of item with id Magento_Backend::marketing was processed [] []
[2025-02-10T12:59:32.070707+00:00] main.DEBUG: Add of item with id Magento_Backend::marketing_communications was processed [] []
[2025-02-10T12:59:32.070722+00:00] main.DEBUG: Add of item with id Magento_Backend::marketing_seo was processed [] []
[2025-02-10T12:59:32.070736+00:00] main.DEBUG: Add of item with id Magento_Backend::marketing_user_content was processed [] []
[2025-02-10T12:59:32.070749+00:00] main.DEBUG: Add of item with id Magento_Backend::content was processed [] []
[2025-02-10T12:59:32.070763+00:00] main.DEBUG: Add of item with id Magento_Backend::content_elements was processed [] []
[2025-02-10T12:59:32.070776+00:00] main.DEBUG: Add of item with id Magento_Backend::stores was processed [] []
[2025-02-10T12:59:32.070793+00:00] main.DEBUG: Add of item with id Magento_Backend::stores_settings was processed [] []
[2025-02-10T12:59:32.070807+00:00] main.DEBUG: Add of item with id Magento_Backend::stores_attributes was processed [] []
[2025-02-10T12:59:32.070821+00:00] main.DEBUG: Add of item with id Magento_Backend::other_settings was processed [] []
[2025-02-10T12:59:32.070833+00:00] main.DEBUG: Add of item with id Magento_Backend::system_other_settings was processed [] []
[2025-02-10T12:59:32.070856+00:00] main.DEBUG: Add of item with id Magento_User::system_acl was processed [] []
[2025-02-10T12:59:32.070873+00:00] main.DEBUG: Add of item with id Magento_User::system_acl_users was processed [] []
[2025-02-10T12:59:32.070887+00:00] main.DEBUG: Add of item with id Magento_User::system_acl_roles was processed [] []
[2025-02-10T12:59:32.070900+00:00] main.DEBUG: Add of item with id Magento_User::system_acl_locks was processed [] []
[2025-02-10T12:59:32.070912+00:00] main.DEBUG: Add of item with id Magento_Customer::customer was processed [] []
[2025-02-10T12:59:32.070928+00:00] main.DEBUG: Add of item with id Magento_Customer::customer_manage was processed [] []
[2025-02-10T12:59:32.070942+00:00] main.DEBUG: Add of item with id Magento_Customer::customer_online was processed [] []
[2025-02-10T12:59:32.070955+00:00] main.DEBUG: Add of item with id Magento_Customer::customer_group was processed [] []
[2025-02-10T12:59:32.070968+00:00] main.DEBUG: Add of item with id Magento_Backup::system_tools_backup was processed [] []
[2025-02-10T12:59:32.070982+00:00] main.DEBUG: Add of item with id Magento_Indexer::system_index was processed [] []
[2025-02-10T12:59:32.070994+00:00] main.DEBUG: Add of item with id Magento_Variable::system_variable was processed [] []
[2025-02-10T12:59:32.071011+00:00] main.DEBUG: Add of item with id Magento_Cms::cms_page was processed [] []
[2025-02-10T12:59:32.071025+00:00] main.DEBUG: Add of item with id Magento_Cms::cms_block was processed [] []
[2025-02-10T12:59:32.071038+00:00] main.DEBUG: Add of item with id Magento_Catalog::catalog was processed [] []
[2025-02-10T12:59:32.071055+00:00] main.DEBUG: Add of item with id Magento_Catalog::catalog_products was processed [] []
[2025-02-10T12:59:32.071069+00:00] main.DEBUG: Add of item with id Magento_Catalog::catalog_categories was processed [] []
[2025-02-10T12:59:32.071085+00:00] main.DEBUG: Add of item with id Magento_Catalog::catalog_attributes_attributes was processed [] []
[2025-02-10T12:59:32.071099+00:00] main.DEBUG: Add of item with id Magento_Catalog::catalog_attributes_sets was processed [] []
[2025-02-10T12:59:32.071116+00:00] main.DEBUG: Add of item with id Magento_Catalog::inventory was processed [] []
[2025-02-10T12:59:32.071130+00:00] main.DEBUG: Add of item with id Magento_Integration::system_extensions was processed [] []
[2025-02-10T12:59:32.071146+00:00] main.DEBUG: Add of item with id Magento_Integration::system_integrations was processed [] []
[2025-02-10T12:59:32.071163+00:00] main.DEBUG: Add of item with id Magento_Search::search_terms was processed [] []
[2025-02-10T12:59:32.071177+00:00] main.DEBUG: Add of item with id Magento_Search::search_synonyms was processed [] []
[2025-02-10T12:59:32.071190+00:00] main.DEBUG: Add of item with id Magento_CatalogRule::promo was processed [] []
[2025-02-10T12:59:32.071206+00:00] main.DEBUG: Add of item with id Magento_CatalogRule::promo_catalog was processed [] []
[2025-02-10T12:59:32.071220+00:00] main.DEBUG: Add of item with id Magento_Sales::sales was processed [] []
[2025-02-10T12:59:32.071236+00:00] main.DEBUG: Add of item with id Magento_Sales::sales_operation was processed [] []
[2025-02-10T12:59:32.071253+00:00] main.DEBUG: Add of item with id Magento_Sales::sales_order was processed [] []
[2025-02-10T12:59:32.071267+00:00] main.DEBUG: Add of item with id Magento_Sales::sales_invoice was processed [] []
[2025-02-10T12:59:32.071280+00:00] main.DEBUG: Add of item with id Magento_Sales::sales_shipment was processed [] []
[2025-02-10T12:59:32.071292+00:00] main.DEBUG: Add of item with id Magento_Sales::sales_creditmemo was processed [] []
[2025-02-10T12:59:32.071305+00:00] main.DEBUG: Add of item with id Magento_Sales::sales_transactions was processed [] []
[2025-02-10T12:59:32.071317+00:00] main.DEBUG: Add of item with id Magento_Sales::system_order_statuses was processed [] []
[2025-02-10T12:59:32.071329+00:00] main.DEBUG: Add of item with id Magento_MediaGalleryUi::media was processed [] []
[2025-02-10T12:59:32.071349+00:00] main.DEBUG: Add of item with id Magento_MediaGalleryUi::media_gallery was processed [] []
[2025-02-10T12:59:32.071366+00:00] main.DEBUG: Add of item with id Magento_Downloadable::report_products_downloads was processed [] []
[2025-02-10T12:59:32.071380+00:00] main.DEBUG: Add of item with id Magento_UrlRewrite::urlrewrite was processed [] []
[2025-02-10T12:59:32.071392+00:00] main.DEBUG: Add of item with id Magento_Tax::sales_tax was processed [] []
[2025-02-10T12:59:32.071408+00:00] main.DEBUG: Add of item with id Magento_Tax::sales_tax_rules was processed [] []
[2025-02-10T12:59:32.071421+00:00] main.DEBUG: Add of item with id Magento_Tax::sales_tax_rates was processed [] []
[2025-02-10T12:59:32.071435+00:00] main.DEBUG: Add of item with id Magento_Widget::cms_widget_instance was processed [] []
[2025-02-10T12:59:32.071450+00:00] main.DEBUG: Add of item with id Magento_Analytics::business_intelligence was processed [] []
[2025-02-10T12:59:32.071467+00:00] main.DEBUG: Add of item with id Magento_Analytics::advanced_reporting was processed [] []
[2025-02-10T12:59:32.071481+00:00] main.DEBUG: Add of item with id Magento_Analytics::bi_essentials was processed [] []
[2025-02-10T12:59:32.071497+00:00] main.DEBUG: Add of item with id Magento_Newsletter::newsletter_template was processed [] []
[2025-02-10T12:59:32.071511+00:00] main.DEBUG: Add of item with id Magento_Newsletter::newsletter_queue was processed [] []
[2025-02-10T12:59:32.071524+00:00] main.DEBUG: Add of item with id Magento_Newsletter::newsletter_subscriber was processed [] []
[2025-02-10T12:59:32.071540+00:00] main.DEBUG: Add of item with id Magento_Newsletter::newsletter_problem was processed [] []
[2025-02-10T12:59:32.071556+00:00] main.DEBUG: Add of item with id Magento_ImportExport::system_convert_import was processed [] []
[2025-02-10T12:59:32.071570+00:00] main.DEBUG: Add of item with id Magento_ImportExport::system_convert_export was processed [] []
[2025-02-10T12:59:32.071582+00:00] main.DEBUG: Add of item with id Magento_ImportExport::system_convert_history was processed [] []
[2025-02-10T12:59:32.071604+00:00] main.DEBUG: Add of item with id Magento_Email::template was processed [] []
[2025-02-10T12:59:32.071617+00:00] main.DEBUG: Add of item with id Magento_EncryptionKey::system_crypt_key was processed [] []
[2025-02-10T12:59:32.071629+00:00] main.DEBUG: Add of item with id Magento_InventoryAdminUi::inventory was processed [] []
[2025-02-10T12:59:32.071645+00:00] main.DEBUG: Add of item with id Magento_InventoryAdminUi::source was processed [] []
[2025-02-10T12:59:32.071659+00:00] main.DEBUG: Add of item with id Magento_InventoryAdminUi::stock was processed [] []
[2025-02-10T12:59:32.071672+00:00] main.DEBUG: Add of item with id Magento_Reports::report was processed [] []
[2025-02-10T12:59:32.071685+00:00] main.DEBUG: Add of item with id Magento_Reports::report_marketing was processed [] []
[2025-02-10T12:59:32.071698+00:00] main.DEBUG: Add of item with id Magento_Reports::report_salesroot was processed [] []
[2025-02-10T12:59:32.071714+00:00] main.DEBUG: Add of item with id Magento_Reports::report_salesroot_sales was processed [] []
[2025-02-10T12:59:32.071727+00:00] main.DEBUG: Add of item with id Magento_Reports::report_salesroot_tax was processed [] []
[2025-02-10T12:59:32.071740+00:00] main.DEBUG: Add of item with id Magento_Reports::report_salesroot_invoiced was processed [] []
[2025-02-10T12:59:32.071752+00:00] main.DEBUG: Add of item with id Magento_Reports::report_salesroot_shipping was processed [] []
[2025-02-10T12:59:32.071765+00:00] main.DEBUG: Add of item with id Magento_Reports::report_salesroot_refunded was processed [] []
[2025-02-10T12:59:32.071777+00:00] main.DEBUG: Add of item with id Magento_Reports::report_salesroot_coupons was processed [] []
[2025-02-10T12:59:32.071789+00:00] main.DEBUG: Add of item with id Magento_Reports::report_shopcart_product was processed [] []
[2025-02-10T12:59:32.071801+00:00] main.DEBUG: Add of item with id Magento_Reports::report_shopcart_abandoned was processed [] []
[2025-02-10T12:59:32.071816+00:00] main.DEBUG: Add of item with id Magento_Reports::report_products was processed [] []
[2025-02-10T12:59:32.071828+00:00] main.DEBUG: Add of item with id Magento_Reports::report_products_bestsellers was processed [] []
[2025-02-10T12:59:32.071840+00:00] main.DEBUG: Add of item with id Magento_Reports::report_products_sold was processed [] []
[2025-02-10T12:59:32.071852+00:00] main.DEBUG: Add of item with id Magento_Reports::report_products_viewed was processed [] []
[2025-02-10T12:59:32.071864+00:00] main.DEBUG: Add of item with id Magento_Reports::report_products_lowstock was processed [] []
[2025-02-10T12:59:32.071876+00:00] main.DEBUG: Add of item with id Magento_Reports::report_customers was processed [] []
[2025-02-10T12:59:32.071891+00:00] main.DEBUG: Add of item with id Magento_Reports::report_customers_accounts was processed [] []
[2025-02-10T12:59:32.071905+00:00] main.DEBUG: Add of item with id Magento_Reports::report_customers_totals was processed [] []
[2025-02-10T12:59:32.071917+00:00] main.DEBUG: Add of item with id Magento_Reports::report_customers_orders was processed [] []
[2025-02-10T12:59:32.071930+00:00] main.DEBUG: Add of item with id Magento_Reports::report_statistics was processed [] []
[2025-02-10T12:59:32.071945+00:00] main.DEBUG: Add of item with id Magento_Reports::report_statistics_refresh was processed [] []
[2025-02-10T12:59:32.071959+00:00] main.DEBUG: Add of item with id Magento_Search::report_search_term was processed [] []
[2025-02-10T12:59:32.071972+00:00] main.DEBUG: Add of item with id Magento_LoginAsCustomerLog::login_log was processed [] []
[2025-02-10T12:59:32.071985+00:00] main.DEBUG: Add of item with id Magento_Marketplace::partners was processed [] []
[2025-02-10T12:59:32.071998+00:00] main.DEBUG: Add of item with id Magento_SalesRule::promo_quote was processed [] []
[2025-02-10T12:59:32.072010+00:00] main.DEBUG: Add of item with id Magento_Sitemap::catalog_sitemap was processed [] []
[2025-02-10T12:59:32.072022+00:00] main.DEBUG: Add of item with id Magento_PageBuilder::templates was processed [] []
[2025-02-10T12:59:32.072035+00:00] main.DEBUG: Add of item with id Magento_PaymentServicesDashboard::paymentservicesdashboard was processed [] []
[2025-02-10T12:59:32.072047+00:00] main.DEBUG: Add of item with id Magento_Paypal::report_salesroot_paypal_settlement_reports was processed [] []
[2025-02-10T12:59:32.072059+00:00] main.DEBUG: Add of item with id Magento_Paypal::paypal_billing_agreement was processed [] []
[2025-02-10T12:59:32.072071+00:00] main.DEBUG: Add of item with id Magento_Review::catalog_reviews_ratings_ratings was processed [] []
[2025-02-10T12:59:32.072086+00:00] main.DEBUG: Add of item with id Magento_Review::catalog_reviews_ratings_pending was processed [] []
[2025-02-10T12:59:32.072101+00:00] main.DEBUG: Add of item with id Magento_Review::catalog_reviews_ratings_reviews_all was processed [] []
[2025-02-10T12:59:32.072113+00:00] main.DEBUG: Add of item with id Magento_Review::report_review was processed [] []
[2025-02-10T12:59:32.072129+00:00] main.DEBUG: Add of item with id Magento_Review::report_review_customer was processed [] []
[2025-02-10T12:59:32.072143+00:00] main.DEBUG: Add of item with id Magento_Review::report_review_product was processed [] []
[2025-02-10T12:59:32.072156+00:00] main.DEBUG: Add of item with id Magento_ServicesId::configuration was processed [] []
[2025-02-10T12:59:32.072171+00:00] main.DEBUG: Add of item with id Magento_ServicesId::services_id was processed [] []
[2025-02-10T12:59:32.072185+00:00] main.DEBUG: Add of item with id Magento_CheckoutAgreements::sales_checkoutagreement was processed [] []
[2025-02-10T12:59:32.072198+00:00] main.DEBUG: Add of item with id Magento_TaxImportExport::system_convert_tax was processed [] []
[2025-02-10T12:59:32.072210+00:00] main.DEBUG: Add of item with id Magento_AsynchronousOperations::system_magento_logging was processed [] []
[2025-02-10T12:59:32.072225+00:00] main.DEBUG: Add of item with id Magento_AsynchronousOperations::system_magento_logging_bulk_operations was processed [] []
[2025-02-10T12:59:32.072241+00:00] main.DEBUG: Add of item with id Magento_CurrencySymbol::system_currency was processed [] []
[2025-02-10T12:59:32.072258+00:00] main.DEBUG: Add of item with id Magento_CurrencySymbol::system_currency_rates was processed [] []
[2025-02-10T12:59:32.072271+00:00] main.DEBUG: Add of item with id Magento_CurrencySymbol::system_currency_symbols was processed [] []
[2025-02-10T12:59:32.072285+00:00] main.DEBUG: Add of item with id Magebit_Faq::faq was processed [] []
[2025-02-10T12:59:32.072298+00:00] main.DEBUG: Add of item with id Magebit_GridRender::content_elements was processed [] []
[2025-02-10T12:59:32.072314+00:00] main.DEBUG: Add of item with id Magebit_GridRender::post was processed [] []
[2025-02-10T12:59:32.072328+00:00] main.DEBUG: Add of item with id PayPal_Braintree::settlement_report was processed [] []
[2025-02-10T12:59:32.072341+00:00] main.DEBUG: Add of item with id PayPal_Braintree::virtual_terminal was processed [] []
[2025-02-10T12:59:32.584950+00:00] main.ERROR: Unable to resolve the source file for 'adminhtml/Magento/backend/en_US/underscore-umd.js.map' [] []
[2025-02-10T12:59:32.585063+00:00] main.CRITICAL: Unable to resolve the source file for 'adminhtml/Magento/backend/en_US/underscore-umd.js.map' [] []
[2025-02-10T12:59:32.838743+00:00] main.ERROR: Unable to resolve the source file for 'adminhtml/Magento/backend/en_US/Magento_PageBuilder/js/stage-builder.js.map' [] []
[2025-02-10T12:59:32.838918+00:00] main.CRITICAL: Unable to resolve the source file for 'adminhtml/Magento/backend/en_US/Magento_PageBuilder/js/stage-builder.js.map' [] []
[2025-02-10T12:59:32.853640+00:00] main.ERROR: Unable to resolve the source file for 'adminhtml/Magento/backend/en_US/Magento_PageBuilder/js/content-type-collection.js.map' [] []
[2025-02-10T12:59:32.853793+00:00] main.CRITICAL: Unable to resolve the source file for 'adminhtml/Magento/backend/en_US/Magento_PageBuilder/js/content-type-collection.js.map' [] []
[2025-02-10T12:59:32.857639+00:00] main.ERROR: Unable to resolve the source file for 'adminhtml/Magento/backend/en_US/Magento_PageBuilder/js/config.js.map' [] []
[2025-02-10T12:59:32.857819+00:00] main.CRITICAL: Unable to resolve the source file for 'adminhtml/Magento/backend/en_US/Magento_PageBuilder/js/config.js.map' [] []
[2025-02-10T12:59:32.861781+00:00] main.ERROR: Unable to resolve the source file for 'adminhtml/Magento/backend/en_US/Magento_PageBuilder/js/content-type-factory.js.map' [] []
[2025-02-10T12:59:32.861930+00:00] main.CRITICAL: Unable to resolve the source file for 'adminhtml/Magento/backend/en_US/Magento_PageBuilder/js/content-type-factory.js.map' [] []
[2025-02-10T12:59:32.869636+00:00] main.ERROR: Unable to resolve the source file for 'adminhtml/Magento/backend/en_US/Magento_PageBuilder/js/content-type/appearance-config.js.map' [] []
[2025-02-10T12:59:32.869796+00:00] main.CRITICAL: Unable to resolve the source file for 'adminhtml/Magento/backend/en_US/Magento_PageBuilder/js/content-type/appearance-config.js.map' [] []
[2025-02-10T12:59:32.873000+00:00] main.ERROR: Unable to resolve the source file for 'adminhtml/Magento/backend/en_US/Magento_PageBuilder/js/content-type/style-registry.js.map' [] []
[2025-02-10T12:59:32.873109+00:00] main.CRITICAL: Unable to resolve the source file for 'adminhtml/Magento/backend/en_US/Magento_PageBuilder/js/content-type/style-registry.js.map' [] []
[2025-02-10T12:59:32.877914+00:00] main.ERROR: Unable to resolve the source file for 'adminhtml/Magento/backend/en_US/Magento_PageBuilder/js/master-format/validator.js.map' [] []
[2025-02-10T12:59:32.878093+00:00] main.CRITICAL: Unable to resolve the source file for 'adminhtml/Magento/backend/en_US/Magento_PageBuilder/js/master-format/validator.js.map' [] []
[2025-02-10T12:59:32.883878+00:00] main.ERROR: Unable to resolve the source file for 'adminhtml/Magento/backend/en_US/Magento_PageBuilder/js/utils/loader.js.map' [] []
[2025-02-10T12:59:32.884043+00:00] main.CRITICAL: Unable to resolve the source file for 'adminhtml/Magento/backend/en_US/Magento_PageBuilder/js/utils/loader.js.map' [] []
[2025-02-10T12:59:32.886654+00:00] main.ERROR: Unable to resolve the source file for 'adminhtml/Magento/backend/en_US/Magento_PageBuilder/js/utils/directives.js.map' [] []
[2025-02-10T12:59:32.886853+00:00] main.CRITICAL: Unable to resolve the source file for 'adminhtml/Magento/backend/en_US/Magento_PageBuilder/js/utils/directives.js.map' [] []
[2025-02-10T12:59:32.893126+00:00] main.ERROR: Unable to resolve the source file for 'adminhtml/Magento/backend/en_US/Magento_PageBuilder/js/utils/object.js.map' [] []
[2025-02-10T12:59:32.893290+00:00] main.CRITICAL: Unable to resolve the source file for 'adminhtml/Magento/backend/en_US/Magento_PageBuilder/js/utils/object.js.map' [] []
[2025-02-10T12:59:32.899533+00:00] main.ERROR: Unable to resolve the source file for 'adminhtml/Magento/backend/en_US/Magento_PageBuilder/js/collection.js.map' [] []
[2025-02-10T12:59:32.899704+00:00] main.CRITICAL: Unable to resolve the source file for 'adminhtml/Magento/backend/en_US/Magento_PageBuilder/js/collection.js.map' [] []
[2025-02-10T12:59:32.901467+00:00] main.ERROR: Unable to resolve the source file for 'adminhtml/Magento/backend/en_US/Magento_PageBuilder/js/content-type.js.map' [] []
[2025-02-10T12:59:32.901594+00:00] main.CRITICAL: Unable to resolve the source file for 'adminhtml/Magento/backend/en_US/Magento_PageBuilder/js/content-type.js.map' [] []
[2025-02-10T12:59:32.909362+00:00] main.ERROR: Unable to resolve the source file for 'adminhtml/Magento/backend/en_US/Magento_PageBuilder/js/content-type/master-factory.js.map' [] []
[2025-02-10T12:59:32.909515+00:00] main.CRITICAL: Unable to resolve the source file for 'adminhtml/Magento/backend/en_US/Magento_PageBuilder/js/content-type/master-factory.js.map' [] []
[2025-02-10T12:59:32.913958+00:00] main.ERROR: Unable to resolve the source file for 'adminhtml/Magento/backend/en_US/Magento_PageBuilder/js/content-type/preview-factory.js.map' [] []
[2025-02-10T12:59:32.914116+00:00] main.CRITICAL: Unable to resolve the source file for 'adminhtml/Magento/backend/en_US/Magento_PageBuilder/js/content-type/preview-factory.js.map' [] []
[2025-02-10T12:59:32.917348+00:00] main.ERROR: Unable to resolve the source file for 'adminhtml/Magento/backend/en_US/Magento_PageBuilder/js/utils/string.js.map' [] []
[2025-02-10T12:59:32.917578+00:00] main.CRITICAL: Unable to resolve the source file for 'adminhtml/Magento/backend/en_US/Magento_PageBuilder/js/utils/string.js.map' [] []
[2025-02-10T12:59:32.925407+00:00] main.ERROR: Unable to resolve the source file for 'adminhtml/Magento/backend/en_US/Magento_PageBuilder/js/utils/array.js.map' [] []
[2025-02-10T12:59:32.925563+00:00] main.CRITICAL: Unable to resolve the source file for 'adminhtml/Magento/backend/en_US/Magento_PageBuilder/js/utils/array.js.map' [] []
[2025-02-10T12:59:32.931033+00:00] main.ERROR: Unable to resolve the source file for 'adminhtml/Magento/backend/en_US/Magento_PageBuilder/js/data-store.js.map' [] []
[2025-02-10T12:59:32.931199+00:00] main.CRITICAL: Unable to resolve the source file for 'adminhtml/Magento/backend/en_US/Magento_PageBuilder/js/data-store.js.map' [] []
[2025-02-10T12:59:32.932994+00:00] main.ERROR: Unable to resolve the source file for 'adminhtml/Magento/backend/en_US/Magento_PageBuilder/js/content-type/converter-resolver.js.map' [] []
[2025-02-10T12:59:32.933149+00:00] main.CRITICAL: Unable to resolve the source file for 'adminhtml/Magento/backend/en_US/Magento_PageBuilder/js/content-type/converter-resolver.js.map' [] []
[2025-02-10T12:59:32.940082+00:00] main.ERROR: Unable to resolve the source file for 'adminhtml/Magento/backend/en_US/Magento_PageBuilder/js/content-type/observable-updater-factory.js.map' [] []
[2025-02-10T12:59:32.940240+00:00] main.CRITICAL: Unable to resolve the source file for 'adminhtml/Magento/backend/en_US/Magento_PageBuilder/js/content-type/observable-updater-factory.js.map' [] []
[2025-02-10T12:59:32.946706+00:00] main.ERROR: Unable to resolve the source file for 'adminhtml/Magento/backend/en_US/Magento_PageBuilder/js/content-type/preview-converter-resolver.js.map' [] []
[2025-02-10T12:59:32.946864+00:00] main.CRITICAL: Unable to resolve the source file for 'adminhtml/Magento/backend/en_US/Magento_PageBuilder/js/content-type/preview-converter-resolver.js.map' [] []
[2025-02-10T12:59:32.980882+00:00] main.ERROR: Unable to resolve the source file for 'adminhtml/Magento/backend/en_US/Magento_PageBuilder/js/mass-converter/converter-pool-factory.js.map' [] []
[2025-02-10T12:59:32.981032+00:00] main.CRITICAL: Unable to resolve the source file for 'adminhtml/Magento/backend/en_US/Magento_PageBuilder/js/mass-converter/converter-pool-factory.js.map' [] []
[2025-02-10T12:59:32.988880+00:00] main.ERROR: Unable to resolve the source file for 'adminhtml/Magento/backend/en_US/Magento_PageBuilder/js/converter/converter-pool-factory.js.map' [] []
[2025-02-10T12:59:32.989002+00:00] main.CRITICAL: Unable to resolve the source file for 'adminhtml/Magento/backend/en_US/Magento_PageBuilder/js/converter/converter-pool-factory.js.map' [] []
[2025-02-10T12:59:32.988930+00:00] main.ERROR: Unable to resolve the source file for 'adminhtml/Magento/backend/en_US/Magento_PageBuilder/js/content-type/observable-updater.js.map' [] []
[2025-02-10T12:59:32.989048+00:00] main.CRITICAL: Unable to resolve the source file for 'adminhtml/Magento/backend/en_US/Magento_PageBuilder/js/content-type/observable-updater.js.map' [] []
[2025-02-10T12:59:33.022948+00:00] main.ERROR: Unable to resolve the source file for 'adminhtml/Magento/backend/en_US/Magento_PageBuilder/js/content-type/observable-updater/css.js.map' [] []
[2025-02-10T12:59:33.022951+00:00] main.ERROR: Unable to resolve the source file for 'adminhtml/Magento/backend/en_US/Magento_PageBuilder/js/mass-converter/converter-pool.js.map' [] []
[2025-02-10T12:59:33.022951+00:00] main.ERROR: Unable to resolve the source file for 'adminhtml/Magento/backend/en_US/Magento_PageBuilder/js/content-type/observable-updater/attributes.js.map' [] []
[2025-02-10T12:59:33.023095+00:00] main.CRITICAL: Unable to resolve the source file for 'adminhtml/Magento/backend/en_US/Magento_PageBuilder/js/content-type/observable-updater/css.js.map' [] []
[2025-02-10T12:59:33.023099+00:00] main.CRITICAL: Unable to resolve the source file for 'adminhtml/Magento/backend/en_US/Magento_PageBuilder/js/content-type/observable-updater/attributes.js.map' [] []
[2025-02-10T12:59:33.023099+00:00] main.CRITICAL: Unable to resolve the source file for 'adminhtml/Magento/backend/en_US/Magento_PageBuilder/js/mass-converter/converter-pool.js.map' [] []
[2025-02-10T12:59:33.038436+00:00] main.ERROR: Unable to resolve the source file for 'adminhtml/Magento/backend/en_US/Magento_PageBuilder/js/content-type/observable-updater/html.js.map' [] []
[2025-02-10T12:59:33.038407+00:00] main.ERROR: Unable to resolve the source file for 'adminhtml/Magento/backend/en_US/Magento_PageBuilder/js/content-type/observable-updater/style.js.map' [] []
[2025-02-10T12:59:33.038564+00:00] main.CRITICAL: Unable to resolve the source file for 'adminhtml/Magento/backend/en_US/Magento_PageBuilder/js/content-type/observable-updater/style.js.map' [] []
[2025-02-10T12:59:33.038564+00:00] main.CRITICAL: Unable to resolve the source file for 'adminhtml/Magento/backend/en_US/Magento_PageBuilder/js/content-type/observable-updater/html.js.map' [] []
[2025-02-10T12:59:33.040062+00:00] main.ERROR: Unable to resolve the source file for 'adminhtml/Magento/backend/en_US/Magento_PageBuilder/js/converter/converter-pool.js.map' [] []
[2025-02-10T12:59:33.040255+00:00] main.CRITICAL: Unable to resolve the source file for 'adminhtml/Magento/backend/en_US/Magento_PageBuilder/js/converter/converter-pool.js.map' [] []
[2025-02-10T12:59:33.060381+00:00] main.ERROR: Unable to resolve the source file for 'adminhtml/Magento/backend/en_US/Magento_PageBuilder/js/utils/editor.js.map' [] []
[2025-02-10T12:59:33.060520+00:00] main.CRITICAL: Unable to resolve the source file for 'adminhtml/Magento/backend/en_US/Magento_PageBuilder/js/utils/editor.js.map' [] []
[2025-02-10T12:59:36.185768+00:00] main.INFO: Broken reference: the 'notification.messages' tries to reorder itself towards 'user', but their parents are different: 'header.inner.right' and 'header' respectively. [] []
[2025-02-10T12:59:36.450393+00:00] main.ERROR: Unable to resolve the source file for 'adminhtml/Magento/backend/en_US/underscore-umd.js.map' [] []
[2025-02-10T12:59:36.450509+00:00] main.CRITICAL: Unable to resolve the source file for 'adminhtml/Magento/backend/en_US/underscore-umd.js.map' [] []
[2025-02-10T12:59:36.686294+00:00] main.ERROR: Unable to resolve the source file for 'adminhtml/Magento/backend/en_US/Magento_PageBuilder/js/stage-builder.js.map' [] []
[2025-02-10T12:59:36.686455+00:00] main.CRITICAL: Unable to resolve the source file for 'adminhtml/Magento/backend/en_US/Magento_PageBuilder/js/stage-builder.js.map' [] []
[2025-02-10T12:59:36.696035+00:00] main.ERROR: Unable to resolve the source file for 'adminhtml/Magento/backend/en_US/Magento_PageBuilder/js/content-type-collection.js.map' [] []
[2025-02-10T12:59:36.696035+00:00] main.ERROR: Unable to resolve the source file for 'adminhtml/Magento/backend/en_US/Magento_PageBuilder/js/config.js.map' [] []
[2025-02-10T12:59:36.696181+00:00] main.CRITICAL: Unable to resolve the source file for 'adminhtml/Magento/backend/en_US/Magento_PageBuilder/js/config.js.map' [] []
[2025-02-10T12:59:36.696181+00:00] main.CRITICAL: Unable to resolve the source file for 'adminhtml/Magento/backend/en_US/Magento_PageBuilder/js/content-type-collection.js.map' [] []
[2025-02-10T12:59:36.700518+00:00] main.ERROR: Unable to resolve the source file for 'adminhtml/Magento/backend/en_US/Magento_PageBuilder/js/content-type-factory.js.map' [] []
[2025-02-10T12:59:36.700683+00:00] main.CRITICAL: Unable to resolve the source file for 'adminhtml/Magento/backend/en_US/Magento_PageBuilder/js/content-type-factory.js.map' [] []
[2025-02-10T12:59:36.708104+00:00] main.ERROR: Unable to resolve the source file for 'adminhtml/Magento/backend/en_US/Magento_PageBuilder/js/content-type/appearance-config.js.map' [] []
[2025-02-10T12:59:36.708213+00:00] main.CRITICAL: Unable to resolve the source file for 'adminhtml/Magento/backend/en_US/Magento_PageBuilder/js/content-type/appearance-config.js.map' [] []
[2025-02-10T12:59:36.708290+00:00] main.ERROR: Unable to resolve the source file for 'adminhtml/Magento/backend/en_US/Magento_PageBuilder/js/content-type/style-registry.js.map' [] []
[2025-02-10T12:59:36.708406+00:00] main.CRITICAL: Unable to resolve the source file for 'adminhtml/Magento/backend/en_US/Magento_PageBuilder/js/content-type/style-registry.js.map' [] []
[2025-02-10T12:59:36.715638+00:00] main.ERROR: Unable to resolve the source file for 'adminhtml/Magento/backend/en_US/Magento_PageBuilder/js/master-format/validator.js.map' [] []
[2025-02-10T12:59:36.715803+00:00] main.CRITICAL: Unable to resolve the source file for 'adminhtml/Magento/backend/en_US/Magento_PageBuilder/js/master-format/validator.js.map' [] []
[2025-02-10T12:59:36.719650+00:00] main.ERROR: Unable to resolve the source file for 'adminhtml/Magento/backend/en_US/Magento_PageBuilder/js/utils/loader.js.map' [] []
[2025-02-10T12:59:36.719650+00:00] main.ERROR: Unable to resolve the source file for 'adminhtml/Magento/backend/en_US/Magento_PageBuilder/js/utils/directives.js.map' [] []
[2025-02-10T12:59:36.719759+00:00] main.CRITICAL: Unable to resolve the source file for 'adminhtml/Magento/backend/en_US/Magento_PageBuilder/js/utils/directives.js.map' [] []
[2025-02-10T12:59:36.719760+00:00] main.CRITICAL: Unable to resolve the source file for 'adminhtml/Magento/backend/en_US/Magento_PageBuilder/js/utils/loader.js.map' [] []
[2025-02-10T12:59:36.727435+00:00] main.ERROR: Unable to resolve the source file for 'adminhtml/Magento/backend/en_US/Magento_PageBuilder/js/utils/object.js.map' [] []
[2025-02-10T12:59:36.727612+00:00] main.CRITICAL: Unable to resolve the source file for 'adminhtml/Magento/backend/en_US/Magento_PageBuilder/js/utils/object.js.map' [] []
[2025-02-10T12:59:36.730730+00:00] main.ERROR: Unable to resolve the source file for 'adminhtml/Magento/backend/en_US/Magento_PageBuilder/js/collection.js.map' [] []
[2025-02-10T12:59:36.730872+00:00] main.CRITICAL: Unable to resolve the source file for 'adminhtml/Magento/backend/en_US/Magento_PageBuilder/js/collection.js.map' [] []
[2025-02-10T12:59:36.731174+00:00] main.ERROR: Unable to resolve the source file for 'adminhtml/Magento/backend/en_US/Magento_PageBuilder/js/content-type.js.map' [] []
[2025-02-10T12:59:36.731352+00:00] main.CRITICAL: Unable to resolve the source file for 'adminhtml/Magento/backend/en_US/Magento_PageBuilder/js/content-type.js.map' [] []
[2025-02-10T12:59:36.740212+00:00] main.ERROR: Unable to resolve the source file for 'adminhtml/Magento/backend/en_US/Magento_PageBuilder/js/content-type/master-factory.js.map' [] []
[2025-02-10T12:59:36.740381+00:00] main.CRITICAL: Unable to resolve the source file for 'adminhtml/Magento/backend/en_US/Magento_PageBuilder/js/content-type/master-factory.js.map' [] []
[2025-02-10T12:59:36.745879+00:00] main.ERROR: Unable to resolve the source file for 'adminhtml/Magento/backend/en_US/Magento_PageBuilder/js/content-type/preview-factory.js.map' [] []
[2025-02-10T12:59:36.746044+00:00] main.CRITICAL: Unable to resolve the source file for 'adminhtml/Magento/backend/en_US/Magento_PageBuilder/js/content-type/preview-factory.js.map' [] []
[2025-02-10T12:59:36.752635+00:00] main.ERROR: Unable to resolve the source file for 'adminhtml/Magento/backend/en_US/Magento_PageBuilder/js/utils/string.js.map' [] []
[2025-02-10T12:59:36.752796+00:00] main.CRITICAL: Unable to resolve the source file for 'adminhtml/Magento/backend/en_US/Magento_PageBuilder/js/utils/string.js.map' [] []
[2025-02-10T12:59:36.757689+00:00] main.ERROR: Unable to resolve the source file for 'adminhtml/Magento/backend/en_US/Magento_PageBuilder/js/utils/array.js.map' [] []
[2025-02-10T12:59:36.757685+00:00] main.ERROR: Unable to resolve the source file for 'adminhtml/Magento/backend/en_US/Magento_PageBuilder/js/data-store.js.map' [] []
[2025-02-10T12:59:36.757842+00:00] main.CRITICAL: Unable to resolve the source file for 'adminhtml/Magento/backend/en_US/Magento_PageBuilder/js/utils/array.js.map' [] []
[2025-02-10T12:59:36.757843+00:00] main.CRITICAL: Unable to resolve the source file for 'adminhtml/Magento/backend/en_US/Magento_PageBuilder/js/data-store.js.map' [] []
[2025-02-10T12:59:36.767743+00:00] main.ERROR: Unable to resolve the source file for 'adminhtml/Magento/backend/en_US/Magento_PageBuilder/js/content-type/converter-resolver.js.map' [] []
[2025-02-10T12:59:36.767923+00:00] main.CRITICAL: Unable to resolve the source file for 'adminhtml/Magento/backend/en_US/Magento_PageBuilder/js/content-type/converter-resolver.js.map' [] []
[2025-02-10T12:59:36.771546+00:00] main.ERROR: Unable to resolve the source file for 'adminhtml/Magento/backend/en_US/Magento_PageBuilder/js/content-type/preview-converter-resolver.js.map' [] []
[2025-02-10T12:59:36.771683+00:00] main.CRITICAL: Unable to resolve the source file for 'adminhtml/Magento/backend/en_US/Magento_PageBuilder/js/content-type/preview-converter-resolver.js.map' [] []
[2025-02-10T12:59:36.773822+00:00] main.ERROR: Unable to resolve the source file for 'adminhtml/Magento/backend/en_US/Magento_PageBuilder/js/content-type/observable-updater-factory.js.map' [] []
[2025-02-10T12:59:36.773977+00:00] main.CRITICAL: Unable to resolve the source file for 'adminhtml/Magento/backend/en_US/Magento_PageBuilder/js/content-type/observable-updater-factory.js.map' [] []
[2025-02-10T12:59:36.783062+00:00] main.ERROR: Unable to resolve the source file for 'adminhtml/Magento/backend/en_US/Magento_PageBuilder/js/converter/converter-pool-factory.js.map' [] []
[2025-02-10T12:59:36.783225+00:00] main.CRITICAL: Unable to resolve the source file for 'adminhtml/Magento/backend/en_US/Magento_PageBuilder/js/converter/converter-pool-factory.js.map' [] []
[2025-02-10T12:59:36.785610+00:00] main.ERROR: Unable to resolve the source file for 'adminhtml/Magento/backend/en_US/Magento_PageBuilder/js/mass-converter/converter-pool-factory.js.map' [] []
[2025-02-10T12:59:36.785785+00:00] main.CRITICAL: Unable to resolve the source file for 'adminhtml/Magento/backend/en_US/Magento_PageBuilder/js/mass-converter/converter-pool-factory.js.map' [] []
[2025-02-10T12:59:36.788771+00:00] main.ERROR: Unable to resolve the source file for 'adminhtml/Magento/backend/en_US/Magento_PageBuilder/js/content-type/observable-updater.js.map' [] []
[2025-02-10T12:59:36.788912+00:00] main.CRITICAL: Unable to resolve the source file for 'adminhtml/Magento/backend/en_US/Magento_PageBuilder/js/content-type/observable-updater.js.map' [] []
[2025-02-10T12:59:36.803503+00:00] main.ERROR: Unable to resolve the source file for 'adminhtml/Magento/backend/en_US/Magento_PageBuilder/js/mass-converter/converter-pool.js.map' [] []
[2025-02-10T12:59:36.803675+00:00] main.CRITICAL: Unable to resolve the source file for 'adminhtml/Magento/backend/en_US/Magento_PageBuilder/js/mass-converter/converter-pool.js.map' [] []
[2025-02-10T12:59:36.804541+00:00] main.ERROR: Unable to resolve the source file for 'adminhtml/Magento/backend/en_US/Magento_PageBuilder/js/converter/converter-pool.js.map' [] []
[2025-02-10T12:59:36.804710+00:00] main.CRITICAL: Unable to resolve the source file for 'adminhtml/Magento/backend/en_US/Magento_PageBuilder/js/converter/converter-pool.js.map' [] []
[2025-02-10T12:59:36.813626+00:00] main.ERROR: Unable to resolve the source file for 'adminhtml/Magento/backend/en_US/Magento_PageBuilder/js/content-type/observable-updater/attributes.js.map' [] []
[2025-02-10T12:59:36.813802+00:00] main.CRITICAL: Unable to resolve the source file for 'adminhtml/Magento/backend/en_US/Magento_PageBuilder/js/content-type/observable-updater/attributes.js.map' [] []
[2025-02-10T12:59:36.819556+00:00] main.ERROR: Unable to resolve the source file for 'adminhtml/Magento/backend/en_US/Magento_PageBuilder/js/content-type/observable-updater/css.js.map' [] []
[2025-02-10T12:59:36.819726+00:00] main.CRITICAL: Unable to resolve the source file for 'adminhtml/Magento/backend/en_US/Magento_PageBuilder/js/content-type/observable-updater/css.js.map' [] []
[2025-02-10T12:59:36.819479+00:00] main.ERROR: Unable to resolve the source file for 'adminhtml/Magento/backend/en_US/Magento_PageBuilder/js/content-type/observable-updater/html.js.map' [] []
[2025-02-10T12:59:36.819806+00:00] main.CRITICAL: Unable to resolve the source file for 'adminhtml/Magento/backend/en_US/Magento_PageBuilder/js/content-type/observable-updater/html.js.map' [] []
[2025-02-10T12:59:36.825420+00:00] main.ERROR: Unable to resolve the source file for 'adminhtml/Magento/backend/en_US/Magento_PageBuilder/js/content-type/observable-updater/style.js.map' [] []
[2025-02-10T12:59:36.825520+00:00] main.CRITICAL: Unable to resolve the source file for 'adminhtml/Magento/backend/en_US/Magento_PageBuilder/js/content-type/observable-updater/style.js.map' [] []
[2025-02-10T12:59:36.848111+00:00] main.ERROR: Unable to resolve the source file for 'adminhtml/Magento/backend/en_US/Magento_PageBuilder/js/utils/editor.js.map' [] []
[2025-02-10T12:59:36.848243+00:00] main.CRITICAL: Unable to resolve the source file for 'adminhtml/Magento/backend/en_US/Magento_PageBuilder/js/utils/editor.js.map' [] []
[2025-02-10T12:59:38.468786+00:00] main.INFO: Broken reference: the 'notification.messages' tries to reorder itself towards 'user', but their parents are different: 'header.inner.right' and 'header' respectively. [] []
[2025-02-10T12:59:38.697081+00:00] main.ERROR: Unable to resolve the source file for 'adminhtml/Magento/backend/en_US/underscore-umd.js.map' [] []
[2025-02-10T12:59:38.697234+00:00] main.CRITICAL: Unable to resolve the source file for 'adminhtml/Magento/backend/en_US/underscore-umd.js.map' [] []
[2025-02-10T12:59:40.837461+00:00] main.INFO: Broken reference: the 'notification.messages' tries to reorder itself towards 'user', but their parents are different: 'header.inner.right' and 'header' respectively. [] []
[2025-02-10T12:59:41.061166+00:00] main.ERROR: Unable to resolve the source file for 'adminhtml/Magento/backend/en_US/underscore-umd.js.map' [] []
[2025-02-10T12:59:41.061286+00:00] main.CRITICAL: Unable to resolve the source file for 'adminhtml/Magento/backend/en_US/underscore-umd.js.map' [] []
[2025-02-10T12:59:43.417427+00:00] main.INFO: Broken reference: the 'notification.messages' tries to reorder itself towards 'user', but their parents are different: 'header.inner.right' and 'header' respectively. [] []
[2025-02-10T12:59:43.670426+00:00] main.ERROR: Unable to resolve the source file for 'adminhtml/Magento/backend/en_US/underscore-umd.js.map' [] []
[2025-02-10T12:59:43.670620+00:00] main.CRITICAL: Unable to resolve the source file for 'adminhtml/Magento/backend/en_US/underscore-umd.js.map' [] []
[2025-02-10T12:59:43.934324+00:00] main.ERROR: Unable to resolve the source file for 'adminhtml/Magento/backend/en_US/Magento_PageBuilder/js/stage-builder.js.map' [] []
[2025-02-10T12:59:43.934497+00:00] main.CRITICAL: Unable to resolve the source file for 'adminhtml/Magento/backend/en_US/Magento_PageBuilder/js/stage-builder.js.map' [] []
[2025-02-10T12:59:43.973699+00:00] main.ERROR: Unable to resolve the source file for 'adminhtml/Magento/backend/en_US/Magento_PageBuilder/js/config.js.map' [] []
[2025-02-10T12:59:43.973808+00:00] main.CRITICAL: Unable to resolve the source file for 'adminhtml/Magento/backend/en_US/Magento_PageBuilder/js/config.js.map' [] []
[2025-02-10T12:59:43.975258+00:00] main.ERROR: Unable to resolve the source file for 'adminhtml/Magento/backend/en_US/Magento_PageBuilder/js/content-type-collection.js.map' [] []
[2025-02-10T12:59:43.975387+00:00] main.CRITICAL: Unable to resolve the source file for 'adminhtml/Magento/backend/en_US/Magento_PageBuilder/js/content-type-collection.js.map' [] []
[2025-02-10T12:59:43.998882+00:00] main.ERROR: Unable to resolve the source file for 'adminhtml/Magento/backend/en_US/Magento_PageBuilder/js/content-type/appearance-config.js.map' [] []
[2025-02-10T12:59:43.999004+00:00] main.CRITICAL: Unable to resolve the source file for 'adminhtml/Magento/backend/en_US/Magento_PageBuilder/js/content-type/appearance-config.js.map' [] []
[2025-02-10T12:59:43.999315+00:00] main.ERROR: Unable to resolve the source file for 'adminhtml/Magento/backend/en_US/Magento_PageBuilder/js/content-type/style-registry.js.map' [] []
[2025-02-10T12:59:43.999447+00:00] main.CRITICAL: Unable to resolve the source file for 'adminhtml/Magento/backend/en_US/Magento_PageBuilder/js/content-type/style-registry.js.map' [] []
[2025-02-10T12:59:43.999315+00:00] main.ERROR: Unable to resolve the source file for 'adminhtml/Magento/backend/en_US/Magento_PageBuilder/js/content-type-factory.js.map' [] []
[2025-02-10T12:59:43.999575+00:00] main.CRITICAL: Unable to resolve the source file for 'adminhtml/Magento/backend/en_US/Magento_PageBuilder/js/content-type-factory.js.map' [] []
[2025-02-10T12:59:44.011405+00:00] main.ERROR: Unable to resolve the source file for 'adminhtml/Magento/backend/en_US/Magento_PageBuilder/js/utils/loader.js.map' [] []
[2025-02-10T12:59:44.011546+00:00] main.CRITICAL: Unable to resolve the source file for 'adminhtml/Magento/backend/en_US/Magento_PageBuilder/js/utils/loader.js.map' [] []
[2025-02-10T12:59:44.012383+00:00] main.ERROR: Unable to resolve the source file for 'adminhtml/Magento/backend/en_US/Magento_PageBuilder/js/master-format/validator.js.map' [] []
[2025-02-10T12:59:44.012383+00:00] main.ERROR: Unable to resolve the source file for 'adminhtml/Magento/backend/en_US/Magento_PageBuilder/js/utils/object.js.map' [] []
[2025-02-10T12:59:44.012520+00:00] main.CRITICAL: Unable to resolve the source file for 'adminhtml/Magento/backend/en_US/Magento_PageBuilder/js/master-format/validator.js.map' [] []
[2025-02-10T12:59:44.012520+00:00] main.CRITICAL: Unable to resolve the source file for 'adminhtml/Magento/backend/en_US/Magento_PageBuilder/js/utils/object.js.map' [] []
[2025-02-10T12:59:44.024018+00:00] main.ERROR: Unable to resolve the source file for 'adminhtml/Magento/backend/en_US/Magento_PageBuilder/js/content-type.js.map' [] []
[2025-02-10T12:59:44.024162+00:00] main.CRITICAL: Unable to resolve the source file for 'adminhtml/Magento/backend/en_US/Magento_PageBuilder/js/content-type.js.map' [] []
[2025-02-10T12:59:44.025090+00:00] main.ERROR: Unable to resolve the source file for 'adminhtml/Magento/backend/en_US/Magento_PageBuilder/js/collection.js.map' [] []
[2025-02-10T12:59:44.025316+00:00] main.CRITICAL: Unable to resolve the source file for 'adminhtml/Magento/backend/en_US/Magento_PageBuilder/js/collection.js.map' [] []
[2025-02-10T12:59:44.025380+00:00] main.ERROR: Unable to resolve the source file for 'adminhtml/Magento/backend/en_US/Magento_PageBuilder/js/utils/directives.js.map' [] []
[2025-02-10T12:59:44.025512+00:00] main.CRITICAL: Unable to resolve the source file for 'adminhtml/Magento/backend/en_US/Magento_PageBuilder/js/utils/directives.js.map' [] []
[2025-02-10T12:59:44.040132+00:00] main.ERROR: Unable to resolve the source file for 'adminhtml/Magento/backend/en_US/Magento_PageBuilder/js/utils/string.js.map' [] []
[2025-02-10T12:59:44.040288+00:00] main.CRITICAL: Unable to resolve the source file for 'adminhtml/Magento/backend/en_US/Magento_PageBuilder/js/utils/string.js.map' [] []
[2025-02-10T12:59:44.049296+00:00] main.ERROR: Unable to resolve the source file for 'adminhtml/Magento/backend/en_US/Magento_PageBuilder/js/content-type/master-factory.js.map' [] []
[2025-02-10T12:59:44.049466+00:00] main.CRITICAL: Unable to resolve the source file for 'adminhtml/Magento/backend/en_US/Magento_PageBuilder/js/content-type/master-factory.js.map' [] []
[2025-02-10T12:59:44.053734+00:00] main.ERROR: Unable to resolve the source file for 'adminhtml/Magento/backend/en_US/Magento_PageBuilder/js/content-type/preview-factory.js.map' [] []
[2025-02-10T12:59:44.053889+00:00] main.CRITICAL: Unable to resolve the source file for 'adminhtml/Magento/backend/en_US/Magento_PageBuilder/js/content-type/preview-factory.js.map' [] []
[2025-02-10T12:59:44.057060+00:00] main.ERROR: Unable to resolve the source file for 'adminhtml/Magento/backend/en_US/Magento_PageBuilder/js/data-store.js.map' [] []
[2025-02-10T12:59:44.057228+00:00] main.CRITICAL: Unable to resolve the source file for 'adminhtml/Magento/backend/en_US/Magento_PageBuilder/js/data-store.js.map' [] []
[2025-02-10T12:59:44.063537+00:00] main.ERROR: Unable to resolve the source file for 'adminhtml/Magento/backend/en_US/Magento_PageBuilder/js/utils/array.js.map' [] []
[2025-02-10T12:59:44.063708+00:00] main.CRITICAL: Unable to resolve the source file for 'adminhtml/Magento/backend/en_US/Magento_PageBuilder/js/utils/array.js.map' [] []
[2025-02-10T12:59:44.081880+00:00] main.ERROR: Unable to resolve the source file for 'adminhtml/Magento/backend/en_US/Magento_PageBuilder/js/content-type/converter-resolver.js.map' [] []
[2025-02-10T12:59:44.081878+00:00] main.ERROR: Unable to resolve the source file for 'adminhtml/Magento/backend/en_US/Magento_PageBuilder/js/content-type/observable-updater-factory.js.map' [] []
[2025-02-10T12:59:44.081880+00:00] main.ERROR: Unable to resolve the source file for 'adminhtml/Magento/backend/en_US/Magento_PageBuilder/js/content-type/preview-converter-resolver.js.map' [] []
[2025-02-10T12:59:44.082022+00:00] main.CRITICAL: Unable to resolve the source file for 'adminhtml/Magento/backend/en_US/Magento_PageBuilder/js/content-type/converter-resolver.js.map' [] []
[2025-02-10T12:59:44.082024+00:00] main.CRITICAL: Unable to resolve the source file for 'adminhtml/Magento/backend/en_US/Magento_PageBuilder/js/content-type/observable-updater-factory.js.map' [] []
[2025-02-10T12:59:44.082025+00:00] main.CRITICAL: Unable to resolve the source file for 'adminhtml/Magento/backend/en_US/Magento_PageBuilder/js/content-type/preview-converter-resolver.js.map' [] []
[2025-02-10T12:59:44.106482+00:00] main.ERROR: Unable to resolve the source file for 'adminhtml/Magento/backend/en_US/Magento_PageBuilder/js/converter/converter-pool-factory.js.map' [] []
[2025-02-10T12:59:44.106649+00:00] main.CRITICAL: Unable to resolve the source file for 'adminhtml/Magento/backend/en_US/Magento_PageBuilder/js/converter/converter-pool-factory.js.map' [] []
[2025-02-10T12:59:44.109357+00:00] main.ERROR: Unable to resolve the source file for 'adminhtml/Magento/backend/en_US/Magento_PageBuilder/js/mass-converter/converter-pool-factory.js.map' [] []
[2025-02-10T12:59:44.109517+00:00] main.CRITICAL: Unable to resolve the source file for 'adminhtml/Magento/backend/en_US/Magento_PageBuilder/js/mass-converter/converter-pool-factory.js.map' [] []
[2025-02-10T12:59:44.120902+00:00] main.ERROR: Unable to resolve the source file for 'adminhtml/Magento/backend/en_US/Magento_PageBuilder/js/content-type/observable-updater.js.map' [] []
[2025-02-10T12:59:44.121027+00:00] main.CRITICAL: Unable to resolve the source file for 'adminhtml/Magento/backend/en_US/Magento_PageBuilder/js/content-type/observable-updater.js.map' [] []
[2025-02-10T12:59:44.151439+00:00] main.ERROR: Unable to resolve the source file for 'adminhtml/Magento/backend/en_US/Magento_PageBuilder/js/content-type/observable-updater/attributes.js.map' [] []
[2025-02-10T12:59:44.151598+00:00] main.CRITICAL: Unable to resolve the source file for 'adminhtml/Magento/backend/en_US/Magento_PageBuilder/js/content-type/observable-updater/attributes.js.map' [] []
[2025-02-10T12:59:44.152052+00:00] main.ERROR: Unable to resolve the source file for 'adminhtml/Magento/backend/en_US/Magento_PageBuilder/js/mass-converter/converter-pool.js.map' [] []
[2025-02-10T12:59:44.152052+00:00] main.ERROR: Unable to resolve the source file for 'adminhtml/Magento/backend/en_US/Magento_PageBuilder/js/converter/converter-pool.js.map' [] []
[2025-02-10T12:59:44.152177+00:00] main.CRITICAL: Unable to resolve the source file for 'adminhtml/Magento/backend/en_US/Magento_PageBuilder/js/converter/converter-pool.js.map' [] []
[2025-02-10T12:59:44.152177+00:00] main.CRITICAL: Unable to resolve the source file for 'adminhtml/Magento/backend/en_US/Magento_PageBuilder/js/mass-converter/converter-pool.js.map' [] []
[2025-02-10T12:59:44.164789+00:00] main.ERROR: Unable to resolve the source file for 'adminhtml/Magento/backend/en_US/Magento_PageBuilder/js/content-type/observable-updater/css.js.map' [] []
[2025-02-10T12:59:44.164947+00:00] main.CRITICAL: Unable to resolve the source file for 'adminhtml/Magento/backend/en_US/Magento_PageBuilder/js/content-type/observable-updater/css.js.map' [] []
[2025-02-10T12:59:44.164949+00:00] main.ERROR: Unable to resolve the source file for 'adminhtml/Magento/backend/en_US/Magento_PageBuilder/js/content-type/observable-updater/style.js.map' [] []
[2025-02-10T12:59:44.165037+00:00] main.CRITICAL: Unable to resolve the source file for 'adminhtml/Magento/backend/en_US/Magento_PageBuilder/js/content-type/observable-updater/style.js.map' [] []
[2025-02-10T12:59:44.165076+00:00] main.ERROR: Unable to resolve the source file for 'adminhtml/Magento/backend/en_US/Magento_PageBuilder/js/content-type/observable-updater/html.js.map' [] []
[2025-02-10T12:59:44.165180+00:00] main.CRITICAL: Unable to resolve the source file for 'adminhtml/Magento/backend/en_US/Magento_PageBuilder/js/content-type/observable-updater/html.js.map' [] []
[2025-02-10T12:59:44.179069+00:00] main.ERROR: Unable to resolve the source file for 'adminhtml/Magento/backend/en_US/Magento_PageBuilder/js/utils/editor.js.map' [] []
[2025-02-10T12:59:44.179204+00:00] main.CRITICAL: Unable to resolve the source file for 'adminhtml/Magento/backend/en_US/Magento_PageBuilder/js/utils/editor.js.map' [] []
[2025-02-10T13:00:02.096763+00:00] main.INFO: Broken reference: the 'notification.messages' tries to reorder itself towards 'user', but their parents are different: 'header.inner.right' and 'header' respectively. [] []
[2025-02-10T13:00:02.307940+00:00] main.ERROR: Unable to resolve the source file for 'adminhtml/Magento/backend/en_US/underscore-umd.js.map' [] []
[2025-02-10T13:00:02.308060+00:00] main.CRITICAL: Unable to resolve the source file for 'adminhtml/Magento/backend/en_US/underscore-umd.js.map' [] []
[2025-02-10T13:00:02.635412+00:00] main.ERROR: Unable to resolve the source file for 'adminhtml/Magento/backend/en_US/Magento_PageBuilder/js/stage-builder.js.map' [] []
[2025-02-10T13:00:02.635604+00:00] main.CRITICAL: Unable to resolve the source file for 'adminhtml/Magento/backend/en_US/Magento_PageBuilder/js/stage-builder.js.map' [] []
[2025-02-10T13:00:02.670306+00:00] main.ERROR: Unable to resolve the source file for 'adminhtml/Magento/backend/en_US/Magento_PageBuilder/js/config.js.map' [] []
[2025-02-10T13:00:02.670475+00:00] main.CRITICAL: Unable to resolve the source file for 'adminhtml/Magento/backend/en_US/Magento_PageBuilder/js/config.js.map' [] []
[2025-02-10T13:00:02.676787+00:00] main.ERROR: Unable to resolve the source file for 'adminhtml/Magento/backend/en_US/Magento_PageBuilder/js/content-type/style-registry.js.map' [] []
[2025-02-10T13:00:02.676944+00:00] main.CRITICAL: Unable to resolve the source file for 'adminhtml/Magento/backend/en_US/Magento_PageBuilder/js/content-type/style-registry.js.map' [] []
[2025-02-10T13:00:02.697919+00:00] main.ERROR: Unable to resolve the source file for 'adminhtml/Magento/backend/en_US/Magento_PageBuilder/js/content-type/appearance-config.js.map' [] []
[2025-02-10T13:00:02.698077+00:00] main.CRITICAL: Unable to resolve the source file for 'adminhtml/Magento/backend/en_US/Magento_PageBuilder/js/content-type/appearance-config.js.map' [] []
[2025-02-10T13:00:02.698908+00:00] main.ERROR: Unable to resolve the source file for 'adminhtml/Magento/backend/en_US/Magento_PageBuilder/js/content-type-factory.js.map' [] []
[2025-02-10T13:00:02.698974+00:00] main.ERROR: Unable to resolve the source file for 'adminhtml/Magento/backend/en_US/Magento_PageBuilder/js/content-type-collection.js.map' [] []
[2025-02-10T13:00:02.699046+00:00] main.CRITICAL: Unable to resolve the source file for 'adminhtml/Magento/backend/en_US/Magento_PageBuilder/js/content-type-factory.js.map' [] []
[2025-02-10T13:00:02.699092+00:00] main.CRITICAL: Unable to resolve the source file for 'adminhtml/Magento/backend/en_US/Magento_PageBuilder/js/content-type-collection.js.map' [] []
[2025-02-10T13:00:02.712676+00:00] main.ERROR: Unable to resolve the source file for 'adminhtml/Magento/backend/en_US/Magento_PageBuilder/js/utils/object.js.map' [] []
[2025-02-10T13:00:02.712676+00:00] main.ERROR: Unable to resolve the source file for 'adminhtml/Magento/backend/en_US/Magento_PageBuilder/js/master-format/validator.js.map' [] []
[2025-02-10T13:00:02.712840+00:00] main.CRITICAL: Unable to resolve the source file for 'adminhtml/Magento/backend/en_US/Magento_PageBuilder/js/master-format/validator.js.map' [] []
[2025-02-10T13:00:02.712840+00:00] main.CRITICAL: Unable to resolve the source file for 'adminhtml/Magento/backend/en_US/Magento_PageBuilder/js/utils/object.js.map' [] []
[2025-02-10T13:00:02.712949+00:00] main.ERROR: Unable to resolve the source file for 'adminhtml/Magento/backend/en_US/Magento_PageBuilder/js/utils/directives.js.map' [] []
[2025-02-10T13:00:02.713074+00:00] main.CRITICAL: Unable to resolve the source file for 'adminhtml/Magento/backend/en_US/Magento_PageBuilder/js/utils/directives.js.map' [] []
[2025-02-10T13:00:02.725123+00:00] main.ERROR: Unable to resolve the source file for 'adminhtml/Magento/backend/en_US/Magento_PageBuilder/js/utils/string.js.map' [] []
[2025-02-10T13:00:02.725135+00:00] main.ERROR: Unable to resolve the source file for 'adminhtml/Magento/backend/en_US/Magento_PageBuilder/js/content-type.js.map' [] []
[2025-02-10T13:00:02.725148+00:00] main.ERROR: Unable to resolve the source file for 'adminhtml/Magento/backend/en_US/Magento_PageBuilder/js/utils/loader.js.map' [] []
[2025-02-10T13:00:02.725267+00:00] main.CRITICAL: Unable to resolve the source file for 'adminhtml/Magento/backend/en_US/Magento_PageBuilder/js/utils/string.js.map' [] []
[2025-02-10T13:00:02.725278+00:00] main.CRITICAL: Unable to resolve the source file for 'adminhtml/Magento/backend/en_US/Magento_PageBuilder/js/content-type.js.map' [] []
[2025-02-10T13:00:02.725281+00:00] main.CRITICAL: Unable to resolve the source file for 'adminhtml/Magento/backend/en_US/Magento_PageBuilder/js/utils/loader.js.map' [] []
[2025-02-10T13:00:02.737331+00:00] main.ERROR: Unable to resolve the source file for 'adminhtml/Magento/backend/en_US/Magento_PageBuilder/js/collection.js.map' [] []
[2025-02-10T13:00:02.737492+00:00] main.CRITICAL: Unable to resolve the source file for 'adminhtml/Magento/backend/en_US/Magento_PageBuilder/js/collection.js.map' [] []
[2025-02-10T13:00:02.744966+00:00] main.ERROR: Unable to resolve the source file for 'adminhtml/Magento/backend/en_US/Magento_PageBuilder/js/content-type/master-factory.js.map' [] []
[2025-02-10T13:00:02.745281+00:00] main.ERROR: Unable to resolve the source file for 'adminhtml/Magento/backend/en_US/Magento_PageBuilder/js/content-type/preview-factory.js.map' [] []
[2025-02-10T13:00:02.745359+00:00] main.CRITICAL: Unable to resolve the source file for 'adminhtml/Magento/backend/en_US/Magento_PageBuilder/js/content-type/master-factory.js.map' [] []
[2025-02-10T13:00:02.745415+00:00] main.CRITICAL: Unable to resolve the source file for 'adminhtml/Magento/backend/en_US/Magento_PageBuilder/js/content-type/preview-factory.js.map' [] []
[2025-02-10T13:00:02.753382+00:00] main.ERROR: Unable to resolve the source file for 'adminhtml/Magento/backend/en_US/Magento_PageBuilder/js/data-store.js.map' [] []
[2025-02-10T13:00:02.753562+00:00] main.CRITICAL: Unable to resolve the source file for 'adminhtml/Magento/backend/en_US/Magento_PageBuilder/js/data-store.js.map' [] []
[2025-02-10T13:00:02.760376+00:00] main.ERROR: Unable to resolve the source file for 'adminhtml/Magento/backend/en_US/Magento_PageBuilder/js/utils/array.js.map' [] []
[2025-02-10T13:00:02.760528+00:00] main.CRITICAL: Unable to resolve the source file for 'adminhtml/Magento/backend/en_US/Magento_PageBuilder/js/utils/array.js.map' [] []
[2025-02-10T13:00:02.761175+00:00] main.ERROR: Unable to resolve the source file for 'adminhtml/Magento/backend/en_US/Magento_PageBuilder/js/content-type/converter-resolver.js.map' [] []
[2025-02-10T13:00:02.761336+00:00] main.CRITICAL: Unable to resolve the source file for 'adminhtml/Magento/backend/en_US/Magento_PageBuilder/js/content-type/converter-resolver.js.map' [] []
[2025-02-10T13:00:02.767430+00:00] main.ERROR: Unable to resolve the source file for 'adminhtml/Magento/backend/en_US/Magento_PageBuilder/js/content-type/observable-updater-factory.js.map' [] []
[2025-02-10T13:00:02.767573+00:00] main.CRITICAL: Unable to resolve the source file for 'adminhtml/Magento/backend/en_US/Magento_PageBuilder/js/content-type/observable-updater-factory.js.map' [] []
[2025-02-10T13:00:02.773772+00:00] main.ERROR: Unable to resolve the source file for 'adminhtml/Magento/backend/en_US/Magento_PageBuilder/js/content-type/preview-converter-resolver.js.map' [] []
[2025-02-10T13:00:02.773933+00:00] main.CRITICAL: Unable to resolve the source file for 'adminhtml/Magento/backend/en_US/Magento_PageBuilder/js/content-type/preview-converter-resolver.js.map' [] []
[2025-02-10T13:00:02.788158+00:00] main.ERROR: Unable to resolve the source file for 'adminhtml/Magento/backend/en_US/Magento_PageBuilder/js/converter/converter-pool-factory.js.map' [] []
[2025-02-10T13:00:02.788268+00:00] main.CRITICAL: Unable to resolve the source file for 'adminhtml/Magento/backend/en_US/Magento_PageBuilder/js/converter/converter-pool-factory.js.map' [] []
[2025-02-10T13:00:02.788285+00:00] main.ERROR: Unable to resolve the source file for 'adminhtml/Magento/backend/en_US/Magento_PageBuilder/js/mass-converter/converter-pool-factory.js.map' [] []
[2025-02-10T13:00:02.788402+00:00] main.CRITICAL: Unable to resolve the source file for 'adminhtml/Magento/backend/en_US/Magento_PageBuilder/js/mass-converter/converter-pool-factory.js.map' [] []
[2025-02-10T13:00:02.799694+00:00] main.ERROR: Unable to resolve the source file for 'adminhtml/Magento/backend/en_US/Magento_PageBuilder/js/content-type/observable-updater.js.map' [] []
[2025-02-10T13:00:02.799810+00:00] main.CRITICAL: Unable to resolve the source file for 'adminhtml/Magento/backend/en_US/Magento_PageBuilder/js/content-type/observable-updater.js.map' [] []
[2025-02-10T13:00:02.830397+00:00] main.ERROR: Unable to resolve the source file for 'adminhtml/Magento/backend/en_US/Magento_PageBuilder/js/converter/converter-pool.js.map' [] []
[2025-02-10T13:00:02.830397+00:00] main.ERROR: Unable to resolve the source file for 'adminhtml/Magento/backend/en_US/Magento_PageBuilder/js/mass-converter/converter-pool.js.map' [] []
[2025-02-10T13:00:02.830552+00:00] main.CRITICAL: Unable to resolve the source file for 'adminhtml/Magento/backend/en_US/Magento_PageBuilder/js/mass-converter/converter-pool.js.map' [] []
[2025-02-10T13:00:02.830546+00:00] main.CRITICAL: Unable to resolve the source file for 'adminhtml/Magento/backend/en_US/Magento_PageBuilder/js/converter/converter-pool.js.map' [] []
[2025-02-10T13:00:02.832710+00:00] main.ERROR: Unable to resolve the source file for 'adminhtml/Magento/backend/en_US/Magento_PageBuilder/js/content-type/observable-updater/attributes.js.map' [] []
[2025-02-10T13:00:02.832821+00:00] main.CRITICAL: Unable to resolve the source file for 'adminhtml/Magento/backend/en_US/Magento_PageBuilder/js/content-type/observable-updater/attributes.js.map' [] []
[2025-02-10T13:00:02.843723+00:00] main.ERROR: Unable to resolve the source file for 'adminhtml/Magento/backend/en_US/Magento_PageBuilder/js/content-type/observable-updater/css.js.map' [] []
[2025-02-10T13:00:02.843723+00:00] main.ERROR: Unable to resolve the source file for 'adminhtml/Magento/backend/en_US/Magento_PageBuilder/js/content-type/observable-updater/html.js.map' [] []
[2025-02-10T13:00:02.843878+00:00] main.CRITICAL: Unable to resolve the source file for 'adminhtml/Magento/backend/en_US/Magento_PageBuilder/js/content-type/observable-updater/css.js.map' [] []
[2025-02-10T13:00:02.843878+00:00] main.CRITICAL: Unable to resolve the source file for 'adminhtml/Magento/backend/en_US/Magento_PageBuilder/js/content-type/observable-updater/html.js.map' [] []
[2025-02-10T13:00:02.845126+00:00] main.ERROR: Unable to resolve the source file for 'adminhtml/Magento/backend/en_US/Magento_PageBuilder/js/content-type/observable-updater/style.js.map' [] []
[2025-02-10T13:00:02.845225+00:00] main.CRITICAL: Unable to resolve the source file for 'adminhtml/Magento/backend/en_US/Magento_PageBuilder/js/content-type/observable-updater/style.js.map' [] []
[2025-02-10T13:00:02.862827+00:00] main.ERROR: Unable to resolve the source file for 'adminhtml/Magento/backend/en_US/Magento_PageBuilder/js/utils/editor.js.map' [] []
[2025-02-10T13:00:02.862945+00:00] main.CRITICAL: Unable to resolve the source file for 'adminhtml/Magento/backend/en_US/Magento_PageBuilder/js/utils/editor.js.map' [] []
[2025-02-10T13:00:05.852645+00:00] main.INFO: Broken reference: the 'notification.messages' tries to reorder itself towards 'user', but their parents are different: 'header.inner.right' and 'header' respectively. [] []
[2025-02-10T13:00:06.088227+00:00] main.ERROR: Unable to resolve the source file for 'adminhtml/Magento/backend/en_US/underscore-umd.js.map' [] []
[2025-02-10T13:00:06.088456+00:00] main.CRITICAL: Unable to resolve the source file for 'adminhtml/Magento/backend/en_US/underscore-umd.js.map' [] []
[2025-02-10T13:00:06.362058+00:00] main.ERROR: Unable to resolve the source file for 'adminhtml/Magento/backend/en_US/Magento_PageBuilder/js/stage-builder.js.map' [] []
[2025-02-10T13:00:06.362223+00:00] main.CRITICAL: Unable to resolve the source file for 'adminhtml/Magento/backend/en_US/Magento_PageBuilder/js/stage-builder.js.map' [] []
[2025-02-10T13:00:06.374524+00:00] main.ERROR: Unable to resolve the source file for 'adminhtml/Magento/backend/en_US/Magento_PageBuilder/js/content-type-collection.js.map' [] []
[2025-02-10T13:00:06.374524+00:00] main.ERROR: Unable to resolve the source file for 'adminhtml/Magento/backend/en_US/Magento_PageBuilder/js/config.js.map' [] []
[2025-02-10T13:00:06.374680+00:00] main.CRITICAL: Unable to resolve the source file for 'adminhtml/Magento/backend/en_US/Magento_PageBuilder/js/config.js.map' [] []
[2025-02-10T13:00:06.374680+00:00] main.CRITICAL: Unable to resolve the source file for 'adminhtml/Magento/backend/en_US/Magento_PageBuilder/js/content-type-collection.js.map' [] []
[2025-02-10T13:00:06.379661+00:00] main.ERROR: Unable to resolve the source file for 'adminhtml/Magento/backend/en_US/Magento_PageBuilder/js/content-type-factory.js.map' [] []
[2025-02-10T13:00:06.379801+00:00] main.CRITICAL: Unable to resolve the source file for 'adminhtml/Magento/backend/en_US/Magento_PageBuilder/js/content-type-factory.js.map' [] []
[2025-02-10T13:00:06.387925+00:00] main.ERROR: Unable to resolve the source file for 'adminhtml/Magento/backend/en_US/Magento_PageBuilder/js/master-format/validator.js.map' [] []
[2025-02-10T13:00:06.388214+00:00] main.CRITICAL: Unable to resolve the source file for 'adminhtml/Magento/backend/en_US/Magento_PageBuilder/js/master-format/validator.js.map' [] []
[2025-02-10T13:00:06.388603+00:00] main.ERROR: Unable to resolve the source file for 'adminhtml/Magento/backend/en_US/Magento_PageBuilder/js/content-type/appearance-config.js.map' [] []
[2025-02-10T13:00:06.388719+00:00] main.CRITICAL: Unable to resolve the source file for 'adminhtml/Magento/backend/en_US/Magento_PageBuilder/js/content-type/appearance-config.js.map' [] []
[2025-02-10T13:00:06.394278+00:00] main.ERROR: Unable to resolve the source file for 'adminhtml/Magento/backend/en_US/Magento_PageBuilder/js/content-type/style-registry.js.map' [] []
[2025-02-10T13:00:06.394432+00:00] main.CRITICAL: Unable to resolve the source file for 'adminhtml/Magento/backend/en_US/Magento_PageBuilder/js/content-type/style-registry.js.map' [] []
[2025-02-10T13:00:06.402719+00:00] main.ERROR: Unable to resolve the source file for 'adminhtml/Magento/backend/en_US/Magento_PageBuilder/js/utils/object.js.map' [] []
[2025-02-10T13:00:06.402719+00:00] main.ERROR: Unable to resolve the source file for 'adminhtml/Magento/backend/en_US/Magento_PageBuilder/js/utils/loader.js.map' [] []
[2025-02-10T13:00:06.402865+00:00] main.CRITICAL: Unable to resolve the source file for 'adminhtml/Magento/backend/en_US/Magento_PageBuilder/js/utils/loader.js.map' [] []
[2025-02-10T13:00:06.402865+00:00] main.CRITICAL: Unable to resolve the source file for 'adminhtml/Magento/backend/en_US/Magento_PageBuilder/js/utils/object.js.map' [] []
[2025-02-10T13:00:06.404471+00:00] main.ERROR: Unable to resolve the source file for 'adminhtml/Magento/backend/en_US/Magento_PageBuilder/js/utils/directives.js.map' [] []
[2025-02-10T13:00:06.404676+00:00] main.CRITICAL: Unable to resolve the source file for 'adminhtml/Magento/backend/en_US/Magento_PageBuilder/js/utils/directives.js.map' [] []
[2025-02-10T13:00:06.416451+00:00] main.ERROR: Unable to resolve the source file for 'adminhtml/Magento/backend/en_US/Magento_PageBuilder/js/content-type.js.map' [] []
[2025-02-10T13:00:06.416621+00:00] main.CRITICAL: Unable to resolve the source file for 'adminhtml/Magento/backend/en_US/Magento_PageBuilder/js/content-type.js.map' [] []
[2025-02-10T13:00:06.416801+00:00] main.ERROR: Unable to resolve the source file for 'adminhtml/Magento/backend/en_US/Magento_PageBuilder/js/collection.js.map' [] []
[2025-02-10T13:00:06.416923+00:00] main.CRITICAL: Unable to resolve the source file for 'adminhtml/Magento/backend/en_US/Magento_PageBuilder/js/collection.js.map' [] []
[2025-02-10T13:00:06.418060+00:00] main.ERROR: Unable to resolve the source file for 'adminhtml/Magento/backend/en_US/Magento_PageBuilder/js/content-type/master-factory.js.map' [] []
[2025-02-10T13:00:06.418192+00:00] main.CRITICAL: Unable to resolve the source file for 'adminhtml/Magento/backend/en_US/Magento_PageBuilder/js/content-type/master-factory.js.map' [] []
[2025-02-10T13:00:06.427766+00:00] main.ERROR: Unable to resolve the source file for 'adminhtml/Magento/backend/en_US/Magento_PageBuilder/js/utils/string.js.map' [] []
[2025-02-10T13:00:06.427921+00:00] main.CRITICAL: Unable to resolve the source file for 'adminhtml/Magento/backend/en_US/Magento_PageBuilder/js/utils/string.js.map' [] []
[2025-02-10T13:00:06.428099+00:00] main.ERROR: Unable to resolve the source file for 'adminhtml/Magento/backend/en_US/Magento_PageBuilder/js/content-type/preview-factory.js.map' [] []
[2025-02-10T13:00:06.428211+00:00] main.CRITICAL: Unable to resolve the source file for 'adminhtml/Magento/backend/en_US/Magento_PageBuilder/js/content-type/preview-factory.js.map' [] []
[2025-02-10T13:00:06.446037+00:00] main.ERROR: Unable to resolve the source file for 'adminhtml/Magento/backend/en_US/Magento_PageBuilder/js/data-store.js.map' [] []
[2025-02-10T13:00:06.446166+00:00] main.CRITICAL: Unable to resolve the source file for 'adminhtml/Magento/backend/en_US/Magento_PageBuilder/js/data-store.js.map' [] []
[2025-02-10T13:00:06.446238+00:00] main.ERROR: Unable to resolve the source file for 'adminhtml/Magento/backend/en_US/Magento_PageBuilder/js/content-type/converter-resolver.js.map' [] []
[2025-02-10T13:00:06.446353+00:00] main.CRITICAL: Unable to resolve the source file for 'adminhtml/Magento/backend/en_US/Magento_PageBuilder/js/content-type/converter-resolver.js.map' [] []
[2025-02-10T13:00:06.446350+00:00] main.ERROR: Unable to resolve the source file for 'adminhtml/Magento/backend/en_US/Magento_PageBuilder/js/utils/array.js.map' [] []
[2025-02-10T13:00:06.446464+00:00] main.CRITICAL: Unable to resolve the source file for 'adminhtml/Magento/backend/en_US/Magento_PageBuilder/js/utils/array.js.map' [] []
[2025-02-10T13:00:06.458465+00:00] main.ERROR: Unable to resolve the source file for 'adminhtml/Magento/backend/en_US/Magento_PageBuilder/js/content-type/observable-updater-factory.js.map' [] []
[2025-02-10T13:00:06.458465+00:00] main.ERROR: Unable to resolve the source file for 'adminhtml/Magento/backend/en_US/Magento_PageBuilder/js/content-type/preview-converter-resolver.js.map' [] []
[2025-02-10T13:00:06.458622+00:00] main.CRITICAL: Unable to resolve the source file for 'adminhtml/Magento/backend/en_US/Magento_PageBuilder/js/content-type/observable-updater-factory.js.map' [] []
[2025-02-10T13:00:06.458622+00:00] main.CRITICAL: Unable to resolve the source file for 'adminhtml/Magento/backend/en_US/Magento_PageBuilder/js/content-type/preview-converter-resolver.js.map' [] []
[2025-02-10T13:00:06.467297+00:00] main.ERROR: Unable to resolve the source file for 'adminhtml/Magento/backend/en_US/Magento_PageBuilder/js/converter/converter-pool-factory.js.map' [] []
[2025-02-10T13:00:06.467452+00:00] main.CRITICAL: Unable to resolve the source file for 'adminhtml/Magento/backend/en_US/Magento_PageBuilder/js/converter/converter-pool-factory.js.map' [] []
[2025-02-10T13:00:06.479902+00:00] main.ERROR: Unable to resolve the source file for 'adminhtml/Magento/backend/en_US/Magento_PageBuilder/js/mass-converter/converter-pool-factory.js.map' [] []
[2025-02-10T13:00:06.480018+00:00] main.CRITICAL: Unable to resolve the source file for 'adminhtml/Magento/backend/en_US/Magento_PageBuilder/js/mass-converter/converter-pool-factory.js.map' [] []
[2025-02-10T13:00:06.489514+00:00] main.ERROR: Unable to resolve the source file for 'adminhtml/Magento/backend/en_US/Magento_PageBuilder/js/content-type/observable-updater.js.map' [] []
[2025-02-10T13:00:06.489659+00:00] main.CRITICAL: Unable to resolve the source file for 'adminhtml/Magento/backend/en_US/Magento_PageBuilder/js/content-type/observable-updater.js.map' [] []
[2025-02-10T13:00:06.506670+00:00] main.ERROR: Unable to resolve the source file for 'adminhtml/Magento/backend/en_US/Magento_PageBuilder/js/converter/converter-pool.js.map' [] []
[2025-02-10T13:00:06.506828+00:00] main.CRITICAL: Unable to resolve the source file for 'adminhtml/Magento/backend/en_US/Magento_PageBuilder/js/converter/converter-pool.js.map' [] []
[2025-02-10T13:00:06.510771+00:00] main.ERROR: Unable to resolve the source file for 'adminhtml/Magento/backend/en_US/Magento_PageBuilder/js/mass-converter/converter-pool.js.map' [] []
[2025-02-10T13:00:06.510935+00:00] main.CRITICAL: Unable to resolve the source file for 'adminhtml/Magento/backend/en_US/Magento_PageBuilder/js/mass-converter/converter-pool.js.map' [] []
[2025-02-10T13:00:06.519678+00:00] main.ERROR: Unable to resolve the source file for 'adminhtml/Magento/backend/en_US/Magento_PageBuilder/js/content-type/observable-updater/attributes.js.map' [] []
[2025-02-10T13:00:06.519834+00:00] main.CRITICAL: Unable to resolve the source file for 'adminhtml/Magento/backend/en_US/Magento_PageBuilder/js/content-type/observable-updater/attributes.js.map' [] []
[2025-02-10T13:00:06.524452+00:00] main.ERROR: Unable to resolve the source file for 'adminhtml/Magento/backend/en_US/Magento_PageBuilder/js/content-type/observable-updater/css.js.map' [] []
[2025-02-10T13:00:06.524612+00:00] main.CRITICAL: Unable to resolve the source file for 'adminhtml/Magento/backend/en_US/Magento_PageBuilder/js/content-type/observable-updater/css.js.map' [] []
[2025-02-10T13:00:06.527454+00:00] main.ERROR: Unable to resolve the source file for 'adminhtml/Magento/backend/en_US/Magento_PageBuilder/js/content-type/observable-updater/html.js.map' [] []
[2025-02-10T13:00:06.527627+00:00] main.CRITICAL: Unable to resolve the source file for 'adminhtml/Magento/backend/en_US/Magento_PageBuilder/js/content-type/observable-updater/html.js.map' [] []
[2025-02-10T13:00:06.533618+00:00] main.ERROR: Unable to resolve the source file for 'adminhtml/Magento/backend/en_US/Magento_PageBuilder/js/content-type/observable-updater/style.js.map' [] []
[2025-02-10T13:00:06.533767+00:00] main.CRITICAL: Unable to resolve the source file for 'adminhtml/Magento/backend/en_US/Magento_PageBuilder/js/content-type/observable-updater/style.js.map' [] []
[2025-02-10T13:00:06.553211+00:00] main.ERROR: Unable to resolve the source file for 'adminhtml/Magento/backend/en_US/Magento_PageBuilder/js/utils/editor.js.map' [] []
[2025-02-10T13:00:06.553338+00:00] main.CRITICAL: Unable to resolve the source file for 'adminhtml/Magento/backend/en_US/Magento_PageBuilder/js/utils/editor.js.map' [] []
[2025-02-10T13:00:08.227027+00:00] main.INFO: Broken reference: the 'notification.messages' tries to reorder itself towards 'user', but their parents are different: 'header.inner.right' and 'header' respectively. [] []
[2025-02-10T13:00:08.434734+00:00] main.ERROR: Unable to resolve the source file for 'adminhtml/Magento/backend/en_US/underscore-umd.js.map' [] []
[2025-02-10T13:00:08.434898+00:00] main.CRITICAL: Unable to resolve the source file for 'adminhtml/Magento/backend/en_US/underscore-umd.js.map' [] []
[2025-02-10T13:00:26.923987+00:00] main.INFO: Broken reference: the 'notification.messages' tries to reorder itself towards 'user', but their parents are different: 'header.inner.right' and 'header' respectively. [] []
[2025-02-10T13:00:27.160112+00:00] main.ERROR: Unable to resolve the source file for 'adminhtml/Magento/backend/en_US/underscore-umd.js.map' [] []
[2025-02-10T13:00:27.160224+00:00] main.CRITICAL: Unable to resolve the source file for 'adminhtml/Magento/backend/en_US/underscore-umd.js.map' [] []
[2025-02-10T13:00:27.454395+00:00] main.ERROR: Unable to resolve the source file for 'adminhtml/Magento/backend/en_US/Magento_PageBuilder/js/stage-builder.js.map' [] []
[2025-02-10T13:00:27.454565+00:00] main.CRITICAL: Unable to resolve the source file for 'adminhtml/Magento/backend/en_US/Magento_PageBuilder/js/stage-builder.js.map' [] []
[2025-02-10T13:00:27.490993+00:00] main.ERROR: Unable to resolve the source file for 'adminhtml/Magento/backend/en_US/Magento_PageBuilder/js/config.js.map' [] []
[2025-02-10T13:00:27.491137+00:00] main.CRITICAL: Unable to resolve the source file for 'adminhtml/Magento/backend/en_US/Magento_PageBuilder/js/config.js.map' [] []
[2025-02-10T13:00:27.495731+00:00] main.ERROR: Unable to resolve the source file for 'adminhtml/Magento/backend/en_US/Magento_PageBuilder/js/content-type-factory.js.map' [] []
[2025-02-10T13:00:27.495891+00:00] main.CRITICAL: Unable to resolve the source file for 'adminhtml/Magento/backend/en_US/Magento_PageBuilder/js/content-type-factory.js.map' [] []
[2025-02-10T13:00:27.497818+00:00] main.ERROR: Unable to resolve the source file for 'adminhtml/Magento/backend/en_US/Magento_PageBuilder/js/content-type-collection.js.map' [] []
[2025-02-10T13:00:27.497978+00:00] main.CRITICAL: Unable to resolve the source file for 'adminhtml/Magento/backend/en_US/Magento_PageBuilder/js/content-type-collection.js.map' [] []
[2025-02-10T13:00:27.506355+00:00] main.ERROR: Unable to resolve the source file for 'adminhtml/Magento/backend/en_US/Magento_PageBuilder/js/content-type/style-registry.js.map' [] []
[2025-02-10T13:00:27.506511+00:00] main.CRITICAL: Unable to resolve the source file for 'adminhtml/Magento/backend/en_US/Magento_PageBuilder/js/content-type/style-registry.js.map' [] []
[2025-02-10T13:00:27.513644+00:00] main.ERROR: Unable to resolve the source file for 'adminhtml/Magento/backend/en_US/Magento_PageBuilder/js/content-type/appearance-config.js.map' [] []
[2025-02-10T13:00:27.513801+00:00] main.CRITICAL: Unable to resolve the source file for 'adminhtml/Magento/backend/en_US/Magento_PageBuilder/js/content-type/appearance-config.js.map' [] []
[2025-02-10T13:00:27.516766+00:00] main.ERROR: Unable to resolve the source file for 'adminhtml/Magento/backend/en_US/Magento_PageBuilder/js/utils/loader.js.map' [] []
[2025-02-10T13:00:27.516925+00:00] main.CRITICAL: Unable to resolve the source file for 'adminhtml/Magento/backend/en_US/Magento_PageBuilder/js/utils/loader.js.map' [] []
[2025-02-10T13:00:27.521336+00:00] main.ERROR: Unable to resolve the source file for 'adminhtml/Magento/backend/en_US/Magento_PageBuilder/js/master-format/validator.js.map' [] []
[2025-02-10T13:00:27.521480+00:00] main.CRITICAL: Unable to resolve the source file for 'adminhtml/Magento/backend/en_US/Magento_PageBuilder/js/master-format/validator.js.map' [] []
[2025-02-10T13:00:27.529385+00:00] main.ERROR: Unable to resolve the source file for 'adminhtml/Magento/backend/en_US/Magento_PageBuilder/js/utils/object.js.map' [] []
[2025-02-10T13:00:27.529500+00:00] main.CRITICAL: Unable to resolve the source file for 'adminhtml/Magento/backend/en_US/Magento_PageBuilder/js/utils/object.js.map' [] []
[2025-02-10T13:00:27.530101+00:00] main.ERROR: Unable to resolve the source file for 'adminhtml/Magento/backend/en_US/Magento_PageBuilder/js/utils/directives.js.map' [] []
[2025-02-10T13:00:27.530236+00:00] main.CRITICAL: Unable to resolve the source file for 'adminhtml/Magento/backend/en_US/Magento_PageBuilder/js/utils/directives.js.map' [] []
[2025-02-10T13:00:27.574366+00:00] main.ERROR: Unable to resolve the source file for 'adminhtml/Magento/backend/en_US/Magento_PageBuilder/js/collection.js.map' [] []
[2025-02-10T13:00:27.574557+00:00] main.CRITICAL: Unable to resolve the source file for 'adminhtml/Magento/backend/en_US/Magento_PageBuilder/js/collection.js.map' [] []
[2025-02-10T13:00:27.578222+00:00] main.ERROR: Unable to resolve the source file for 'adminhtml/Magento/backend/en_US/Magento_PageBuilder/js/content-type.js.map' [] []
[2025-02-10T13:00:27.578394+00:00] main.CRITICAL: Unable to resolve the source file for 'adminhtml/Magento/backend/en_US/Magento_PageBuilder/js/content-type.js.map' [] []
[2025-02-10T13:00:27.582321+00:00] main.ERROR: Unable to resolve the source file for 'adminhtml/Magento/backend/en_US/Magento_PageBuilder/js/content-type/master-factory.js.map' [] []
[2025-02-10T13:00:27.582476+00:00] main.CRITICAL: Unable to resolve the source file for 'adminhtml/Magento/backend/en_US/Magento_PageBuilder/js/content-type/master-factory.js.map' [] []
[2025-02-10T13:00:27.589507+00:00] main.ERROR: Unable to resolve the source file for 'adminhtml/Magento/backend/en_US/Magento_PageBuilder/js/content-type/preview-factory.js.map' [] []
[2025-02-10T13:00:27.589706+00:00] main.CRITICAL: Unable to resolve the source file for 'adminhtml/Magento/backend/en_US/Magento_PageBuilder/js/content-type/preview-factory.js.map' [] []
[2025-02-10T13:00:27.594258+00:00] main.ERROR: Unable to resolve the source file for 'adminhtml/Magento/backend/en_US/Magento_PageBuilder/js/utils/string.js.map' [] []
[2025-02-10T13:00:27.594429+00:00] main.CRITICAL: Unable to resolve the source file for 'adminhtml/Magento/backend/en_US/Magento_PageBuilder/js/utils/string.js.map' [] []
[2025-02-10T13:00:27.600562+00:00] main.ERROR: Unable to resolve the source file for 'adminhtml/Magento/backend/en_US/Magento_PageBuilder/js/utils/array.js.map' [] []
[2025-02-10T13:00:27.600729+00:00] main.CRITICAL: Unable to resolve the source file for 'adminhtml/Magento/backend/en_US/Magento_PageBuilder/js/utils/array.js.map' [] []
[2025-02-10T13:00:27.604158+00:00] main.ERROR: Unable to resolve the source file for 'adminhtml/Magento/backend/en_US/Magento_PageBuilder/js/data-store.js.map' [] []
[2025-02-10T13:00:27.604310+00:00] main.CRITICAL: Unable to resolve the source file for 'adminhtml/Magento/backend/en_US/Magento_PageBuilder/js/data-store.js.map' [] []
[2025-02-10T13:00:27.609319+00:00] main.ERROR: Unable to resolve the source file for 'adminhtml/Magento/backend/en_US/Magento_PageBuilder/js/content-type/converter-resolver.js.map' [] []
[2025-02-10T13:00:27.609472+00:00] main.CRITICAL: Unable to resolve the source file for 'adminhtml/Magento/backend/en_US/Magento_PageBuilder/js/content-type/converter-resolver.js.map' [] []
[2025-02-10T13:00:27.617791+00:00] main.ERROR: Unable to resolve the source file for 'adminhtml/Magento/backend/en_US/Magento_PageBuilder/js/content-type/observable-updater-factory.js.map' [] []
[2025-02-10T13:00:27.618002+00:00] main.CRITICAL: Unable to resolve the source file for 'adminhtml/Magento/backend/en_US/Magento_PageBuilder/js/content-type/observable-updater-factory.js.map' [] []
[2025-02-10T13:00:27.627182+00:00] main.ERROR: Unable to resolve the source file for 'adminhtml/Magento/backend/en_US/Magento_PageBuilder/js/content-type/preview-converter-resolver.js.map' [] []
[2025-02-10T13:00:27.627365+00:00] main.CRITICAL: Unable to resolve the source file for 'adminhtml/Magento/backend/en_US/Magento_PageBuilder/js/content-type/preview-converter-resolver.js.map' [] []
[2025-02-10T13:00:27.628363+00:00] main.ERROR: Unable to resolve the source file for 'adminhtml/Magento/backend/en_US/Magento_PageBuilder/js/converter/converter-pool-factory.js.map' [] []
[2025-02-10T13:00:27.628510+00:00] main.CRITICAL: Unable to resolve the source file for 'adminhtml/Magento/backend/en_US/Magento_PageBuilder/js/converter/converter-pool-factory.js.map' [] []
[2025-02-10T13:00:27.634900+00:00] main.ERROR: Unable to resolve the source file for 'adminhtml/Magento/backend/en_US/Magento_PageBuilder/js/mass-converter/converter-pool-factory.js.map' [] []
[2025-02-10T13:00:27.635073+00:00] main.CRITICAL: Unable to resolve the source file for 'adminhtml/Magento/backend/en_US/Magento_PageBuilder/js/mass-converter/converter-pool-factory.js.map' [] []
[2025-02-10T13:00:27.645334+00:00] main.ERROR: Unable to resolve the source file for 'adminhtml/Magento/backend/en_US/Magento_PageBuilder/js/content-type/observable-updater.js.map' [] []
[2025-02-10T13:00:27.645445+00:00] main.CRITICAL: Unable to resolve the source file for 'adminhtml/Magento/backend/en_US/Magento_PageBuilder/js/content-type/observable-updater.js.map' [] []
[2025-02-10T13:00:27.653978+00:00] main.ERROR: Unable to resolve the source file for 'adminhtml/Magento/backend/en_US/Magento_PageBuilder/js/converter/converter-pool.js.map' [] []
[2025-02-10T13:00:27.654090+00:00] main.CRITICAL: Unable to resolve the source file for 'adminhtml/Magento/backend/en_US/Magento_PageBuilder/js/converter/converter-pool.js.map' [] []
[2025-02-10T13:00:27.674814+00:00] main.ERROR: Unable to resolve the source file for 'adminhtml/Magento/backend/en_US/Magento_PageBuilder/js/content-type/observable-updater/css.js.map' [] []
[2025-02-10T13:00:27.674814+00:00] main.ERROR: Unable to resolve the source file for 'adminhtml/Magento/backend/en_US/Magento_PageBuilder/js/mass-converter/converter-pool.js.map' [] []
[2025-02-10T13:00:27.674959+00:00] main.CRITICAL: Unable to resolve the source file for 'adminhtml/Magento/backend/en_US/Magento_PageBuilder/js/content-type/observable-updater/css.js.map' [] []
[2025-02-10T13:00:27.674959+00:00] main.CRITICAL: Unable to resolve the source file for 'adminhtml/Magento/backend/en_US/Magento_PageBuilder/js/mass-converter/converter-pool.js.map' [] []
[2025-02-10T13:00:27.675051+00:00] main.ERROR: Unable to resolve the source file for 'adminhtml/Magento/backend/en_US/Magento_PageBuilder/js/content-type/observable-updater/attributes.js.map' [] []
[2025-02-10T13:00:27.675156+00:00] main.CRITICAL: Unable to resolve the source file for 'adminhtml/Magento/backend/en_US/Magento_PageBuilder/js/content-type/observable-updater/attributes.js.map' [] []
[2025-02-10T13:00:27.690022+00:00] main.ERROR: Unable to resolve the source file for 'adminhtml/Magento/backend/en_US/Magento_PageBuilder/js/content-type/observable-updater/html.js.map' [] []
[2025-02-10T13:00:27.690022+00:00] main.ERROR: Unable to resolve the source file for 'adminhtml/Magento/backend/en_US/Magento_PageBuilder/js/content-type/observable-updater/style.js.map' [] []
[2025-02-10T13:00:27.690182+00:00] main.CRITICAL: Unable to resolve the source file for 'adminhtml/Magento/backend/en_US/Magento_PageBuilder/js/content-type/observable-updater/style.js.map' [] []
[2025-02-10T13:00:27.690182+00:00] main.CRITICAL: Unable to resolve the source file for 'adminhtml/Magento/backend/en_US/Magento_PageBuilder/js/content-type/observable-updater/html.js.map' [] []
[2025-02-10T13:00:27.706513+00:00] main.ERROR: Unable to resolve the source file for 'adminhtml/Magento/backend/en_US/Magento_PageBuilder/js/utils/editor.js.map' [] []
[2025-02-10T13:00:27.706641+00:00] main.CRITICAL: Unable to resolve the source file for 'adminhtml/Magento/backend/en_US/Magento_PageBuilder/js/utils/editor.js.map' [] []
[2025-02-10T13:00:31.571061+00:00] main.INFO: Broken reference: the 'notification.messages' tries to reorder itself towards 'user', but their parents are different: 'header.inner.right' and 'header' respectively. [] []
[2025-02-10T13:00:31.836744+00:00] main.ERROR: Unable to resolve the source file for 'adminhtml/Magento/backend/en_US/underscore-umd.js.map' [] []
[2025-02-10T13:00:31.836866+00:00] main.CRITICAL: Unable to resolve the source file for 'adminhtml/Magento/backend/en_US/underscore-umd.js.map' [] []
[2025-02-10T13:00:32.093509+00:00] main.ERROR: Unable to resolve the source file for 'adminhtml/Magento/backend/en_US/Magento_PageBuilder/js/stage-builder.js.map' [] []
[2025-02-10T13:00:32.093687+00:00] main.CRITICAL: Unable to resolve the source file for 'adminhtml/Magento/backend/en_US/Magento_PageBuilder/js/stage-builder.js.map' [] []
[2025-02-10T13:00:32.127532+00:00] main.ERROR: Unable to resolve the source file for 'adminhtml/Magento/backend/en_US/Magento_PageBuilder/js/content-type-factory.js.map' [] []
[2025-02-10T13:00:32.127690+00:00] main.CRITICAL: Unable to resolve the source file for 'adminhtml/Magento/backend/en_US/Magento_PageBuilder/js/content-type-factory.js.map' [] []
[2025-02-10T13:00:32.129749+00:00] main.ERROR: Unable to resolve the source file for 'adminhtml/Magento/backend/en_US/Magento_PageBuilder/js/content-type/appearance-config.js.map' [] []
[2025-02-10T13:00:32.129909+00:00] main.CRITICAL: Unable to resolve the source file for 'adminhtml/Magento/backend/en_US/Magento_PageBuilder/js/content-type/appearance-config.js.map' [] []
[2025-02-10T13:00:32.132514+00:00] main.ERROR: Unable to resolve the source file for 'adminhtml/Magento/backend/en_US/Magento_PageBuilder/js/config.js.map' [] []
[2025-02-10T13:00:32.133745+00:00] main.CRITICAL: Unable to resolve the source file for 'adminhtml/Magento/backend/en_US/Magento_PageBuilder/js/config.js.map' [] []
[2025-02-10T13:00:32.145406+00:00] main.ERROR: Unable to resolve the source file for 'adminhtml/Magento/backend/en_US/Magento_PageBuilder/js/master-format/validator.js.map' [] []
[2025-02-10T13:00:32.145532+00:00] main.CRITICAL: Unable to resolve the source file for 'adminhtml/Magento/backend/en_US/Magento_PageBuilder/js/master-format/validator.js.map' [] []
[2025-02-10T13:00:32.144987+00:00] main.ERROR: Unable to resolve the source file for 'adminhtml/Magento/backend/en_US/Magento_PageBuilder/js/content-type-collection.js.map' [] []
[2025-02-10T13:00:32.146121+00:00] main.CRITICAL: Unable to resolve the source file for 'adminhtml/Magento/backend/en_US/Magento_PageBuilder/js/content-type-collection.js.map' [] []
[2025-02-10T13:00:32.158558+00:00] main.ERROR: Unable to resolve the source file for 'adminhtml/Magento/backend/en_US/Magento_PageBuilder/js/content-type/style-registry.js.map' [] []
[2025-02-10T13:00:32.160009+00:00] main.CRITICAL: Unable to resolve the source file for 'adminhtml/Magento/backend/en_US/Magento_PageBuilder/js/content-type/style-registry.js.map' [] []
[2025-02-10T13:00:32.165973+00:00] main.ERROR: Unable to resolve the source file for 'adminhtml/Magento/backend/en_US/Magento_PageBuilder/js/utils/object.js.map' [] []
[2025-02-10T13:00:32.166134+00:00] main.CRITICAL: Unable to resolve the source file for 'adminhtml/Magento/backend/en_US/Magento_PageBuilder/js/utils/object.js.map' [] []
[2025-02-10T13:00:32.168483+00:00] main.ERROR: Unable to resolve the source file for 'adminhtml/Magento/backend/en_US/Magento_PageBuilder/js/utils/loader.js.map' [] []
[2025-02-10T13:00:32.168657+00:00] main.CRITICAL: Unable to resolve the source file for 'adminhtml/Magento/backend/en_US/Magento_PageBuilder/js/utils/loader.js.map' [] []
[2025-02-10T13:00:32.170260+00:00] main.ERROR: Unable to resolve the source file for 'adminhtml/Magento/backend/en_US/Magento_PageBuilder/js/utils/directives.js.map' [] []
[2025-02-10T13:00:32.170407+00:00] main.CRITICAL: Unable to resolve the source file for 'adminhtml/Magento/backend/en_US/Magento_PageBuilder/js/utils/directives.js.map' [] []
[2025-02-10T13:00:32.217855+00:00] main.ERROR: Unable to resolve the source file for 'adminhtml/Magento/backend/en_US/Magento_PageBuilder/js/content-type/master-factory.js.map' [] []
[2025-02-10T13:00:32.218014+00:00] main.CRITICAL: Unable to resolve the source file for 'adminhtml/Magento/backend/en_US/Magento_PageBuilder/js/content-type/master-factory.js.map' [] []
[2025-02-10T13:00:32.247622+00:00] main.ERROR: Unable to resolve the source file for 'adminhtml/Magento/backend/en_US/Magento_PageBuilder/js/content-type.js.map' [] []
[2025-02-10T13:00:32.247794+00:00] main.CRITICAL: Unable to resolve the source file for 'adminhtml/Magento/backend/en_US/Magento_PageBuilder/js/content-type.js.map' [] []
[2025-02-10T13:00:32.249357+00:00] main.ERROR: Unable to resolve the source file for 'adminhtml/Magento/backend/en_US/Magento_PageBuilder/js/collection.js.map' [] []
[2025-02-10T13:00:32.249505+00:00] main.CRITICAL: Unable to resolve the source file for 'adminhtml/Magento/backend/en_US/Magento_PageBuilder/js/collection.js.map' [] []
[2025-02-10T13:00:32.253240+00:00] main.ERROR: Unable to resolve the source file for 'adminhtml/Magento/backend/en_US/Magento_PageBuilder/js/content-type/preview-factory.js.map' [] []
[2025-02-10T13:00:32.253401+00:00] main.CRITICAL: Unable to resolve the source file for 'adminhtml/Magento/backend/en_US/Magento_PageBuilder/js/content-type/preview-factory.js.map' [] []
[2025-02-10T13:00:32.257058+00:00] main.ERROR: Unable to resolve the source file for 'adminhtml/Magento/backend/en_US/Magento_PageBuilder/js/utils/string.js.map' [] []
[2025-02-10T13:00:32.257241+00:00] main.CRITICAL: Unable to resolve the source file for 'adminhtml/Magento/backend/en_US/Magento_PageBuilder/js/utils/string.js.map' [] []
[2025-02-10T13:00:32.263400+00:00] main.ERROR: Unable to resolve the source file for 'adminhtml/Magento/backend/en_US/Magento_PageBuilder/js/content-type/converter-resolver.js.map' [] []
[2025-02-10T13:00:32.263602+00:00] main.CRITICAL: Unable to resolve the source file for 'adminhtml/Magento/backend/en_US/Magento_PageBuilder/js/content-type/converter-resolver.js.map' [] []
[2025-02-10T13:00:32.271212+00:00] main.ERROR: Unable to resolve the source file for 'adminhtml/Magento/backend/en_US/Magento_PageBuilder/js/content-type/observable-updater-factory.js.map' [] []
[2025-02-10T13:00:32.271375+00:00] main.CRITICAL: Unable to resolve the source file for 'adminhtml/Magento/backend/en_US/Magento_PageBuilder/js/content-type/observable-updater-factory.js.map' [] []
[2025-02-10T13:00:32.276143+00:00] main.ERROR: Unable to resolve the source file for 'adminhtml/Magento/backend/en_US/Magento_PageBuilder/js/content-type/preview-converter-resolver.js.map' [] []
[2025-02-10T13:00:32.276319+00:00] main.CRITICAL: Unable to resolve the source file for 'adminhtml/Magento/backend/en_US/Magento_PageBuilder/js/content-type/preview-converter-resolver.js.map' [] []
[2025-02-10T13:00:32.276799+00:00] main.ERROR: Unable to resolve the source file for 'adminhtml/Magento/backend/en_US/Magento_PageBuilder/js/utils/array.js.map' [] []
[2025-02-10T13:00:32.276962+00:00] main.CRITICAL: Unable to resolve the source file for 'adminhtml/Magento/backend/en_US/Magento_PageBuilder/js/utils/array.js.map' [] []
[2025-02-10T13:00:32.278410+00:00] main.ERROR: Unable to resolve the source file for 'adminhtml/Magento/backend/en_US/Magento_PageBuilder/js/data-store.js.map' [] []
[2025-02-10T13:00:32.278564+00:00] main.CRITICAL: Unable to resolve the source file for 'adminhtml/Magento/backend/en_US/Magento_PageBuilder/js/data-store.js.map' [] []
[2025-02-10T13:00:32.295784+00:00] main.ERROR: Unable to resolve the source file for 'adminhtml/Magento/backend/en_US/Magento_PageBuilder/js/converter/converter-pool-factory.js.map' [] []
[2025-02-10T13:00:32.295967+00:00] main.CRITICAL: Unable to resolve the source file for 'adminhtml/Magento/backend/en_US/Magento_PageBuilder/js/converter/converter-pool-factory.js.map' [] []
[2025-02-10T13:00:32.297229+00:00] main.ERROR: Unable to resolve the source file for 'adminhtml/Magento/backend/en_US/Magento_PageBuilder/js/mass-converter/converter-pool-factory.js.map' [] []
[2025-02-10T13:00:32.297363+00:00] main.CRITICAL: Unable to resolve the source file for 'adminhtml/Magento/backend/en_US/Magento_PageBuilder/js/mass-converter/converter-pool-factory.js.map' [] []
[2025-02-10T13:00:32.306733+00:00] main.ERROR: Unable to resolve the source file for 'adminhtml/Magento/backend/en_US/Magento_PageBuilder/js/content-type/observable-updater.js.map' [] []
[2025-02-10T13:00:32.306866+00:00] main.CRITICAL: Unable to resolve the source file for 'adminhtml/Magento/backend/en_US/Magento_PageBuilder/js/content-type/observable-updater.js.map' [] []
[2025-02-10T13:00:32.331326+00:00] main.ERROR: Unable to resolve the source file for 'adminhtml/Magento/backend/en_US/Magento_PageBuilder/js/converter/converter-pool.js.map' [] []
[2025-02-10T13:00:32.331326+00:00] main.ERROR: Unable to resolve the source file for 'adminhtml/Magento/backend/en_US/Magento_PageBuilder/js/content-type/observable-updater/css.js.map' [] []
[2025-02-10T13:00:32.331379+00:00] main.ERROR: Unable to resolve the source file for 'adminhtml/Magento/backend/en_US/Magento_PageBuilder/js/mass-converter/converter-pool.js.map' [] []
[2025-02-10T13:00:32.331466+00:00] main.CRITICAL: Unable to resolve the source file for 'adminhtml/Magento/backend/en_US/Magento_PageBuilder/js/converter/converter-pool.js.map' [] []
[2025-02-10T13:00:32.331465+00:00] main.CRITICAL: Unable to resolve the source file for 'adminhtml/Magento/backend/en_US/Magento_PageBuilder/js/content-type/observable-updater/css.js.map' [] []
[2025-02-10T13:00:32.331466+00:00] main.CRITICAL: Unable to resolve the source file for 'adminhtml/Magento/backend/en_US/Magento_PageBuilder/js/mass-converter/converter-pool.js.map' [] []
[2025-02-10T13:00:32.336049+00:00] main.ERROR: Unable to resolve the source file for 'adminhtml/Magento/backend/en_US/Magento_PageBuilder/js/content-type/observable-updater/attributes.js.map' [] []
[2025-02-10T13:00:32.336201+00:00] main.CRITICAL: Unable to resolve the source file for 'adminhtml/Magento/backend/en_US/Magento_PageBuilder/js/content-type/observable-updater/attributes.js.map' [] []
[2025-02-10T13:00:32.342765+00:00] main.ERROR: Unable to resolve the source file for 'adminhtml/Magento/backend/en_US/Magento_PageBuilder/js/content-type/observable-updater/style.js.map' [] []
[2025-02-10T13:00:32.342766+00:00] main.ERROR: Unable to resolve the source file for 'adminhtml/Magento/backend/en_US/Magento_PageBuilder/js/content-type/observable-updater/html.js.map' [] []
[2025-02-10T13:00:32.342922+00:00] main.CRITICAL: Unable to resolve the source file for 'adminhtml/Magento/backend/en_US/Magento_PageBuilder/js/content-type/observable-updater/html.js.map' [] []
[2025-02-10T13:00:32.342921+00:00] main.CRITICAL: Unable to resolve the source file for 'adminhtml/Magento/backend/en_US/Magento_PageBuilder/js/content-type/observable-updater/style.js.map' [] []
[2025-02-10T13:00:32.357540+00:00] main.ERROR: Unable to resolve the source file for 'adminhtml/Magento/backend/en_US/Magento_PageBuilder/js/utils/editor.js.map' [] []
[2025-02-10T13:00:32.357661+00:00] main.CRITICAL: Unable to resolve the source file for 'adminhtml/Magento/backend/en_US/Magento_PageBuilder/js/utils/editor.js.map' [] []
[2025-02-10T13:00:33.772813+00:00] main.INFO: Broken reference: the 'notification.messages' tries to reorder itself towards 'user', but their parents are different: 'header.inner.right' and 'header' respectively. [] []
[2025-02-10T13:00:33.954598+00:00] main.ERROR: Unable to resolve the source file for 'adminhtml/Magento/backend/en_US/underscore-umd.js.map' [] []
[2025-02-10T13:00:33.954705+00:00] main.CRITICAL: Unable to resolve the source file for 'adminhtml/Magento/backend/en_US/underscore-umd.js.map' [] []
[2025-02-10T13:00:50.462924+00:00] main.INFO: Broken reference: the 'notification.messages' tries to reorder itself towards 'user', but their parents are different: 'header.inner.right' and 'header' respectively. [] []
[2025-02-10T13:00:50.669055+00:00] main.ERROR: Unable to resolve the source file for 'adminhtml/Magento/backend/en_US/underscore-umd.js.map' [] []
[2025-02-10T13:00:50.669181+00:00] main.CRITICAL: Unable to resolve the source file for 'adminhtml/Magento/backend/en_US/underscore-umd.js.map' [] []
[2025-02-10T13:00:51.999422+00:00] main.INFO: Broken reference: the 'notification.messages' tries to reorder itself towards 'user', but their parents are different: 'header.inner.right' and 'header' respectively. [] []
[2025-02-10T13:00:52.222906+00:00] main.ERROR: Unable to resolve the source file for 'adminhtml/Magento/backend/en_US/underscore-umd.js.map' [] []
[2025-02-10T13:00:52.223010+00:00] main.CRITICAL: Unable to resolve the source file for 'adminhtml/Magento/backend/en_US/underscore-umd.js.map' [] []
[2025-02-10T13:00:54.837643+00:00] main.ERROR: FAQ with ID "140" not found. [] []
[2025-02-10T13:04:02.860578+00:00] main.INFO: Broken reference: the 'catalog.compare.sidebar' element cannot be added as child to 'sidebar.additional', because the latter doesn't exist [] []
[2025-02-10T13:04:02.860702+00:00] main.INFO: Broken reference: the 'sale.reorder.sidebar' element cannot be added as child to 'sidebar.additional', because the latter doesn't exist [] []
[2025-02-10T13:04:02.860788+00:00] main.INFO: Broken reference: the 'wishlist_sidebar' element cannot be added as child to 'sidebar.additional', because the latter doesn't exist [] []
[2025-02-10T13:04:04.222333+00:00] main.ERROR: FAQ with ID "140" not found. [] []
[2025-02-10T13:04:05.295120+00:00] main.ERROR: FAQ with ID "140" not found. [] []
[2025-02-10T13:04:07.170898+00:00] main.INFO: Broken reference: the 'notification.messages' tries to reorder itself towards 'user', but their parents are different: 'header.inner.right' and 'header' respectively. [] []
[2025-02-10T13:04:07.340004+00:00] main.ERROR: Unable to resolve the source file for 'adminhtml/Magento/backend/en_US/underscore-umd.js.map' [] []
[2025-02-10T13:04:07.340140+00:00] main.CRITICAL: Unable to resolve the source file for 'adminhtml/Magento/backend/en_US/underscore-umd.js.map' [] []
[2025-02-10T13:04:10.731209+00:00] main.DEBUG: cache_invalidate:  {"method":"GET","url":"http:/","invalidateInfo":{"tags":["FPC"],"mode":"matchingTag"}} []
[2025-02-10T13:04:15.166623+00:00] main.INFO: Broken reference: the 'notification.messages' tries to reorder itself towards 'user', but their parents are different: 'header.inner.right' and 'header' respectively. [] []
[2025-02-10T13:04:15.186262+00:00] main.DEBUG: Item Magento_Backend::system_currency was removed [] []
[2025-02-10T13:04:15.187620+00:00] main.DEBUG: Add of item with id Magento_Config::system_config was processed [] []
[2025-02-10T13:04:15.187668+00:00] main.DEBUG: Add of item with id Magento_AdminNotification::system_adminnotification was processed [] []
[2025-02-10T13:04:15.187687+00:00] main.DEBUG: Add of item with id Magento_Theme::design_config was processed [] []
[2025-02-10T13:04:15.187702+00:00] main.DEBUG: Add of item with id Magento_Theme::system_design_theme was processed [] []
[2025-02-10T13:04:15.187714+00:00] main.DEBUG: Add of item with id Magento_Backend::system_design_schedule was processed [] []
[2025-02-10T13:04:15.187734+00:00] main.DEBUG: Add of item with id Magento_Backend::system_store was processed [] []
[2025-02-10T13:04:15.187745+00:00] main.DEBUG: Add of item with id Magento_Backend::dashboard was processed [] []
[2025-02-10T13:04:15.187756+00:00] main.DEBUG: Add of item with id Magento_Backend::system was processed [] []
[2025-02-10T13:04:15.187771+00:00] main.DEBUG: Add of item with id Magento_Backend::system_tools was processed [] []
[2025-02-10T13:04:15.187786+00:00] main.DEBUG: Add of item with id Magento_Backend::system_design was processed [] []
[2025-02-10T13:04:15.187798+00:00] main.DEBUG: Add of item with id Magento_Backend::system_convert was processed [] []
[2025-02-10T13:04:15.187812+00:00] main.DEBUG: Add of item with id Magento_Backend::system_cache was processed [] []
[2025-02-10T13:04:15.187824+00:00] main.DEBUG: Add of item with id Magento_Backend::marketing was processed [] []
[2025-02-10T13:04:15.187838+00:00] main.DEBUG: Add of item with id Magento_Backend::marketing_communications was processed [] []
[2025-02-10T13:04:15.187850+00:00] main.DEBUG: Add of item with id Magento_Backend::marketing_seo was processed [] []
[2025-02-10T13:04:15.187862+00:00] main.DEBUG: Add of item with id Magento_Backend::marketing_user_content was processed [] []
[2025-02-10T13:04:15.187872+00:00] main.DEBUG: Add of item with id Magento_Backend::content was processed [] []
[2025-02-10T13:04:15.187884+00:00] main.DEBUG: Add of item with id Magento_Backend::content_elements was processed [] []
[2025-02-10T13:04:15.187895+00:00] main.DEBUG: Add of item with id Magento_Backend::stores was processed [] []
[2025-02-10T13:04:15.187908+00:00] main.DEBUG: Add of item with id Magento_Backend::stores_settings was processed [] []
[2025-02-10T13:04:15.187920+00:00] main.DEBUG: Add of item with id Magento_Backend::stores_attributes was processed [] []
[2025-02-10T13:04:15.187932+00:00] main.DEBUG: Add of item with id Magento_Backend::other_settings was processed [] []
[2025-02-10T13:04:15.187943+00:00] main.DEBUG: Add of item with id Magento_Backend::system_other_settings was processed [] []
[2025-02-10T13:04:15.187953+00:00] main.DEBUG: Add of item with id Magento_User::system_acl was processed [] []
[2025-02-10T13:04:15.187966+00:00] main.DEBUG: Add of item with id Magento_User::system_acl_users was processed [] []
[2025-02-10T13:04:15.187978+00:00] main.DEBUG: Add of item with id Magento_User::system_acl_roles was processed [] []
[2025-02-10T13:04:15.187988+00:00] main.DEBUG: Add of item with id Magento_User::system_acl_locks was processed [] []
[2025-02-10T13:04:15.188001+00:00] main.DEBUG: Add of item with id Magento_Customer::customer was processed [] []
[2025-02-10T13:04:15.188022+00:00] main.DEBUG: Add of item with id Magento_Customer::customer_manage was processed [] []
[2025-02-10T13:04:15.188038+00:00] main.DEBUG: Add of item with id Magento_Customer::customer_online was processed [] []
[2025-02-10T13:04:15.188049+00:00] main.DEBUG: Add of item with id Magento_Customer::customer_group was processed [] []
[2025-02-10T13:04:15.188060+00:00] main.DEBUG: Add of item with id Magento_Backup::system_tools_backup was processed [] []
[2025-02-10T13:04:15.188071+00:00] main.DEBUG: Add of item with id Magento_Indexer::system_index was processed [] []
[2025-02-10T13:04:15.188082+00:00] main.DEBUG: Add of item with id Magento_Variable::system_variable was processed [] []
[2025-02-10T13:04:15.188096+00:00] main.DEBUG: Add of item with id Magento_Cms::cms_page was processed [] []
[2025-02-10T13:04:15.188108+00:00] main.DEBUG: Add of item with id Magento_Cms::cms_block was processed [] []
[2025-02-10T13:04:15.188120+00:00] main.DEBUG: Add of item with id Magento_Catalog::catalog was processed [] []
[2025-02-10T13:04:15.188134+00:00] main.DEBUG: Add of item with id Magento_Catalog::catalog_products was processed [] []
[2025-02-10T13:04:15.188146+00:00] main.DEBUG: Add of item with id Magento_Catalog::catalog_categories was processed [] []
[2025-02-10T13:04:15.188163+00:00] main.DEBUG: Add of item with id Magento_Catalog::catalog_attributes_attributes was processed [] []
[2025-02-10T13:04:15.188175+00:00] main.DEBUG: Add of item with id Magento_Catalog::catalog_attributes_sets was processed [] []
[2025-02-10T13:04:15.188188+00:00] main.DEBUG: Add of item with id Magento_Catalog::inventory was processed [] []
[2025-02-10T13:04:15.188200+00:00] main.DEBUG: Add of item with id Magento_Integration::system_extensions was processed [] []
[2025-02-10T13:04:15.188213+00:00] main.DEBUG: Add of item with id Magento_Integration::system_integrations was processed [] []
[2025-02-10T13:04:15.188227+00:00] main.DEBUG: Add of item with id Magento_Search::search_terms was processed [] []
[2025-02-10T13:04:15.188238+00:00] main.DEBUG: Add of item with id Magento_Search::search_synonyms was processed [] []
[2025-02-10T13:04:15.188249+00:00] main.DEBUG: Add of item with id Magento_CatalogRule::promo was processed [] []
[2025-02-10T13:04:15.188262+00:00] main.DEBUG: Add of item with id Magento_CatalogRule::promo_catalog was processed [] []
[2025-02-10T13:04:15.188274+00:00] main.DEBUG: Add of item with id Magento_Sales::sales was processed [] []
[2025-02-10T13:04:15.188287+00:00] main.DEBUG: Add of item with id Magento_Sales::sales_operation was processed [] []
[2025-02-10T13:04:15.188301+00:00] main.DEBUG: Add of item with id Magento_Sales::sales_order was processed [] []
[2025-02-10T13:04:15.188312+00:00] main.DEBUG: Add of item with id Magento_Sales::sales_invoice was processed [] []
[2025-02-10T13:04:15.188323+00:00] main.DEBUG: Add of item with id Magento_Sales::sales_shipment was processed [] []
[2025-02-10T13:04:15.188333+00:00] main.DEBUG: Add of item with id Magento_Sales::sales_creditmemo was processed [] []
[2025-02-10T13:04:15.188343+00:00] main.DEBUG: Add of item with id Magento_Sales::sales_transactions was processed [] []
[2025-02-10T13:04:15.188354+00:00] main.DEBUG: Add of item with id Magento_Sales::system_order_statuses was processed [] []
[2025-02-10T13:04:15.188364+00:00] main.DEBUG: Add of item with id Magento_MediaGalleryUi::media was processed [] []
[2025-02-10T13:04:15.188377+00:00] main.DEBUG: Add of item with id Magento_MediaGalleryUi::media_gallery was processed [] []
[2025-02-10T13:04:15.188390+00:00] main.DEBUG: Add of item with id Magento_Downloadable::report_products_downloads was processed [] []
[2025-02-10T13:04:15.188401+00:00] main.DEBUG: Add of item with id Magento_UrlRewrite::urlrewrite was processed [] []
[2025-02-10T13:04:15.188412+00:00] main.DEBUG: Add of item with id Magento_Tax::sales_tax was processed [] []
[2025-02-10T13:04:15.188425+00:00] main.DEBUG: Add of item with id Magento_Tax::sales_tax_rules was processed [] []
[2025-02-10T13:04:15.188436+00:00] main.DEBUG: Add of item with id Magento_Tax::sales_tax_rates was processed [] []
[2025-02-10T13:04:15.188447+00:00] main.DEBUG: Add of item with id Magento_Widget::cms_widget_instance was processed [] []
[2025-02-10T13:04:15.188461+00:00] main.DEBUG: Add of item with id Magento_Analytics::business_intelligence was processed [] []
[2025-02-10T13:04:15.188474+00:00] main.DEBUG: Add of item with id Magento_Analytics::advanced_reporting was processed [] []
[2025-02-10T13:04:15.188486+00:00] main.DEBUG: Add of item with id Magento_Analytics::bi_essentials was processed [] []
[2025-02-10T13:04:15.188499+00:00] main.DEBUG: Add of item with id Magento_Newsletter::newsletter_template was processed [] []
[2025-02-10T13:04:15.188511+00:00] main.DEBUG: Add of item with id Magento_Newsletter::newsletter_queue was processed [] []
[2025-02-10T13:04:15.188522+00:00] main.DEBUG: Add of item with id Magento_Newsletter::newsletter_subscriber was processed [] []
[2025-02-10T13:04:15.188535+00:00] main.DEBUG: Add of item with id Magento_Newsletter::newsletter_problem was processed [] []
[2025-02-10T13:04:15.188549+00:00] main.DEBUG: Add of item with id Magento_ImportExport::system_convert_import was processed [] []
[2025-02-10T13:04:15.188560+00:00] main.DEBUG: Add of item with id Magento_ImportExport::system_convert_export was processed [] []
[2025-02-10T13:04:15.188573+00:00] main.DEBUG: Add of item with id Magento_ImportExport::system_convert_history was processed [] []
[2025-02-10T13:04:15.188588+00:00] main.DEBUG: Add of item with id Magento_Email::template was processed [] []
[2025-02-10T13:04:15.188605+00:00] main.DEBUG: Add of item with id Magento_EncryptionKey::system_crypt_key was processed [] []
[2025-02-10T13:04:15.188618+00:00] main.DEBUG: Add of item with id Magento_InventoryAdminUi::inventory was processed [] []
[2025-02-10T13:04:15.188638+00:00] main.DEBUG: Add of item with id Magento_InventoryAdminUi::source was processed [] []
[2025-02-10T13:04:15.188651+00:00] main.DEBUG: Add of item with id Magento_InventoryAdminUi::stock was processed [] []
[2025-02-10T13:04:15.188664+00:00] main.DEBUG: Add of item with id Magento_Reports::report was processed [] []
[2025-02-10T13:04:15.188677+00:00] main.DEBUG: Add of item with id Magento_Reports::report_marketing was processed [] []
[2025-02-10T13:04:15.188689+00:00] main.DEBUG: Add of item with id Magento_Reports::report_salesroot was processed [] []
[2025-02-10T13:04:15.188704+00:00] main.DEBUG: Add of item with id Magento_Reports::report_salesroot_sales was processed [] []
[2025-02-10T13:04:15.188717+00:00] main.DEBUG: Add of item with id Magento_Reports::report_salesroot_tax was processed [] []
[2025-02-10T13:04:15.188729+00:00] main.DEBUG: Add of item with id Magento_Reports::report_salesroot_invoiced was processed [] []
[2025-02-10T13:04:15.188741+00:00] main.DEBUG: Add of item with id Magento_Reports::report_salesroot_shipping was processed [] []
[2025-02-10T13:04:15.188751+00:00] main.DEBUG: Add of item with id Magento_Reports::report_salesroot_refunded was processed [] []
[2025-02-10T13:04:15.188761+00:00] main.DEBUG: Add of item with id Magento_Reports::report_salesroot_coupons was processed [] []
[2025-02-10T13:04:15.188771+00:00] main.DEBUG: Add of item with id Magento_Reports::report_shopcart_product was processed [] []
[2025-02-10T13:04:15.188781+00:00] main.DEBUG: Add of item with id Magento_Reports::report_shopcart_abandoned was processed [] []
[2025-02-10T13:04:15.188791+00:00] main.DEBUG: Add of item with id Magento_Reports::report_products was processed [] []
[2025-02-10T13:04:15.188801+00:00] main.DEBUG: Add of item with id Magento_Reports::report_products_bestsellers was processed [] []
[2025-02-10T13:04:15.188811+00:00] main.DEBUG: Add of item with id Magento_Reports::report_products_sold was processed [] []
[2025-02-10T13:04:15.188820+00:00] main.DEBUG: Add of item with id Magento_Reports::report_products_viewed was processed [] []
[2025-02-10T13:04:15.188830+00:00] main.DEBUG: Add of item with id Magento_Reports::report_products_lowstock was processed [] []
[2025-02-10T13:04:15.188840+00:00] main.DEBUG: Add of item with id Magento_Reports::report_customers was processed [] []
[2025-02-10T13:04:15.188852+00:00] main.DEBUG: Add of item with id Magento_Reports::report_customers_accounts was processed [] []
[2025-02-10T13:04:15.188864+00:00] main.DEBUG: Add of item with id Magento_Reports::report_customers_totals was processed [] []
[2025-02-10T13:04:15.188874+00:00] main.DEBUG: Add of item with id Magento_Reports::report_customers_orders was processed [] []
[2025-02-10T13:04:15.188885+00:00] main.DEBUG: Add of item with id Magento_Reports::report_statistics was processed [] []
[2025-02-10T13:04:15.188898+00:00] main.DEBUG: Add of item with id Magento_Reports::report_statistics_refresh was processed [] []
[2025-02-10T13:04:15.188910+00:00] main.DEBUG: Add of item with id Magento_Search::report_search_term was processed [] []
[2025-02-10T13:04:15.188921+00:00] main.DEBUG: Add of item with id Magento_LoginAsCustomerLog::login_log was processed [] []
[2025-02-10T13:04:15.188932+00:00] main.DEBUG: Add of item with id Magento_Marketplace::partners was processed [] []
[2025-02-10T13:04:15.188942+00:00] main.DEBUG: Add of item with id Magento_SalesRule::promo_quote was processed [] []
[2025-02-10T13:04:15.188952+00:00] main.DEBUG: Add of item with id Magento_Sitemap::catalog_sitemap was processed [] []
[2025-02-10T13:04:15.188965+00:00] main.DEBUG: Add of item with id Magento_PageBuilder::templates was processed [] []
[2025-02-10T13:04:15.188975+00:00] main.DEBUG: Add of item with id Magento_PaymentServicesDashboard::paymentservicesdashboard was processed [] []
[2025-02-10T13:04:15.188986+00:00] main.DEBUG: Add of item with id Magento_Paypal::report_salesroot_paypal_settlement_reports was processed [] []
[2025-02-10T13:04:15.188996+00:00] main.DEBUG: Add of item with id Magento_Paypal::paypal_billing_agreement was processed [] []
[2025-02-10T13:04:15.189006+00:00] main.DEBUG: Add of item with id Magento_Review::catalog_reviews_ratings_ratings was processed [] []
[2025-02-10T13:04:15.189020+00:00] main.DEBUG: Add of item with id Magento_Review::catalog_reviews_ratings_pending was processed [] []
[2025-02-10T13:04:15.189031+00:00] main.DEBUG: Add of item with id Magento_Review::catalog_reviews_ratings_reviews_all was processed [] []
[2025-02-10T13:04:15.189042+00:00] main.DEBUG: Add of item with id Magento_Review::report_review was processed [] []
[2025-02-10T13:04:15.189056+00:00] main.DEBUG: Add of item with id Magento_Review::report_review_customer was processed [] []
[2025-02-10T13:04:15.189068+00:00] main.DEBUG: Add of item with id Magento_Review::report_review_product was processed [] []
[2025-02-10T13:04:15.189079+00:00] main.DEBUG: Add of item with id Magento_ServicesId::configuration was processed [] []
[2025-02-10T13:04:15.189092+00:00] main.DEBUG: Add of item with id Magento_ServicesId::services_id was processed [] []
[2025-02-10T13:04:15.189104+00:00] main.DEBUG: Add of item with id Magento_CheckoutAgreements::sales_checkoutagreement was processed [] []
[2025-02-10T13:04:15.189115+00:00] main.DEBUG: Add of item with id Magento_TaxImportExport::system_convert_tax was processed [] []
[2025-02-10T13:04:15.189126+00:00] main.DEBUG: Add of item with id Magento_AsynchronousOperations::system_magento_logging was processed [] []
[2025-02-10T13:04:15.189139+00:00] main.DEBUG: Add of item with id Magento_AsynchronousOperations::system_magento_logging_bulk_operations was processed [] []
[2025-02-10T13:04:15.189151+00:00] main.DEBUG: Add of item with id Magento_CurrencySymbol::system_currency was processed [] []
[2025-02-10T13:04:15.189164+00:00] main.DEBUG: Add of item with id Magento_CurrencySymbol::system_currency_rates was processed [] []
[2025-02-10T13:04:15.189176+00:00] main.DEBUG: Add of item with id Magento_CurrencySymbol::system_currency_symbols was processed [] []
[2025-02-10T13:04:15.189187+00:00] main.DEBUG: Add of item with id Magebit_Faq::faq was processed [] []
[2025-02-10T13:04:15.189197+00:00] main.DEBUG: Add of item with id Magebit_GridRender::content_elements was processed [] []
[2025-02-10T13:04:15.189211+00:00] main.DEBUG: Add of item with id Magebit_GridRender::post was processed [] []
[2025-02-10T13:04:15.189223+00:00] main.DEBUG: Add of item with id PayPal_Braintree::settlement_report was processed [] []
[2025-02-10T13:04:15.189234+00:00] main.DEBUG: Add of item with id PayPal_Braintree::virtual_terminal was processed [] []
[2025-02-10T13:04:15.397992+00:00] main.ERROR: Unable to resolve the source file for 'adminhtml/Magento/backend/en_US/underscore-umd.js.map' [] []
[2025-02-10T13:04:15.398106+00:00] main.CRITICAL: Unable to resolve the source file for 'adminhtml/Magento/backend/en_US/underscore-umd.js.map' [] []
[2025-02-10T13:05:16.562080+00:00] main.INFO: Broken reference: the 'notification.messages' tries to reorder itself towards 'user', but their parents are different: 'header.inner.right' and 'header' respectively. [] []
[2025-02-10T13:05:16.801050+00:00] main.ERROR: Unable to resolve the source file for 'adminhtml/Magento/backend/en_US/underscore-umd.js.map' [] []
[2025-02-10T13:05:16.801167+00:00] main.CRITICAL: Unable to resolve the source file for 'adminhtml/Magento/backend/en_US/underscore-umd.js.map' [] []
[2025-02-10T13:05:19.237384+00:00] main.INFO: Broken reference: the 'notification.messages' tries to reorder itself towards 'user', but their parents are different: 'header.inner.right' and 'header' respectively. [] []
[2025-02-10T13:05:19.496153+00:00] main.ERROR: Unable to resolve the source file for 'adminhtml/Magento/backend/en_US/underscore-umd.js.map' [] []
[2025-02-10T13:05:19.496274+00:00] main.CRITICAL: Unable to resolve the source file for 'adminhtml/Magento/backend/en_US/underscore-umd.js.map' [] []
[2025-02-10T13:05:22.527766+00:00] main.INFO: Broken reference: the 'notification.messages' tries to reorder itself towards 'user', but their parents are different: 'header.inner.right' and 'header' respectively. [] []
[2025-02-10T13:05:22.727744+00:00] main.ERROR: Unable to resolve the source file for 'adminhtml/Magento/backend/en_US/underscore-umd.js.map' [] []
[2025-02-10T13:05:22.727885+00:00] main.CRITICAL: Unable to resolve the source file for 'adminhtml/Magento/backend/en_US/underscore-umd.js.map' [] []
[2025-02-10T13:06:30.828838+00:00] main.INFO: Broken reference: the 'notification.messages' tries to reorder itself towards 'user', but their parents are different: 'header.inner.right' and 'header' respectively. [] []
[2025-02-10T13:06:31.042669+00:00] main.ERROR: Unable to resolve the source file for 'adminhtml/Magento/backend/en_US/underscore-umd.js.map' [] []
[2025-02-10T13:06:31.042794+00:00] main.CRITICAL: Unable to resolve the source file for 'adminhtml/Magento/backend/en_US/underscore-umd.js.map' [] []
[2025-02-10T13:06:32.105816+00:00] main.INFO: Broken reference: the 'notification.messages' tries to reorder itself towards 'user', but their parents are different: 'header.inner.right' and 'header' respectively. [] []
[2025-02-10T13:06:32.298118+00:00] main.ERROR: Unable to resolve the source file for 'adminhtml/Magento/backend/en_US/underscore-umd.js.map' [] []
[2025-02-10T13:06:32.298274+00:00] main.CRITICAL: Unable to resolve the source file for 'adminhtml/Magento/backend/en_US/underscore-umd.js.map' [] []
[2025-02-10T13:06:36.003312+00:00] main.INFO: Broken reference: the 'notification.messages' tries to reorder itself towards 'user', but their parents are different: 'header.inner.right' and 'header' respectively. [] []
[2025-02-10T13:06:36.424385+00:00] main.ERROR: Unable to resolve the source file for 'adminhtml/Magento/backend/en_US/underscore-umd.js.map' [] []
[2025-02-10T13:06:36.424515+00:00] main.CRITICAL: Unable to resolve the source file for 'adminhtml/Magento/backend/en_US/underscore-umd.js.map' [] []
[2025-02-10T13:06:36.741341+00:00] main.ERROR: Unable to resolve the source file for 'adminhtml/Magento/backend/en_US/Magento_PageBuilder/js/stage-builder.js.map' [] []
[2025-02-10T13:06:36.741519+00:00] main.CRITICAL: Unable to resolve the source file for 'adminhtml/Magento/backend/en_US/Magento_PageBuilder/js/stage-builder.js.map' [] []
[2025-02-10T13:06:36.745464+00:00] main.ERROR: Unable to resolve the source file for 'adminhtml/Magento/backend/en_US/Magento_PageBuilder/js/content-type/appearance-config.js.map' [] []
[2025-02-10T13:06:36.745641+00:00] main.CRITICAL: Unable to resolve the source file for 'adminhtml/Magento/backend/en_US/Magento_PageBuilder/js/content-type/appearance-config.js.map' [] []
[2025-02-10T13:06:36.749567+00:00] main.ERROR: Unable to resolve the source file for 'adminhtml/Magento/backend/en_US/Magento_PageBuilder/js/config.js.map' [] []
[2025-02-10T13:06:36.749731+00:00] main.CRITICAL: Unable to resolve the source file for 'adminhtml/Magento/backend/en_US/Magento_PageBuilder/js/config.js.map' [] []
[2025-02-10T13:06:36.757432+00:00] main.ERROR: Unable to resolve the source file for 'adminhtml/Magento/backend/en_US/Magento_PageBuilder/js/content-type-collection.js.map' [] []
[2025-02-10T13:06:36.757608+00:00] main.CRITICAL: Unable to resolve the source file for 'adminhtml/Magento/backend/en_US/Magento_PageBuilder/js/content-type-collection.js.map' [] []
[2025-02-10T13:06:36.759171+00:00] main.ERROR: Unable to resolve the source file for 'adminhtml/Magento/backend/en_US/Magento_PageBuilder/js/content-type-factory.js.map' [] []
[2025-02-10T13:06:36.759309+00:00] main.CRITICAL: Unable to resolve the source file for 'adminhtml/Magento/backend/en_US/Magento_PageBuilder/js/content-type-factory.js.map' [] []
[2025-02-10T13:06:36.763333+00:00] main.ERROR: Unable to resolve the source file for 'adminhtml/Magento/backend/en_US/Magento_PageBuilder/js/content-type/style-registry.js.map' [] []
[2025-02-10T13:06:36.763436+00:00] main.CRITICAL: Unable to resolve the source file for 'adminhtml/Magento/backend/en_US/Magento_PageBuilder/js/content-type/style-registry.js.map' [] []
[2025-02-10T13:06:36.773113+00:00] main.ERROR: Unable to resolve the source file for 'adminhtml/Magento/backend/en_US/Magento_PageBuilder/js/utils/directives.js.map' [] []
[2025-02-10T13:06:36.773220+00:00] main.CRITICAL: Unable to resolve the source file for 'adminhtml/Magento/backend/en_US/Magento_PageBuilder/js/utils/directives.js.map' [] []
[2025-02-10T13:06:36.773337+00:00] main.ERROR: Unable to resolve the source file for 'adminhtml/Magento/backend/en_US/Magento_PageBuilder/js/master-format/validator.js.map' [] []
[2025-02-10T13:06:36.773451+00:00] main.CRITICAL: Unable to resolve the source file for 'adminhtml/Magento/backend/en_US/Magento_PageBuilder/js/master-format/validator.js.map' [] []
[2025-02-10T13:06:36.777552+00:00] main.ERROR: Unable to resolve the source file for 'adminhtml/Magento/backend/en_US/Magento_PageBuilder/js/utils/loader.js.map' [] []
[2025-02-10T13:06:36.777716+00:00] main.CRITICAL: Unable to resolve the source file for 'adminhtml/Magento/backend/en_US/Magento_PageBuilder/js/utils/loader.js.map' [] []
[2025-02-10T13:06:36.785649+00:00] main.ERROR: Unable to resolve the source file for 'adminhtml/Magento/backend/en_US/Magento_PageBuilder/js/utils/object.js.map' [] []
[2025-02-10T13:06:36.785964+00:00] main.CRITICAL: Unable to resolve the source file for 'adminhtml/Magento/backend/en_US/Magento_PageBuilder/js/utils/object.js.map' [] []
[2025-02-10T13:06:36.787358+00:00] main.ERROR: Unable to resolve the source file for 'adminhtml/Magento/backend/en_US/Magento_PageBuilder/js/collection.js.map' [] []
[2025-02-10T13:06:36.787497+00:00] main.CRITICAL: Unable to resolve the source file for 'adminhtml/Magento/backend/en_US/Magento_PageBuilder/js/collection.js.map' [] []
[2025-02-10T13:06:36.789316+00:00] main.ERROR: Unable to resolve the source file for 'adminhtml/Magento/backend/en_US/Magento_PageBuilder/js/content-type/master-factory.js.map' [] []
[2025-02-10T13:06:36.789438+00:00] main.CRITICAL: Unable to resolve the source file for 'adminhtml/Magento/backend/en_US/Magento_PageBuilder/js/content-type/master-factory.js.map' [] []
[2025-02-10T13:06:36.801241+00:00] main.ERROR: Unable to resolve the source file for 'adminhtml/Magento/backend/en_US/Magento_PageBuilder/js/content-type.js.map' [] []
[2025-02-10T13:06:36.801388+00:00] main.CRITICAL: Unable to resolve the source file for 'adminhtml/Magento/backend/en_US/Magento_PageBuilder/js/content-type.js.map' [] []
[2025-02-10T13:06:36.801840+00:00] main.ERROR: Unable to resolve the source file for 'adminhtml/Magento/backend/en_US/Magento_PageBuilder/js/utils/string.js.map' [] []
[2025-02-10T13:06:36.801976+00:00] main.CRITICAL: Unable to resolve the source file for 'adminhtml/Magento/backend/en_US/Magento_PageBuilder/js/utils/string.js.map' [] []
[2025-02-10T13:06:36.802162+00:00] main.ERROR: Unable to resolve the source file for 'adminhtml/Magento/backend/en_US/Magento_PageBuilder/js/content-type/preview-factory.js.map' [] []
[2025-02-10T13:06:36.802278+00:00] main.CRITICAL: Unable to resolve the source file for 'adminhtml/Magento/backend/en_US/Magento_PageBuilder/js/content-type/preview-factory.js.map' [] []
[2025-02-10T13:06:36.818265+00:00] main.ERROR: Unable to resolve the source file for 'adminhtml/Magento/backend/en_US/Magento_PageBuilder/js/utils/array.js.map' [] []
[2025-02-10T13:06:36.818265+00:00] main.ERROR: Unable to resolve the source file for 'adminhtml/Magento/backend/en_US/Magento_PageBuilder/js/content-type/converter-resolver.js.map' [] []
[2025-02-10T13:06:36.818370+00:00] main.CRITICAL: Unable to resolve the source file for 'adminhtml/Magento/backend/en_US/Magento_PageBuilder/js/utils/array.js.map' [] []
[2025-02-10T13:06:36.818370+00:00] main.CRITICAL: Unable to resolve the source file for 'adminhtml/Magento/backend/en_US/Magento_PageBuilder/js/content-type/converter-resolver.js.map' [] []
[2025-02-10T13:06:36.819337+00:00] main.ERROR: Unable to resolve the source file for 'adminhtml/Magento/backend/en_US/Magento_PageBuilder/js/data-store.js.map' [] []
[2025-02-10T13:06:36.819428+00:00] main.CRITICAL: Unable to resolve the source file for 'adminhtml/Magento/backend/en_US/Magento_PageBuilder/js/data-store.js.map' [] []
[2025-02-10T13:06:36.828863+00:00] main.ERROR: Unable to resolve the source file for 'adminhtml/Magento/backend/en_US/Magento_PageBuilder/js/content-type/observable-updater-factory.js.map' [] []
[2025-02-10T13:06:36.828999+00:00] main.CRITICAL: Unable to resolve the source file for 'adminhtml/Magento/backend/en_US/Magento_PageBuilder/js/content-type/observable-updater-factory.js.map' [] []
[2025-02-10T13:06:36.829176+00:00] main.ERROR: Unable to resolve the source file for 'adminhtml/Magento/backend/en_US/Magento_PageBuilder/js/content-type/preview-converter-resolver.js.map' [] []
[2025-02-10T13:06:36.829301+00:00] main.CRITICAL: Unable to resolve the source file for 'adminhtml/Magento/backend/en_US/Magento_PageBuilder/js/content-type/preview-converter-resolver.js.map' [] []
[2025-02-10T13:06:36.849977+00:00] main.ERROR: Unable to resolve the source file for 'adminhtml/Magento/backend/en_US/Magento_PageBuilder/js/mass-converter/converter-pool-factory.js.map' [] []
[2025-02-10T13:06:36.850079+00:00] main.CRITICAL: Unable to resolve the source file for 'adminhtml/Magento/backend/en_US/Magento_PageBuilder/js/mass-converter/converter-pool-factory.js.map' [] []
[2025-02-10T13:06:36.850181+00:00] main.ERROR: Unable to resolve the source file for 'adminhtml/Magento/backend/en_US/Magento_PageBuilder/js/converter/converter-pool-factory.js.map' [] []
[2025-02-10T13:06:36.850282+00:00] main.CRITICAL: Unable to resolve the source file for 'adminhtml/Magento/backend/en_US/Magento_PageBuilder/js/converter/converter-pool-factory.js.map' [] []
[2025-02-10T13:06:36.854692+00:00] main.ERROR: Unable to resolve the source file for 'adminhtml/Magento/backend/en_US/Magento_PageBuilder/js/content-type/observable-updater.js.map' [] []
[2025-02-10T13:06:36.854796+00:00] main.CRITICAL: Unable to resolve the source file for 'adminhtml/Magento/backend/en_US/Magento_PageBuilder/js/content-type/observable-updater.js.map' [] []
[2025-02-10T13:06:36.882632+00:00] main.ERROR: Unable to resolve the source file for 'adminhtml/Magento/backend/en_US/Magento_PageBuilder/js/converter/converter-pool.js.map' [] []
[2025-02-10T13:06:36.882571+00:00] main.ERROR: Unable to resolve the source file for 'adminhtml/Magento/backend/en_US/Magento_PageBuilder/js/mass-converter/converter-pool.js.map' [] []
[2025-02-10T13:06:36.882735+00:00] main.CRITICAL: Unable to resolve the source file for 'adminhtml/Magento/backend/en_US/Magento_PageBuilder/js/converter/converter-pool.js.map' [] []
[2025-02-10T13:06:36.882747+00:00] main.CRITICAL: Unable to resolve the source file for 'adminhtml/Magento/backend/en_US/Magento_PageBuilder/js/mass-converter/converter-pool.js.map' [] []
[2025-02-10T13:06:36.882759+00:00] main.ERROR: Unable to resolve the source file for 'adminhtml/Magento/backend/en_US/Magento_PageBuilder/js/content-type/observable-updater/attributes.js.map' [] []
[2025-02-10T13:06:36.882871+00:00] main.CRITICAL: Unable to resolve the source file for 'adminhtml/Magento/backend/en_US/Magento_PageBuilder/js/content-type/observable-updater/attributes.js.map' [] []
[2025-02-10T13:06:36.895993+00:00] main.ERROR: Unable to resolve the source file for 'adminhtml/Magento/backend/en_US/Magento_PageBuilder/js/content-type/observable-updater/style.js.map' [] []
[2025-02-10T13:06:36.896000+00:00] main.ERROR: Unable to resolve the source file for 'adminhtml/Magento/backend/en_US/Magento_PageBuilder/js/content-type/observable-updater/html.js.map' [] []
[2025-02-10T13:06:36.896032+00:00] main.ERROR: Unable to resolve the source file for 'adminhtml/Magento/backend/en_US/Magento_PageBuilder/js/content-type/observable-updater/css.js.map' [] []
[2025-02-10T13:06:36.896138+00:00] main.CRITICAL: Unable to resolve the source file for 'adminhtml/Magento/backend/en_US/Magento_PageBuilder/js/content-type/observable-updater/style.js.map' [] []
[2025-02-10T13:06:36.896138+00:00] main.CRITICAL: Unable to resolve the source file for 'adminhtml/Magento/backend/en_US/Magento_PageBuilder/js/content-type/observable-updater/html.js.map' [] []
[2025-02-10T13:06:36.896154+00:00] main.CRITICAL: Unable to resolve the source file for 'adminhtml/Magento/backend/en_US/Magento_PageBuilder/js/content-type/observable-updater/css.js.map' [] []
[2025-02-10T13:06:36.910474+00:00] main.ERROR: Unable to resolve the source file for 'adminhtml/Magento/backend/en_US/Magento_PageBuilder/js/utils/editor.js.map' [] []
[2025-02-10T13:06:36.910640+00:00] main.CRITICAL: Unable to resolve the source file for 'adminhtml/Magento/backend/en_US/Magento_PageBuilder/js/utils/editor.js.map' [] []
[2025-02-10T13:06:44.409572+00:00] main.INFO: Broken reference: the 'notification.messages' tries to reorder itself towards 'user', but their parents are different: 'header.inner.right' and 'header' respectively. [] []
[2025-02-10T13:06:44.600309+00:00] main.ERROR: Unable to resolve the source file for 'adminhtml/Magento/backend/en_US/underscore-umd.js.map' [] []
[2025-02-10T13:06:44.600415+00:00] main.CRITICAL: Unable to resolve the source file for 'adminhtml/Magento/backend/en_US/underscore-umd.js.map' [] []
[2025-02-10T13:06:50.639741+00:00] main.INFO: Broken reference: the 'notification.messages' tries to reorder itself towards 'user', but their parents are different: 'header.inner.right' and 'header' respectively. [] []
[2025-02-10T13:06:50.838455+00:00] main.ERROR: Unable to resolve the source file for 'adminhtml/Magento/backend/en_US/underscore-umd.js.map' [] []
[2025-02-10T13:06:50.838564+00:00] main.CRITICAL: Unable to resolve the source file for 'adminhtml/Magento/backend/en_US/underscore-umd.js.map' [] []
[2025-02-10T13:06:54.397759+00:00] main.INFO: Broken reference: the 'notification.messages' tries to reorder itself towards 'user', but their parents are different: 'header.inner.right' and 'header' respectively. [] []
[2025-02-10T13:06:54.659838+00:00] main.ERROR: Unable to resolve the source file for 'adminhtml/Magento/backend/en_US/underscore-umd.js.map' [] []
[2025-02-10T13:06:54.659987+00:00] main.CRITICAL: Unable to resolve the source file for 'adminhtml/Magento/backend/en_US/underscore-umd.js.map' [] []
[2025-02-10T13:06:54.891412+00:00] main.ERROR: Unable to resolve the source file for 'adminhtml/Magento/backend/en_US/Magento_PageBuilder/js/stage-builder.js.map' [] []
[2025-02-10T13:06:54.891560+00:00] main.CRITICAL: Unable to resolve the source file for 'adminhtml/Magento/backend/en_US/Magento_PageBuilder/js/stage-builder.js.map' [] []
[2025-02-10T13:06:54.901916+00:00] main.ERROR: Unable to resolve the source file for 'adminhtml/Magento/backend/en_US/Magento_PageBuilder/js/config.js.map' [] []
[2025-02-10T13:06:54.902040+00:00] main.CRITICAL: Unable to resolve the source file for 'adminhtml/Magento/backend/en_US/Magento_PageBuilder/js/config.js.map' [] []
[2025-02-10T13:06:54.902743+00:00] main.ERROR: Unable to resolve the source file for 'adminhtml/Magento/backend/en_US/Magento_PageBuilder/js/content-type-collection.js.map' [] []
[2025-02-10T13:06:54.902880+00:00] main.CRITICAL: Unable to resolve the source file for 'adminhtml/Magento/backend/en_US/Magento_PageBuilder/js/content-type-collection.js.map' [] []
[2025-02-10T13:06:54.907931+00:00] main.ERROR: Unable to resolve the source file for 'adminhtml/Magento/backend/en_US/Magento_PageBuilder/js/content-type-factory.js.map' [] []
[2025-02-10T13:06:54.908075+00:00] main.CRITICAL: Unable to resolve the source file for 'adminhtml/Magento/backend/en_US/Magento_PageBuilder/js/content-type-factory.js.map' [] []
[2025-02-10T13:06:54.913845+00:00] main.ERROR: Unable to resolve the source file for 'adminhtml/Magento/backend/en_US/Magento_PageBuilder/js/content-type/appearance-config.js.map' [] []
[2025-02-10T13:06:54.913962+00:00] main.CRITICAL: Unable to resolve the source file for 'adminhtml/Magento/backend/en_US/Magento_PageBuilder/js/content-type/appearance-config.js.map' [] []
[2025-02-10T13:06:54.915497+00:00] main.ERROR: Unable to resolve the source file for 'adminhtml/Magento/backend/en_US/Magento_PageBuilder/js/master-format/validator.js.map' [] []
[2025-02-10T13:06:54.915650+00:00] main.CRITICAL: Unable to resolve the source file for 'adminhtml/Magento/backend/en_US/Magento_PageBuilder/js/master-format/validator.js.map' [] []
[2025-02-10T13:06:54.920083+00:00] main.ERROR: Unable to resolve the source file for 'adminhtml/Magento/backend/en_US/Magento_PageBuilder/js/content-type/style-registry.js.map' [] []
[2025-02-10T13:06:54.920221+00:00] main.CRITICAL: Unable to resolve the source file for 'adminhtml/Magento/backend/en_US/Magento_PageBuilder/js/content-type/style-registry.js.map' [] []
[2025-02-10T13:06:54.926534+00:00] main.ERROR: Unable to resolve the source file for 'adminhtml/Magento/backend/en_US/Magento_PageBuilder/js/utils/loader.js.map' [] []
[2025-02-10T13:06:54.926689+00:00] main.CRITICAL: Unable to resolve the source file for 'adminhtml/Magento/backend/en_US/Magento_PageBuilder/js/utils/loader.js.map' [] []
[2025-02-10T13:06:54.927119+00:00] main.ERROR: Unable to resolve the source file for 'adminhtml/Magento/backend/en_US/Magento_PageBuilder/js/utils/object.js.map' [] []
[2025-02-10T13:06:54.927322+00:00] main.CRITICAL: Unable to resolve the source file for 'adminhtml/Magento/backend/en_US/Magento_PageBuilder/js/utils/object.js.map' [] []
[2025-02-10T13:06:54.933106+00:00] main.ERROR: Unable to resolve the source file for 'adminhtml/Magento/backend/en_US/Magento_PageBuilder/js/utils/directives.js.map' [] []
[2025-02-10T13:06:54.933223+00:00] main.CRITICAL: Unable to resolve the source file for 'adminhtml/Magento/backend/en_US/Magento_PageBuilder/js/utils/directives.js.map' [] []
[2025-02-10T13:06:54.941881+00:00] main.ERROR: Unable to resolve the source file for 'adminhtml/Magento/backend/en_US/Magento_PageBuilder/js/content-type.js.map' [] []
[2025-02-10T13:06:54.941881+00:00] main.ERROR: Unable to resolve the source file for 'adminhtml/Magento/backend/en_US/Magento_PageBuilder/js/collection.js.map' [] []
[2025-02-10T13:06:54.941983+00:00] main.CRITICAL: Unable to resolve the source file for 'adminhtml/Magento/backend/en_US/Magento_PageBuilder/js/collection.js.map' [] []
[2025-02-10T13:06:54.941982+00:00] main.CRITICAL: Unable to resolve the source file for 'adminhtml/Magento/backend/en_US/Magento_PageBuilder/js/content-type.js.map' [] []
[2025-02-10T13:06:54.947720+00:00] main.ERROR: Unable to resolve the source file for 'adminhtml/Magento/backend/en_US/Magento_PageBuilder/js/content-type/master-factory.js.map' [] []
[2025-02-10T13:06:54.947842+00:00] main.CRITICAL: Unable to resolve the source file for 'adminhtml/Magento/backend/en_US/Magento_PageBuilder/js/content-type/master-factory.js.map' [] []
[2025-02-10T13:06:54.955401+00:00] main.ERROR: Unable to resolve the source file for 'adminhtml/Magento/backend/en_US/Magento_PageBuilder/js/content-type/preview-factory.js.map' [] []
[2025-02-10T13:06:54.955401+00:00] main.ERROR: Unable to resolve the source file for 'adminhtml/Magento/backend/en_US/Magento_PageBuilder/js/utils/string.js.map' [] []
[2025-02-10T13:06:54.955552+00:00] main.CRITICAL: Unable to resolve the source file for 'adminhtml/Magento/backend/en_US/Magento_PageBuilder/js/utils/string.js.map' [] []
[2025-02-10T13:06:54.955552+00:00] main.CRITICAL: Unable to resolve the source file for 'adminhtml/Magento/backend/en_US/Magento_PageBuilder/js/content-type/preview-factory.js.map' [] []
[2025-02-10T13:06:54.962810+00:00] main.ERROR: Unable to resolve the source file for 'adminhtml/Magento/backend/en_US/Magento_PageBuilder/js/utils/array.js.map' [] []
[2025-02-10T13:06:54.962968+00:00] main.CRITICAL: Unable to resolve the source file for 'adminhtml/Magento/backend/en_US/Magento_PageBuilder/js/utils/array.js.map' [] []
[2025-02-10T13:06:54.971198+00:00] main.ERROR: Unable to resolve the source file for 'adminhtml/Magento/backend/en_US/Magento_PageBuilder/js/data-store.js.map' [] []
[2025-02-10T13:06:54.971358+00:00] main.CRITICAL: Unable to resolve the source file for 'adminhtml/Magento/backend/en_US/Magento_PageBuilder/js/data-store.js.map' [] []
[2025-02-10T13:06:54.974857+00:00] main.ERROR: Unable to resolve the source file for 'adminhtml/Magento/backend/en_US/Magento_PageBuilder/js/content-type/observable-updater-factory.js.map' [] []
[2025-02-10T13:06:54.974889+00:00] main.ERROR: Unable to resolve the source file for 'adminhtml/Magento/backend/en_US/Magento_PageBuilder/js/content-type/converter-resolver.js.map' [] []
[2025-02-10T13:06:54.975000+00:00] main.CRITICAL: Unable to resolve the source file for 'adminhtml/Magento/backend/en_US/Magento_PageBuilder/js/content-type/observable-updater-factory.js.map' [] []
[2025-02-10T13:06:54.975001+00:00] main.CRITICAL: Unable to resolve the source file for 'adminhtml/Magento/backend/en_US/Magento_PageBuilder/js/content-type/converter-resolver.js.map' [] []
[2025-02-10T13:06:54.986208+00:00] main.ERROR: Unable to resolve the source file for 'adminhtml/Magento/backend/en_US/Magento_PageBuilder/js/content-type/preview-converter-resolver.js.map' [] []
[2025-02-10T13:06:54.986364+00:00] main.CRITICAL: Unable to resolve the source file for 'adminhtml/Magento/backend/en_US/Magento_PageBuilder/js/content-type/preview-converter-resolver.js.map' [] []
[2025-02-10T13:06:54.987134+00:00] main.ERROR: Unable to resolve the source file for 'adminhtml/Magento/backend/en_US/Magento_PageBuilder/js/mass-converter/converter-pool-factory.js.map' [] []
[2025-02-10T13:06:54.987273+00:00] main.CRITICAL: Unable to resolve the source file for 'adminhtml/Magento/backend/en_US/Magento_PageBuilder/js/mass-converter/converter-pool-factory.js.map' [] []
[2025-02-10T13:06:54.998873+00:00] main.ERROR: Unable to resolve the source file for 'adminhtml/Magento/backend/en_US/Magento_PageBuilder/js/converter/converter-pool-factory.js.map' [] []
[2025-02-10T13:06:54.999038+00:00] main.CRITICAL: Unable to resolve the source file for 'adminhtml/Magento/backend/en_US/Magento_PageBuilder/js/converter/converter-pool-factory.js.map' [] []
[2025-02-10T13:06:55.000401+00:00] main.ERROR: Unable to resolve the source file for 'adminhtml/Magento/backend/en_US/Magento_PageBuilder/js/content-type/observable-updater.js.map' [] []
[2025-02-10T13:06:55.000547+00:00] main.CRITICAL: Unable to resolve the source file for 'adminhtml/Magento/backend/en_US/Magento_PageBuilder/js/content-type/observable-updater.js.map' [] []
[2025-02-10T13:06:55.029928+00:00] main.ERROR: Unable to resolve the source file for 'adminhtml/Magento/backend/en_US/Magento_PageBuilder/js/mass-converter/converter-pool.js.map' [] []
[2025-02-10T13:06:55.030082+00:00] main.CRITICAL: Unable to resolve the source file for 'adminhtml/Magento/backend/en_US/Magento_PageBuilder/js/mass-converter/converter-pool.js.map' [] []
[2025-02-10T13:06:55.034169+00:00] main.ERROR: Unable to resolve the source file for 'adminhtml/Magento/backend/en_US/Magento_PageBuilder/js/content-type/observable-updater/attributes.js.map' [] []
[2025-02-10T13:06:55.034169+00:00] main.ERROR: Unable to resolve the source file for 'adminhtml/Magento/backend/en_US/Magento_PageBuilder/js/converter/converter-pool.js.map' [] []
[2025-02-10T13:06:55.034313+00:00] main.CRITICAL: Unable to resolve the source file for 'adminhtml/Magento/backend/en_US/Magento_PageBuilder/js/content-type/observable-updater/attributes.js.map' [] []
[2025-02-10T13:06:55.034313+00:00] main.CRITICAL: Unable to resolve the source file for 'adminhtml/Magento/backend/en_US/Magento_PageBuilder/js/converter/converter-pool.js.map' [] []
[2025-02-10T13:06:55.044525+00:00] main.ERROR: Unable to resolve the source file for 'adminhtml/Magento/backend/en_US/Magento_PageBuilder/js/content-type/observable-updater/html.js.map' [] []
[2025-02-10T13:06:55.044671+00:00] main.CRITICAL: Unable to resolve the source file for 'adminhtml/Magento/backend/en_US/Magento_PageBuilder/js/content-type/observable-updater/html.js.map' [] []
[2025-02-10T13:06:55.046704+00:00] main.ERROR: Unable to resolve the source file for 'adminhtml/Magento/backend/en_US/Magento_PageBuilder/js/content-type/observable-updater/style.js.map' [] []
[2025-02-10T13:06:55.046847+00:00] main.CRITICAL: Unable to resolve the source file for 'adminhtml/Magento/backend/en_US/Magento_PageBuilder/js/content-type/observable-updater/style.js.map' [] []
[2025-02-10T13:06:55.046905+00:00] main.ERROR: Unable to resolve the source file for 'adminhtml/Magento/backend/en_US/Magento_PageBuilder/js/content-type/observable-updater/css.js.map' [] []
[2025-02-10T13:06:55.047020+00:00] main.CRITICAL: Unable to resolve the source file for 'adminhtml/Magento/backend/en_US/Magento_PageBuilder/js/content-type/observable-updater/css.js.map' [] []
[2025-02-10T13:06:55.059605+00:00] main.ERROR: Unable to resolve the source file for 'adminhtml/Magento/backend/en_US/Magento_PageBuilder/js/utils/editor.js.map' [] []
[2025-02-10T13:06:55.059852+00:00] main.CRITICAL: Unable to resolve the source file for 'adminhtml/Magento/backend/en_US/Magento_PageBuilder/js/utils/editor.js.map' [] []
[2025-02-10T13:06:55.882365+00:00] main.INFO: Broken reference: the 'notification.messages' tries to reorder itself towards 'user', but their parents are different: 'header.inner.right' and 'header' respectively. [] []
[2025-02-10T13:06:56.064160+00:00] main.ERROR: Unable to resolve the source file for 'adminhtml/Magento/backend/en_US/underscore-umd.js.map' [] []
[2025-02-10T13:06:56.064301+00:00] main.CRITICAL: Unable to resolve the source file for 'adminhtml/Magento/backend/en_US/underscore-umd.js.map' [] []
[2025-02-10T13:09:28.046448+00:00] main.INFO: Broken reference: the 'notification.messages' tries to reorder itself towards 'user', but their parents are different: 'header.inner.right' and 'header' respectively. [] []
[2025-02-10T13:09:28.265272+00:00] main.ERROR: Unable to resolve the source file for 'adminhtml/Magento/backend/en_US/underscore-umd.js.map' [] []
[2025-02-10T13:09:28.265392+00:00] main.CRITICAL: Unable to resolve the source file for 'adminhtml/Magento/backend/en_US/underscore-umd.js.map' [] []
[2025-02-10T13:09:29.273146+00:00] main.INFO: Broken reference: the 'notification.messages' tries to reorder itself towards 'user', but their parents are different: 'header.inner.right' and 'header' respectively. [] []
[2025-02-10T13:09:29.479157+00:00] main.ERROR: Unable to resolve the source file for 'adminhtml/Magento/backend/en_US/underscore-umd.js.map' [] []
[2025-02-10T13:09:29.479305+00:00] main.CRITICAL: Unable to resolve the source file for 'adminhtml/Magento/backend/en_US/underscore-umd.js.map' [] []
[2025-02-10T13:12:28.981006+00:00] main.DEBUG: cache_invalidate:  {"method":"GET","url":"http:/","invalidateInfo":{"tags":["FPC"],"mode":"matchingTag"}} []
[2025-02-10T13:12:36.875311+00:00] main.INFO: Broken reference: the 'notification.messages' tries to reorder itself towards 'user', but their parents are different: 'header.inner.right' and 'header' respectively. [] []
[2025-02-10T13:12:36.895938+00:00] main.DEBUG: Item Magento_Backend::system_currency was removed [] []
[2025-02-10T13:12:36.897069+00:00] main.DEBUG: Add of item with id Magento_Config::system_config was processed [] []
[2025-02-10T13:12:36.897104+00:00] main.DEBUG: Add of item with id Magento_AdminNotification::system_adminnotification was processed [] []
[2025-02-10T13:12:36.897124+00:00] main.DEBUG: Add of item with id Magento_Theme::design_config was processed [] []
[2025-02-10T13:12:36.897139+00:00] main.DEBUG: Add of item with id Magento_Theme::system_design_theme was processed [] []
[2025-02-10T13:12:36.897152+00:00] main.DEBUG: Add of item with id Magento_Backend::system_design_schedule was processed [] []
[2025-02-10T13:12:36.897165+00:00] main.DEBUG: Add of item with id Magento_Backend::system_store was processed [] []
[2025-02-10T13:12:36.897177+00:00] main.DEBUG: Add of item with id Magento_Backend::dashboard was processed [] []
[2025-02-10T13:12:36.897197+00:00] main.DEBUG: Add of item with id Magento_Backend::system was processed [] []
[2025-02-10T13:12:36.897213+00:00] main.DEBUG: Add of item with id Magento_Backend::system_tools was processed [] []
[2025-02-10T13:12:36.897229+00:00] main.DEBUG: Add of item with id Magento_Backend::system_design was processed [] []
[2025-02-10T13:12:36.897241+00:00] main.DEBUG: Add of item with id Magento_Backend::system_convert was processed [] []
[2025-02-10T13:12:36.897256+00:00] main.DEBUG: Add of item with id Magento_Backend::system_cache was processed [] []
[2025-02-10T13:12:36.897268+00:00] main.DEBUG: Add of item with id Magento_Backend::marketing was processed [] []
[2025-02-10T13:12:36.897282+00:00] main.DEBUG: Add of item with id Magento_Backend::marketing_communications was processed [] []
[2025-02-10T13:12:36.897294+00:00] main.DEBUG: Add of item with id Magento_Backend::marketing_seo was processed [] []
[2025-02-10T13:12:36.897306+00:00] main.DEBUG: Add of item with id Magento_Backend::marketing_user_content was processed [] []
[2025-02-10T13:12:36.897317+00:00] main.DEBUG: Add of item with id Magento_Backend::content was processed [] []
[2025-02-10T13:12:36.897327+00:00] main.DEBUG: Add of item with id Magento_Backend::content_elements was processed [] []
[2025-02-10T13:12:36.897338+00:00] main.DEBUG: Add of item with id Magento_Backend::stores was processed [] []
[2025-02-10T13:12:36.897352+00:00] main.DEBUG: Add of item with id Magento_Backend::stores_settings was processed [] []
[2025-02-10T13:12:36.897365+00:00] main.DEBUG: Add of item with id Magento_Backend::stores_attributes was processed [] []
[2025-02-10T13:12:36.897376+00:00] main.DEBUG: Add of item with id Magento_Backend::other_settings was processed [] []
[2025-02-10T13:12:36.897387+00:00] main.DEBUG: Add of item with id Magento_Backend::system_other_settings was processed [] []
[2025-02-10T13:12:36.897397+00:00] main.DEBUG: Add of item with id Magento_User::system_acl was processed [] []
[2025-02-10T13:12:36.897411+00:00] main.DEBUG: Add of item with id Magento_User::system_acl_users was processed [] []
[2025-02-10T13:12:36.897423+00:00] main.DEBUG: Add of item with id Magento_User::system_acl_roles was processed [] []
[2025-02-10T13:12:36.897434+00:00] main.DEBUG: Add of item with id Magento_User::system_acl_locks was processed [] []
[2025-02-10T13:12:36.897444+00:00] main.DEBUG: Add of item with id Magento_Customer::customer was processed [] []
[2025-02-10T13:12:36.897458+00:00] main.DEBUG: Add of item with id Magento_Customer::customer_manage was processed [] []
[2025-02-10T13:12:36.897470+00:00] main.DEBUG: Add of item with id Magento_Customer::customer_online was processed [] []
[2025-02-10T13:12:36.897481+00:00] main.DEBUG: Add of item with id Magento_Customer::customer_group was processed [] []
[2025-02-10T13:12:36.897492+00:00] main.DEBUG: Add of item with id Magento_Backup::system_tools_backup was processed [] []
[2025-02-10T13:12:36.897503+00:00] main.DEBUG: Add of item with id Magento_Indexer::system_index was processed [] []
[2025-02-10T13:12:36.897514+00:00] main.DEBUG: Add of item with id Magento_Variable::system_variable was processed [] []
[2025-02-10T13:12:36.897528+00:00] main.DEBUG: Add of item with id Magento_Cms::cms_page was processed [] []
[2025-02-10T13:12:36.897540+00:00] main.DEBUG: Add of item with id Magento_Cms::cms_block was processed [] []
[2025-02-10T13:12:36.897551+00:00] main.DEBUG: Add of item with id Magento_Catalog::catalog was processed [] []
[2025-02-10T13:12:36.897565+00:00] main.DEBUG: Add of item with id Magento_Catalog::catalog_products was processed [] []
[2025-02-10T13:12:36.897577+00:00] main.DEBUG: Add of item with id Magento_Catalog::catalog_categories was processed [] []
[2025-02-10T13:12:36.897595+00:00] main.DEBUG: Add of item with id Magento_Catalog::catalog_attributes_attributes was processed [] []
[2025-02-10T13:12:36.897611+00:00] main.DEBUG: Add of item with id Magento_Catalog::catalog_attributes_sets was processed [] []
[2025-02-10T13:12:36.897627+00:00] main.DEBUG: Add of item with id Magento_Catalog::inventory was processed [] []
[2025-02-10T13:12:36.897644+00:00] main.DEBUG: Add of item with id Magento_Integration::system_extensions was processed [] []
[2025-02-10T13:12:36.897660+00:00] main.DEBUG: Add of item with id Magento_Integration::system_integrations was processed [] []
[2025-02-10T13:12:36.897676+00:00] main.DEBUG: Add of item with id Magento_Search::search_terms was processed [] []
[2025-02-10T13:12:36.897690+00:00] main.DEBUG: Add of item with id Magento_Search::search_synonyms was processed [] []
[2025-02-10T13:12:36.897703+00:00] main.DEBUG: Add of item with id Magento_CatalogRule::promo was processed [] []
[2025-02-10T13:12:36.897718+00:00] main.DEBUG: Add of item with id Magento_CatalogRule::promo_catalog was processed [] []
[2025-02-10T13:12:36.897731+00:00] main.DEBUG: Add of item with id Magento_Sales::sales was processed [] []
[2025-02-10T13:12:36.897745+00:00] main.DEBUG: Add of item with id Magento_Sales::sales_operation was processed [] []
[2025-02-10T13:12:36.897759+00:00] main.DEBUG: Add of item with id Magento_Sales::sales_order was processed [] []
[2025-02-10T13:12:36.897771+00:00] main.DEBUG: Add of item with id Magento_Sales::sales_invoice was processed [] []
[2025-02-10T13:12:36.897782+00:00] main.DEBUG: Add of item with id Magento_Sales::sales_shipment was processed [] []
[2025-02-10T13:12:36.897793+00:00] main.DEBUG: Add of item with id Magento_Sales::sales_creditmemo was processed [] []
[2025-02-10T13:12:36.897804+00:00] main.DEBUG: Add of item with id Magento_Sales::sales_transactions was processed [] []
[2025-02-10T13:12:36.897814+00:00] main.DEBUG: Add of item with id Magento_Sales::system_order_statuses was processed [] []
[2025-02-10T13:12:36.897825+00:00] main.DEBUG: Add of item with id Magento_MediaGalleryUi::media was processed [] []
[2025-02-10T13:12:36.897838+00:00] main.DEBUG: Add of item with id Magento_MediaGalleryUi::media_gallery was processed [] []
[2025-02-10T13:12:36.897853+00:00] main.DEBUG: Add of item with id Magento_Downloadable::report_products_downloads was processed [] []
[2025-02-10T13:12:36.897865+00:00] main.DEBUG: Add of item with id Magento_UrlRewrite::urlrewrite was processed [] []
[2025-02-10T13:12:36.897883+00:00] main.DEBUG: Add of item with id Magento_Tax::sales_tax was processed [] []
[2025-02-10T13:12:36.897897+00:00] main.DEBUG: Add of item with id Magento_Tax::sales_tax_rules was processed [] []
[2025-02-10T13:12:36.897911+00:00] main.DEBUG: Add of item with id Magento_Tax::sales_tax_rates was processed [] []
[2025-02-10T13:12:36.897924+00:00] main.DEBUG: Add of item with id Magento_Widget::cms_widget_instance was processed [] []
[2025-02-10T13:12:36.897939+00:00] main.DEBUG: Add of item with id Magento_Analytics::business_intelligence was processed [] []
[2025-02-10T13:12:36.897954+00:00] main.DEBUG: Add of item with id Magento_Analytics::advanced_reporting was processed [] []
[2025-02-10T13:12:36.897967+00:00] main.DEBUG: Add of item with id Magento_Analytics::bi_essentials was processed [] []
[2025-02-10T13:12:36.897983+00:00] main.DEBUG: Add of item with id Magento_Newsletter::newsletter_template was processed [] []
[2025-02-10T13:12:36.897996+00:00] main.DEBUG: Add of item with id Magento_Newsletter::newsletter_queue was processed [] []
[2025-02-10T13:12:36.898008+00:00] main.DEBUG: Add of item with id Magento_Newsletter::newsletter_subscriber was processed [] []
[2025-02-10T13:12:36.898027+00:00] main.DEBUG: Add of item with id Magento_Newsletter::newsletter_problem was processed [] []
[2025-02-10T13:12:36.898043+00:00] main.DEBUG: Add of item with id Magento_ImportExport::system_convert_import was processed [] []
[2025-02-10T13:12:36.898056+00:00] main.DEBUG: Add of item with id Magento_ImportExport::system_convert_export was processed [] []
[2025-02-10T13:12:36.898068+00:00] main.DEBUG: Add of item with id Magento_ImportExport::system_convert_history was processed [] []
[2025-02-10T13:12:36.898080+00:00] main.DEBUG: Add of item with id Magento_Email::template was processed [] []
[2025-02-10T13:12:36.898092+00:00] main.DEBUG: Add of item with id Magento_EncryptionKey::system_crypt_key was processed [] []
[2025-02-10T13:12:36.898106+00:00] main.DEBUG: Add of item with id Magento_InventoryAdminUi::inventory was processed [] []
[2025-02-10T13:12:36.898121+00:00] main.DEBUG: Add of item with id Magento_InventoryAdminUi::source was processed [] []
[2025-02-10T13:12:36.898134+00:00] main.DEBUG: Add of item with id Magento_InventoryAdminUi::stock was processed [] []
[2025-02-10T13:12:36.898146+00:00] main.DEBUG: Add of item with id Magento_Reports::report was processed [] []
[2025-02-10T13:12:36.898158+00:00] main.DEBUG: Add of item with id Magento_Reports::report_marketing was processed [] []
[2025-02-10T13:12:36.898170+00:00] main.DEBUG: Add of item with id Magento_Reports::report_salesroot was processed [] []
[2025-02-10T13:12:36.898185+00:00] main.DEBUG: Add of item with id Magento_Reports::report_salesroot_sales was processed [] []
[2025-02-10T13:12:36.898197+00:00] main.DEBUG: Add of item with id Magento_Reports::report_salesroot_tax was processed [] []
[2025-02-10T13:12:36.898210+00:00] main.DEBUG: Add of item with id Magento_Reports::report_salesroot_invoiced was processed [] []
[2025-02-10T13:12:36.898221+00:00] main.DEBUG: Add of item with id Magento_Reports::report_salesroot_shipping was processed [] []
[2025-02-10T13:12:36.898233+00:00] main.DEBUG: Add of item with id Magento_Reports::report_salesroot_refunded was processed [] []
[2025-02-10T13:12:36.898244+00:00] main.DEBUG: Add of item with id Magento_Reports::report_salesroot_coupons was processed [] []
[2025-02-10T13:12:36.898255+00:00] main.DEBUG: Add of item with id Magento_Reports::report_shopcart_product was processed [] []
[2025-02-10T13:12:36.898266+00:00] main.DEBUG: Add of item with id Magento_Reports::report_shopcart_abandoned was processed [] []
[2025-02-10T13:12:36.898278+00:00] main.DEBUG: Add of item with id Magento_Reports::report_products was processed [] []
[2025-02-10T13:12:36.898289+00:00] main.DEBUG: Add of item with id Magento_Reports::report_products_bestsellers was processed [] []
[2025-02-10T13:12:36.898300+00:00] main.DEBUG: Add of item with id Magento_Reports::report_products_sold was processed [] []
[2025-02-10T13:12:36.898312+00:00] main.DEBUG: Add of item with id Magento_Reports::report_products_viewed was processed [] []
[2025-02-10T13:12:36.898323+00:00] main.DEBUG: Add of item with id Magento_Reports::report_products_lowstock was processed [] []
[2025-02-10T13:12:36.898334+00:00] main.DEBUG: Add of item with id Magento_Reports::report_customers was processed [] []
[2025-02-10T13:12:36.898348+00:00] main.DEBUG: Add of item with id Magento_Reports::report_customers_accounts was processed [] []
[2025-02-10T13:12:36.898361+00:00] main.DEBUG: Add of item with id Magento_Reports::report_customers_totals was processed [] []
[2025-02-10T13:12:36.898373+00:00] main.DEBUG: Add of item with id Magento_Reports::report_customers_orders was processed [] []
[2025-02-10T13:12:36.898384+00:00] main.DEBUG: Add of item with id Magento_Reports::report_statistics was processed [] []
[2025-02-10T13:12:36.898399+00:00] main.DEBUG: Add of item with id Magento_Reports::report_statistics_refresh was processed [] []
[2025-02-10T13:12:36.898412+00:00] main.DEBUG: Add of item with id Magento_Search::report_search_term was processed [] []
[2025-02-10T13:12:36.898424+00:00] main.DEBUG: Add of item with id Magento_LoginAsCustomerLog::login_log was processed [] []
[2025-02-10T13:12:36.898436+00:00] main.DEBUG: Add of item with id Magento_Marketplace::partners was processed [] []
[2025-02-10T13:12:36.898449+00:00] main.DEBUG: Add of item with id Magento_SalesRule::promo_quote was processed [] []
[2025-02-10T13:12:36.898460+00:00] main.DEBUG: Add of item with id Magento_Sitemap::catalog_sitemap was processed [] []
[2025-02-10T13:12:36.898472+00:00] main.DEBUG: Add of item with id Magento_PageBuilder::templates was processed [] []
[2025-02-10T13:12:36.898484+00:00] main.DEBUG: Add of item with id Magento_PaymentServicesDashboard::paymentservicesdashboard was processed [] []
[2025-02-10T13:12:36.898498+00:00] main.DEBUG: Add of item with id Magento_Paypal::report_salesroot_paypal_settlement_reports was processed [] []
[2025-02-10T13:12:36.898510+00:00] main.DEBUG: Add of item with id Magento_Paypal::paypal_billing_agreement was processed [] []
[2025-02-10T13:12:36.898521+00:00] main.DEBUG: Add of item with id Magento_Review::catalog_reviews_ratings_ratings was processed [] []
[2025-02-10T13:12:36.898536+00:00] main.DEBUG: Add of item with id Magento_Review::catalog_reviews_ratings_pending was processed [] []
[2025-02-10T13:12:36.898550+00:00] main.DEBUG: Add of item with id Magento_Review::catalog_reviews_ratings_reviews_all was processed [] []
[2025-02-10T13:12:36.898562+00:00] main.DEBUG: Add of item with id Magento_Review::report_review was processed [] []
[2025-02-10T13:12:36.898577+00:00] main.DEBUG: Add of item with id Magento_Review::report_review_customer was processed [] []
[2025-02-10T13:12:36.898594+00:00] main.DEBUG: Add of item with id Magento_Review::report_review_product was processed [] []
[2025-02-10T13:12:36.898607+00:00] main.DEBUG: Add of item with id Magento_ServicesId::configuration was processed [] []
[2025-02-10T13:12:36.898623+00:00] main.DEBUG: Add of item with id Magento_ServicesId::services_id was processed [] []
[2025-02-10T13:12:36.898636+00:00] main.DEBUG: Add of item with id Magento_CheckoutAgreements::sales_checkoutagreement was processed [] []
[2025-02-10T13:12:36.898652+00:00] main.DEBUG: Add of item with id Magento_TaxImportExport::system_convert_tax was processed [] []
[2025-02-10T13:12:36.898663+00:00] main.DEBUG: Add of item with id Magento_AsynchronousOperations::system_magento_logging was processed [] []
[2025-02-10T13:12:36.898677+00:00] main.DEBUG: Add of item with id Magento_AsynchronousOperations::system_magento_logging_bulk_operations was processed [] []
[2025-02-10T13:12:36.898690+00:00] main.DEBUG: Add of item with id Magento_CurrencySymbol::system_currency was processed [] []
[2025-02-10T13:12:36.898705+00:00] main.DEBUG: Add of item with id Magento_CurrencySymbol::system_currency_rates was processed [] []
[2025-02-10T13:12:36.898717+00:00] main.DEBUG: Add of item with id Magento_CurrencySymbol::system_currency_symbols was processed [] []
[2025-02-10T13:12:36.898728+00:00] main.DEBUG: Add of item with id Magebit_Faq::faq was processed [] []
[2025-02-10T13:12:36.898740+00:00] main.DEBUG: Add of item with id Magebit_GridRender::content_elements was processed [] []
[2025-02-10T13:12:36.898754+00:00] main.DEBUG: Add of item with id Magebit_GridRender::post was processed [] []
[2025-02-10T13:12:36.898772+00:00] main.DEBUG: Add of item with id PayPal_Braintree::settlement_report was processed [] []
[2025-02-10T13:12:36.898785+00:00] main.DEBUG: Add of item with id PayPal_Braintree::virtual_terminal was processed [] []
[2025-02-10T13:12:37.247454+00:00] main.ERROR: Unable to resolve the source file for 'adminhtml/Magento/backend/en_US/underscore-umd.js.map' [] []
[2025-02-10T13:12:37.247686+00:00] main.CRITICAL: Unable to resolve the source file for 'adminhtml/Magento/backend/en_US/underscore-umd.js.map' [] []
[2025-02-10T13:12:39.487604+00:00] main.INFO: Broken reference: the 'notification.messages' tries to reorder itself towards 'user', but their parents are different: 'header.inner.right' and 'header' respectively. [] []
[2025-02-10T13:12:39.722941+00:00] main.ERROR: Unable to resolve the source file for 'adminhtml/Magento/backend/en_US/underscore-umd.js.map' [] []
[2025-02-10T13:12:39.723127+00:00] main.CRITICAL: Unable to resolve the source file for 'adminhtml/Magento/backend/en_US/underscore-umd.js.map' [] []
[2025-02-10T13:13:06.160197+00:00] main.INFO: Broken reference: the 'notification.messages' tries to reorder itself towards 'user', but their parents are different: 'header.inner.right' and 'header' respectively. [] []
[2025-02-10T13:13:06.450782+00:00] main.ERROR: Unable to resolve the source file for 'adminhtml/Magento/backend/en_US/underscore-umd.js.map' [] []
[2025-02-10T13:13:06.450965+00:00] main.CRITICAL: Unable to resolve the source file for 'adminhtml/Magento/backend/en_US/underscore-umd.js.map' [] []
[2025-02-10T13:13:08.441322+00:00] main.INFO: Broken reference: the 'notification.messages' tries to reorder itself towards 'user', but their parents are different: 'header.inner.right' and 'header' respectively. [] []
[2025-02-10T13:13:08.682404+00:00] main.ERROR: Unable to resolve the source file for 'adminhtml/Magento/backend/en_US/underscore-umd.js.map' [] []
[2025-02-10T13:13:08.682624+00:00] main.CRITICAL: Unable to resolve the source file for 'adminhtml/Magento/backend/en_US/underscore-umd.js.map' [] []
[2025-02-10T13:13:56.194727+00:00] main.INFO: Broken reference: the 'notification.messages' tries to reorder itself towards 'user', but their parents are different: 'header.inner.right' and 'header' respectively. [] []
[2025-02-10T13:13:56.716120+00:00] main.ERROR: Unable to resolve the source file for 'adminhtml/Magento/backend/en_US/underscore-umd.js.map' [] []
[2025-02-10T13:13:56.716270+00:00] main.CRITICAL: Unable to resolve the source file for 'adminhtml/Magento/backend/en_US/underscore-umd.js.map' [] []
[2025-02-10T13:13:57.051108+00:00] main.ERROR: Unable to resolve the source file for 'adminhtml/Magento/backend/en_US/Magento_PageBuilder/js/stage-builder.js.map' [] []
[2025-02-10T13:13:57.051223+00:00] main.CRITICAL: Unable to resolve the source file for 'adminhtml/Magento/backend/en_US/Magento_PageBuilder/js/stage-builder.js.map' [] []
[2025-02-10T13:13:57.063337+00:00] main.ERROR: Unable to resolve the source file for 'adminhtml/Magento/backend/en_US/Magento_PageBuilder/js/content-type/appearance-config.js.map' [] []
[2025-02-10T13:13:57.063443+00:00] main.CRITICAL: Unable to resolve the source file for 'adminhtml/Magento/backend/en_US/Magento_PageBuilder/js/content-type/appearance-config.js.map' [] []
[2025-02-10T13:13:57.064891+00:00] main.ERROR: Unable to resolve the source file for 'adminhtml/Magento/backend/en_US/Magento_PageBuilder/js/content-type-collection.js.map' [] []
[2025-02-10T13:13:57.065035+00:00] main.CRITICAL: Unable to resolve the source file for 'adminhtml/Magento/backend/en_US/Magento_PageBuilder/js/content-type-collection.js.map' [] []
[2025-02-10T13:13:57.068244+00:00] main.ERROR: Unable to resolve the source file for 'adminhtml/Magento/backend/en_US/Magento_PageBuilder/js/config.js.map' [] []
[2025-02-10T13:13:57.068411+00:00] main.CRITICAL: Unable to resolve the source file for 'adminhtml/Magento/backend/en_US/Magento_PageBuilder/js/config.js.map' [] []
[2025-02-10T13:13:57.078189+00:00] main.ERROR: Unable to resolve the source file for 'adminhtml/Magento/backend/en_US/Magento_PageBuilder/js/content-type-factory.js.map' [] []
[2025-02-10T13:13:57.078357+00:00] main.CRITICAL: Unable to resolve the source file for 'adminhtml/Magento/backend/en_US/Magento_PageBuilder/js/content-type-factory.js.map' [] []
[2025-02-10T13:13:57.079376+00:00] main.ERROR: Unable to resolve the source file for 'adminhtml/Magento/backend/en_US/Magento_PageBuilder/js/content-type/style-registry.js.map' [] []
[2025-02-10T13:13:57.079525+00:00] main.CRITICAL: Unable to resolve the source file for 'adminhtml/Magento/backend/en_US/Magento_PageBuilder/js/content-type/style-registry.js.map' [] []
[2025-02-10T13:13:57.084244+00:00] main.ERROR: Unable to resolve the source file for 'adminhtml/Magento/backend/en_US/Magento_PageBuilder/js/master-format/validator.js.map' [] []
[2025-02-10T13:13:57.084416+00:00] main.CRITICAL: Unable to resolve the source file for 'adminhtml/Magento/backend/en_US/Magento_PageBuilder/js/master-format/validator.js.map' [] []
[2025-02-10T13:13:57.094364+00:00] main.ERROR: Unable to resolve the source file for 'adminhtml/Magento/backend/en_US/Magento_PageBuilder/js/utils/directives.js.map' [] []
[2025-02-10T13:13:57.094514+00:00] main.CRITICAL: Unable to resolve the source file for 'adminhtml/Magento/backend/en_US/Magento_PageBuilder/js/utils/directives.js.map' [] []
[2025-02-10T13:13:57.099743+00:00] main.ERROR: Unable to resolve the source file for 'adminhtml/Magento/backend/en_US/Magento_PageBuilder/js/utils/loader.js.map' [] []
[2025-02-10T13:13:57.099981+00:00] main.CRITICAL: Unable to resolve the source file for 'adminhtml/Magento/backend/en_US/Magento_PageBuilder/js/utils/loader.js.map' [] []
[2025-02-10T13:13:57.099939+00:00] main.ERROR: Unable to resolve the source file for 'adminhtml/Magento/backend/en_US/Magento_PageBuilder/js/utils/object.js.map' [] []
[2025-02-10T13:13:57.100092+00:00] main.CRITICAL: Unable to resolve the source file for 'adminhtml/Magento/backend/en_US/Magento_PageBuilder/js/utils/object.js.map' [] []
[2025-02-10T13:13:57.153794+00:00] main.ERROR: Unable to resolve the source file for 'adminhtml/Magento/backend/en_US/Magento_PageBuilder/js/collection.js.map' [] []
[2025-02-10T13:13:57.153945+00:00] main.CRITICAL: Unable to resolve the source file for 'adminhtml/Magento/backend/en_US/Magento_PageBuilder/js/collection.js.map' [] []
[2025-02-10T13:13:57.156900+00:00] main.ERROR: Unable to resolve the source file for 'adminhtml/Magento/backend/en_US/Magento_PageBuilder/js/content-type.js.map' [] []
[2025-02-10T13:13:57.157042+00:00] main.CRITICAL: Unable to resolve the source file for 'adminhtml/Magento/backend/en_US/Magento_PageBuilder/js/content-type.js.map' [] []
[2025-02-10T13:13:57.158918+00:00] main.ERROR: Unable to resolve the source file for 'adminhtml/Magento/backend/en_US/Magento_PageBuilder/js/content-type/master-factory.js.map' [] []
[2025-02-10T13:13:57.159072+00:00] main.CRITICAL: Unable to resolve the source file for 'adminhtml/Magento/backend/en_US/Magento_PageBuilder/js/content-type/master-factory.js.map' [] []
[2025-02-10T13:13:57.167133+00:00] main.ERROR: Unable to resolve the source file for 'adminhtml/Magento/backend/en_US/Magento_PageBuilder/js/content-type/preview-factory.js.map' [] []
[2025-02-10T13:13:57.167240+00:00] main.CRITICAL: Unable to resolve the source file for 'adminhtml/Magento/backend/en_US/Magento_PageBuilder/js/content-type/preview-factory.js.map' [] []
[2025-02-10T13:13:57.173208+00:00] main.ERROR: Unable to resolve the source file for 'adminhtml/Magento/backend/en_US/Magento_PageBuilder/js/utils/string.js.map' [] []
[2025-02-10T13:13:57.173312+00:00] main.CRITICAL: Unable to resolve the source file for 'adminhtml/Magento/backend/en_US/Magento_PageBuilder/js/utils/string.js.map' [] []
[2025-02-10T13:13:57.187114+00:00] main.ERROR: Unable to resolve the source file for 'adminhtml/Magento/backend/en_US/Magento_PageBuilder/js/content-type/converter-resolver.js.map' [] []
[2025-02-10T13:13:57.187268+00:00] main.CRITICAL: Unable to resolve the source file for 'adminhtml/Magento/backend/en_US/Magento_PageBuilder/js/content-type/converter-resolver.js.map' [] []
[2025-02-10T13:13:57.187316+00:00] main.ERROR: Unable to resolve the source file for 'adminhtml/Magento/backend/en_US/Magento_PageBuilder/js/utils/array.js.map' [] []
[2025-02-10T13:13:57.187316+00:00] main.ERROR: Unable to resolve the source file for 'adminhtml/Magento/backend/en_US/Magento_PageBuilder/js/data-store.js.map' [] []
[2025-02-10T13:13:57.187430+00:00] main.CRITICAL: Unable to resolve the source file for 'adminhtml/Magento/backend/en_US/Magento_PageBuilder/js/data-store.js.map' [] []
[2025-02-10T13:13:57.187430+00:00] main.CRITICAL: Unable to resolve the source file for 'adminhtml/Magento/backend/en_US/Magento_PageBuilder/js/utils/array.js.map' [] []
[2025-02-10T13:13:57.198689+00:00] main.ERROR: Unable to resolve the source file for 'adminhtml/Magento/backend/en_US/Magento_PageBuilder/js/content-type/preview-converter-resolver.js.map' [] []
[2025-02-10T13:13:57.198858+00:00] main.CRITICAL: Unable to resolve the source file for 'adminhtml/Magento/backend/en_US/Magento_PageBuilder/js/content-type/preview-converter-resolver.js.map' [] []
[2025-02-10T13:13:57.199497+00:00] main.ERROR: Unable to resolve the source file for 'adminhtml/Magento/backend/en_US/Magento_PageBuilder/js/content-type/observable-updater-factory.js.map' [] []
[2025-02-10T13:13:57.199553+00:00] main.ERROR: Unable to resolve the source file for 'adminhtml/Magento/backend/en_US/Magento_PageBuilder/js/converter/converter-pool-factory.js.map' [] []
[2025-02-10T13:13:57.199633+00:00] main.CRITICAL: Unable to resolve the source file for 'adminhtml/Magento/backend/en_US/Magento_PageBuilder/js/content-type/observable-updater-factory.js.map' [] []
[2025-02-10T13:13:57.199671+00:00] main.CRITICAL: Unable to resolve the source file for 'adminhtml/Magento/backend/en_US/Magento_PageBuilder/js/converter/converter-pool-factory.js.map' [] []
[2025-02-10T13:13:57.210962+00:00] main.ERROR: Unable to resolve the source file for 'adminhtml/Magento/backend/en_US/Magento_PageBuilder/js/mass-converter/converter-pool-factory.js.map' [] []
[2025-02-10T13:13:57.211105+00:00] main.CRITICAL: Unable to resolve the source file for 'adminhtml/Magento/backend/en_US/Magento_PageBuilder/js/mass-converter/converter-pool-factory.js.map' [] []
[2025-02-10T13:13:57.211266+00:00] main.ERROR: Unable to resolve the source file for 'adminhtml/Magento/backend/en_US/Magento_PageBuilder/js/content-type/observable-updater.js.map' [] []
[2025-02-10T13:13:57.211364+00:00] main.CRITICAL: Unable to resolve the source file for 'adminhtml/Magento/backend/en_US/Magento_PageBuilder/js/content-type/observable-updater.js.map' [] []
[2025-02-10T13:13:57.217196+00:00] main.ERROR: Unable to resolve the source file for 'adminhtml/Magento/backend/en_US/Magento_PageBuilder/js/converter/converter-pool.js.map' [] []
[2025-02-10T13:13:57.217355+00:00] main.CRITICAL: Unable to resolve the source file for 'adminhtml/Magento/backend/en_US/Magento_PageBuilder/js/converter/converter-pool.js.map' [] []
[2025-02-10T13:13:57.223635+00:00] main.ERROR: Unable to resolve the source file for 'adminhtml/Magento/backend/en_US/Magento_PageBuilder/js/mass-converter/converter-pool.js.map' [] []
[2025-02-10T13:13:57.223758+00:00] main.CRITICAL: Unable to resolve the source file for 'adminhtml/Magento/backend/en_US/Magento_PageBuilder/js/mass-converter/converter-pool.js.map' [] []
[2025-02-10T13:13:57.223791+00:00] main.ERROR: Unable to resolve the source file for 'adminhtml/Magento/backend/en_US/Magento_PageBuilder/js/content-type/observable-updater/attributes.js.map' [] []
[2025-02-10T13:13:57.223891+00:00] main.CRITICAL: Unable to resolve the source file for 'adminhtml/Magento/backend/en_US/Magento_PageBuilder/js/content-type/observable-updater/attributes.js.map' [] []
[2025-02-10T13:13:57.232165+00:00] main.ERROR: Unable to resolve the source file for 'adminhtml/Magento/backend/en_US/Magento_PageBuilder/js/content-type/observable-updater/css.js.map' [] []
[2025-02-10T13:13:57.232281+00:00] main.CRITICAL: Unable to resolve the source file for 'adminhtml/Magento/backend/en_US/Magento_PageBuilder/js/content-type/observable-updater/css.js.map' [] []
[2025-02-10T13:13:57.237366+00:00] main.ERROR: Unable to resolve the source file for 'adminhtml/Magento/backend/en_US/Magento_PageBuilder/js/content-type/observable-updater/html.js.map' [] []
[2025-02-10T13:13:57.237521+00:00] main.CRITICAL: Unable to resolve the source file for 'adminhtml/Magento/backend/en_US/Magento_PageBuilder/js/content-type/observable-updater/html.js.map' [] []
[2025-02-10T13:13:57.237838+00:00] main.ERROR: Unable to resolve the source file for 'adminhtml/Magento/backend/en_US/Magento_PageBuilder/js/content-type/observable-updater/style.js.map' [] []
[2025-02-10T13:13:57.237960+00:00] main.CRITICAL: Unable to resolve the source file for 'adminhtml/Magento/backend/en_US/Magento_PageBuilder/js/content-type/observable-updater/style.js.map' [] []
[2025-02-10T13:13:57.258583+00:00] main.ERROR: Unable to resolve the source file for 'adminhtml/Magento/backend/en_US/Magento_PageBuilder/js/utils/editor.js.map' [] []
[2025-02-10T13:13:57.258715+00:00] main.CRITICAL: Unable to resolve the source file for 'adminhtml/Magento/backend/en_US/Magento_PageBuilder/js/utils/editor.js.map' [] []
[2025-02-10T13:13:59.425631+00:00] main.INFO: Broken reference: the 'notification.messages' tries to reorder itself towards 'user', but their parents are different: 'header.inner.right' and 'header' respectively. [] []
[2025-02-10T13:13:59.753196+00:00] main.ERROR: Unable to resolve the source file for 'adminhtml/Magento/backend/en_US/underscore-umd.js.map' [] []
[2025-02-10T13:13:59.753362+00:00] main.CRITICAL: Unable to resolve the source file for 'adminhtml/Magento/backend/en_US/underscore-umd.js.map' [] []
[2025-02-10T13:14:01.153181+00:00] main.INFO: Broken reference: the 'notification.messages' tries to reorder itself towards 'user', but their parents are different: 'header.inner.right' and 'header' respectively. [] []
[2025-02-10T13:14:01.399884+00:00] main.ERROR: Unable to resolve the source file for 'adminhtml/Magento/backend/en_US/underscore-umd.js.map' [] []
[2025-02-10T13:14:01.400059+00:00] main.CRITICAL: Unable to resolve the source file for 'adminhtml/Magento/backend/en_US/underscore-umd.js.map' [] []
[2025-02-10T13:14:04.279898+00:00] main.INFO: Broken reference: the 'notification.messages' tries to reorder itself towards 'user', but their parents are different: 'header.inner.right' and 'header' respectively. [] []
[2025-02-10T13:14:04.569668+00:00] main.ERROR: Unable to resolve the source file for 'adminhtml/Magento/backend/en_US/underscore-umd.js.map' [] []
[2025-02-10T13:14:04.569794+00:00] main.CRITICAL: Unable to resolve the source file for 'adminhtml/Magento/backend/en_US/underscore-umd.js.map' [] []
[2025-02-10T13:14:04.822113+00:00] main.ERROR: Unable to resolve the source file for 'adminhtml/Magento/backend/en_US/Magento_PageBuilder/js/stage-builder.js.map' [] []
[2025-02-10T13:14:04.822283+00:00] main.CRITICAL: Unable to resolve the source file for 'adminhtml/Magento/backend/en_US/Magento_PageBuilder/js/stage-builder.js.map' [] []
[2025-02-10T13:14:04.855570+00:00] main.ERROR: Unable to resolve the source file for 'adminhtml/Magento/backend/en_US/Magento_PageBuilder/js/config.js.map' [] []
[2025-02-10T13:14:04.855739+00:00] main.CRITICAL: Unable to resolve the source file for 'adminhtml/Magento/backend/en_US/Magento_PageBuilder/js/config.js.map' [] []
[2025-02-10T13:14:04.855675+00:00] main.ERROR: Unable to resolve the source file for 'adminhtml/Magento/backend/en_US/Magento_PageBuilder/js/content-type-collection.js.map' [] []
[2025-02-10T13:14:04.855803+00:00] main.CRITICAL: Unable to resolve the source file for 'adminhtml/Magento/backend/en_US/Magento_PageBuilder/js/content-type-collection.js.map' [] []
[2025-02-10T13:14:04.858126+00:00] main.ERROR: Unable to resolve the source file for 'adminhtml/Magento/backend/en_US/Magento_PageBuilder/js/content-type/appearance-config.js.map' [] []
[2025-02-10T13:14:04.858288+00:00] main.CRITICAL: Unable to resolve the source file for 'adminhtml/Magento/backend/en_US/Magento_PageBuilder/js/content-type/appearance-config.js.map' [] []
[2025-02-10T13:14:04.871453+00:00] main.ERROR: Unable to resolve the source file for 'adminhtml/Magento/backend/en_US/Magento_PageBuilder/js/master-format/validator.js.map' [] []
[2025-02-10T13:14:04.871454+00:00] main.ERROR: Unable to resolve the source file for 'adminhtml/Magento/backend/en_US/Magento_PageBuilder/js/content-type-factory.js.map' [] []
[2025-02-10T13:14:04.871600+00:00] main.CRITICAL: Unable to resolve the source file for 'adminhtml/Magento/backend/en_US/Magento_PageBuilder/js/master-format/validator.js.map' [] []
[2025-02-10T13:14:04.871623+00:00] main.CRITICAL: Unable to resolve the source file for 'adminhtml/Magento/backend/en_US/Magento_PageBuilder/js/content-type-factory.js.map' [] []
[2025-02-10T13:14:04.874540+00:00] main.ERROR: Unable to resolve the source file for 'adminhtml/Magento/backend/en_US/Magento_PageBuilder/js/content-type/style-registry.js.map' [] []
[2025-02-10T13:14:04.874664+00:00] main.CRITICAL: Unable to resolve the source file for 'adminhtml/Magento/backend/en_US/Magento_PageBuilder/js/content-type/style-registry.js.map' [] []
[2025-02-10T13:14:04.886605+00:00] main.ERROR: Unable to resolve the source file for 'adminhtml/Magento/backend/en_US/Magento_PageBuilder/js/utils/loader.js.map' [] []
[2025-02-10T13:14:04.886604+00:00] main.ERROR: Unable to resolve the source file for 'adminhtml/Magento/backend/en_US/Magento_PageBuilder/js/utils/directives.js.map' [] []
[2025-02-10T13:14:04.886744+00:00] main.CRITICAL: Unable to resolve the source file for 'adminhtml/Magento/backend/en_US/Magento_PageBuilder/js/utils/loader.js.map' [] []
[2025-02-10T13:14:04.886754+00:00] main.CRITICAL: Unable to resolve the source file for 'adminhtml/Magento/backend/en_US/Magento_PageBuilder/js/utils/directives.js.map' [] []
[2025-02-10T13:14:04.890857+00:00] main.ERROR: Unable to resolve the source file for 'adminhtml/Magento/backend/en_US/Magento_PageBuilder/js/utils/object.js.map' [] []
[2025-02-10T13:14:04.891018+00:00] main.CRITICAL: Unable to resolve the source file for 'adminhtml/Magento/backend/en_US/Magento_PageBuilder/js/utils/object.js.map' [] []
[2025-02-10T13:14:04.902262+00:00] main.ERROR: Unable to resolve the source file for 'adminhtml/Magento/backend/en_US/Magento_PageBuilder/js/collection.js.map' [] []
[2025-02-10T13:14:04.902428+00:00] main.CRITICAL: Unable to resolve the source file for 'adminhtml/Magento/backend/en_US/Magento_PageBuilder/js/collection.js.map' [] []
[2025-02-10T13:14:04.905824+00:00] main.ERROR: Unable to resolve the source file for 'adminhtml/Magento/backend/en_US/Magento_PageBuilder/js/content-type.js.map' [] []
[2025-02-10T13:14:04.905991+00:00] main.CRITICAL: Unable to resolve the source file for 'adminhtml/Magento/backend/en_US/Magento_PageBuilder/js/content-type.js.map' [] []
[2025-02-10T13:14:04.911665+00:00] main.ERROR: Unable to resolve the source file for 'adminhtml/Magento/backend/en_US/Magento_PageBuilder/js/content-type/master-factory.js.map' [] []
[2025-02-10T13:14:04.911813+00:00] main.CRITICAL: Unable to resolve the source file for 'adminhtml/Magento/backend/en_US/Magento_PageBuilder/js/content-type/master-factory.js.map' [] []
[2025-02-10T13:14:04.917290+00:00] main.ERROR: Unable to resolve the source file for 'adminhtml/Magento/backend/en_US/Magento_PageBuilder/js/content-type/preview-factory.js.map' [] []
[2025-02-10T13:14:04.917457+00:00] main.CRITICAL: Unable to resolve the source file for 'adminhtml/Magento/backend/en_US/Magento_PageBuilder/js/content-type/preview-factory.js.map' [] []
[2025-02-10T13:14:04.952853+00:00] main.ERROR: Unable to resolve the source file for 'adminhtml/Magento/backend/en_US/Magento_PageBuilder/js/data-store.js.map' [] []
[2025-02-10T13:14:04.952853+00:00] main.ERROR: Unable to resolve the source file for 'adminhtml/Magento/backend/en_US/Magento_PageBuilder/js/utils/array.js.map' [] []
[2025-02-10T13:14:04.952999+00:00] main.CRITICAL: Unable to resolve the source file for 'adminhtml/Magento/backend/en_US/Magento_PageBuilder/js/data-store.js.map' [] []
[2025-02-10T13:14:04.952999+00:00] main.CRITICAL: Unable to resolve the source file for 'adminhtml/Magento/backend/en_US/Magento_PageBuilder/js/utils/array.js.map' [] []
[2025-02-10T13:14:04.954170+00:00] main.ERROR: Unable to resolve the source file for 'adminhtml/Magento/backend/en_US/Magento_PageBuilder/js/utils/string.js.map' [] []
[2025-02-10T13:14:04.954317+00:00] main.CRITICAL: Unable to resolve the source file for 'adminhtml/Magento/backend/en_US/Magento_PageBuilder/js/utils/string.js.map' [] []
[2025-02-10T13:14:04.966468+00:00] main.ERROR: Unable to resolve the source file for 'adminhtml/Magento/backend/en_US/Magento_PageBuilder/js/content-type/preview-converter-resolver.js.map' [] []
[2025-02-10T13:14:04.966522+00:00] main.ERROR: Unable to resolve the source file for 'adminhtml/Magento/backend/en_US/Magento_PageBuilder/js/content-type/observable-updater-factory.js.map' [] []
[2025-02-10T13:14:04.966632+00:00] main.CRITICAL: Unable to resolve the source file for 'adminhtml/Magento/backend/en_US/Magento_PageBuilder/js/content-type/preview-converter-resolver.js.map' [] []
[2025-02-10T13:14:04.966645+00:00] main.CRITICAL: Unable to resolve the source file for 'adminhtml/Magento/backend/en_US/Magento_PageBuilder/js/content-type/observable-updater-factory.js.map' [] []
[2025-02-10T13:14:04.966788+00:00] main.ERROR: Unable to resolve the source file for 'adminhtml/Magento/backend/en_US/Magento_PageBuilder/js/content-type/converter-resolver.js.map' [] []
[2025-02-10T13:14:04.966902+00:00] main.CRITICAL: Unable to resolve the source file for 'adminhtml/Magento/backend/en_US/Magento_PageBuilder/js/content-type/converter-resolver.js.map' [] []
[2025-02-10T13:14:04.971857+00:00] main.ERROR: Unable to resolve the source file for 'adminhtml/Magento/backend/en_US/Magento_PageBuilder/js/mass-converter/converter-pool-factory.js.map' [] []
[2025-02-10T13:14:04.972011+00:00] main.CRITICAL: Unable to resolve the source file for 'adminhtml/Magento/backend/en_US/Magento_PageBuilder/js/mass-converter/converter-pool-factory.js.map' [] []
[2025-02-10T13:14:04.979607+00:00] main.ERROR: Unable to resolve the source file for 'adminhtml/Magento/backend/en_US/Magento_PageBuilder/js/content-type/observable-updater.js.map' [] []
[2025-02-10T13:14:04.979782+00:00] main.CRITICAL: Unable to resolve the source file for 'adminhtml/Magento/backend/en_US/Magento_PageBuilder/js/content-type/observable-updater.js.map' [] []
[2025-02-10T13:14:04.981672+00:00] main.ERROR: Unable to resolve the source file for 'adminhtml/Magento/backend/en_US/Magento_PageBuilder/js/converter/converter-pool-factory.js.map' [] []
[2025-02-10T13:14:04.981886+00:00] main.CRITICAL: Unable to resolve the source file for 'adminhtml/Magento/backend/en_US/Magento_PageBuilder/js/converter/converter-pool-factory.js.map' [] []
[2025-02-10T13:14:04.989222+00:00] main.ERROR: Unable to resolve the source file for 'adminhtml/Magento/backend/en_US/Magento_PageBuilder/js/mass-converter/converter-pool.js.map' [] []
[2025-02-10T13:14:04.989331+00:00] main.CRITICAL: Unable to resolve the source file for 'adminhtml/Magento/backend/en_US/Magento_PageBuilder/js/mass-converter/converter-pool.js.map' [] []
[2025-02-10T13:14:05.042837+00:00] main.ERROR: Unable to resolve the source file for 'adminhtml/Magento/backend/en_US/Magento_PageBuilder/js/converter/converter-pool.js.map' [] []
[2025-02-10T13:14:05.042952+00:00] main.CRITICAL: Unable to resolve the source file for 'adminhtml/Magento/backend/en_US/Magento_PageBuilder/js/converter/converter-pool.js.map' [] []
[2025-02-10T13:14:05.050976+00:00] main.ERROR: Unable to resolve the source file for 'adminhtml/Magento/backend/en_US/Magento_PageBuilder/js/content-type/observable-updater/html.js.map' [] []
[2025-02-10T13:14:05.050980+00:00] main.ERROR: Unable to resolve the source file for 'adminhtml/Magento/backend/en_US/Magento_PageBuilder/js/content-type/observable-updater/attributes.js.map' [] []
[2025-02-10T13:14:05.050980+00:00] main.ERROR: Unable to resolve the source file for 'adminhtml/Magento/backend/en_US/Magento_PageBuilder/js/content-type/observable-updater/css.js.map' [] []
[2025-02-10T13:14:05.051120+00:00] main.CRITICAL: Unable to resolve the source file for 'adminhtml/Magento/backend/en_US/Magento_PageBuilder/js/content-type/observable-updater/html.js.map' [] []
[2025-02-10T13:14:05.051119+00:00] main.CRITICAL: Unable to resolve the source file for 'adminhtml/Magento/backend/en_US/Magento_PageBuilder/js/content-type/observable-updater/css.js.map' [] []
[2025-02-10T13:14:05.051119+00:00] main.CRITICAL: Unable to resolve the source file for 'adminhtml/Magento/backend/en_US/Magento_PageBuilder/js/content-type/observable-updater/attributes.js.map' [] []
[2025-02-10T13:14:05.056943+00:00] main.ERROR: Unable to resolve the source file for 'adminhtml/Magento/backend/en_US/Magento_PageBuilder/js/content-type/observable-updater/style.js.map' [] []
[2025-02-10T13:14:05.057091+00:00] main.CRITICAL: Unable to resolve the source file for 'adminhtml/Magento/backend/en_US/Magento_PageBuilder/js/content-type/observable-updater/style.js.map' [] []
[2025-02-10T13:14:05.064836+00:00] main.ERROR: Unable to resolve the source file for 'adminhtml/Magento/backend/en_US/Magento_PageBuilder/js/utils/editor.js.map' [] []
[2025-02-10T13:14:05.064948+00:00] main.CRITICAL: Unable to resolve the source file for 'adminhtml/Magento/backend/en_US/Magento_PageBuilder/js/utils/editor.js.map' [] []
[2025-02-10T13:18:46.187328+00:00] main.INFO: Broken reference: the 'notification.messages' tries to reorder itself towards 'user', but their parents are different: 'header.inner.right' and 'header' respectively. [] []
[2025-02-10T13:18:46.524815+00:00] main.ERROR: Unable to resolve the source file for 'adminhtml/Magento/backend/en_US/underscore-umd.js.map' [] []
[2025-02-10T13:18:46.524954+00:00] main.CRITICAL: Unable to resolve the source file for 'adminhtml/Magento/backend/en_US/underscore-umd.js.map' [] []
[2025-02-10T13:23:53.648806+00:00] main.DEBUG: cache_invalidate:  {"method":"GET","url":"http:/","invalidateInfo":{"identifier":"INTEGRITY_base"}} []
[2025-02-10T13:23:53.648953+00:00] main.DEBUG: cache_invalidate:  {"method":"GET","url":"http:/","invalidateInfo":{"identifier":"INTEGRITY_frontend"}} []
[2025-02-10T13:23:53.649002+00:00] main.DEBUG: cache_invalidate:  {"method":"GET","url":"http:/","invalidateInfo":{"identifier":"INTEGRITY_adminhtml"}} []
[2025-02-10T13:24:08.083033+00:00] main.DEBUG: cache_invalidate:  {"method":"GET","url":"http:/","invalidateInfo":{"tags":[],"mode":"all"}} []
[2025-02-10T13:24:08.085840+00:00] main.DEBUG: cache_invalidate:  {"method":"GET","url":"http:/","invalidateInfo":{"tags":[],"mode":"all"}} []
[2025-02-10T13:24:39.335503+00:00] main.DEBUG: cache_invalidate:  {"method":"GET","url":"http:/","invalidateInfo":{"tags":["FPC"],"mode":"matchingTag"}} []
[2025-02-10T13:24:44.094728+00:00] main.INFO: Broken reference: the 'notification.messages' tries to reorder itself towards 'user', but their parents are different: 'header.inner.right' and 'header' respectively. [] []
[2025-02-10T13:24:44.119019+00:00] main.DEBUG: Item Magento_Backend::system_currency was removed [] []
[2025-02-10T13:24:44.120199+00:00] main.DEBUG: Add of item with id Magento_Config::system_config was processed [] []
[2025-02-10T13:24:44.120235+00:00] main.DEBUG: Add of item with id Magento_AdminNotification::system_adminnotification was processed [] []
[2025-02-10T13:24:44.120256+00:00] main.DEBUG: Add of item with id Magento_Theme::design_config was processed [] []
[2025-02-10T13:24:44.120271+00:00] main.DEBUG: Add of item with id Magento_Theme::system_design_theme was processed [] []
[2025-02-10T13:24:44.120284+00:00] main.DEBUG: Add of item with id Magento_Backend::system_design_schedule was processed [] []
[2025-02-10T13:24:44.120297+00:00] main.DEBUG: Add of item with id Magento_Backend::system_store was processed [] []
[2025-02-10T13:24:44.120309+00:00] main.DEBUG: Add of item with id Magento_Backend::dashboard was processed [] []
[2025-02-10T13:24:44.120321+00:00] main.DEBUG: Add of item with id Magento_Backend::system was processed [] []
[2025-02-10T13:24:44.120337+00:00] main.DEBUG: Add of item with id Magento_Backend::system_tools was processed [] []
[2025-02-10T13:24:44.120354+00:00] main.DEBUG: Add of item with id Magento_Backend::system_design was processed [] []
[2025-02-10T13:24:44.120367+00:00] main.DEBUG: Add of item with id Magento_Backend::system_convert was processed [] []
[2025-02-10T13:24:44.120390+00:00] main.DEBUG: Add of item with id Magento_Backend::system_cache was processed [] []
[2025-02-10T13:24:44.120405+00:00] main.DEBUG: Add of item with id Magento_Backend::marketing was processed [] []
[2025-02-10T13:24:44.120421+00:00] main.DEBUG: Add of item with id Magento_Backend::marketing_communications was processed [] []
[2025-02-10T13:24:44.120434+00:00] main.DEBUG: Add of item with id Magento_Backend::marketing_seo was processed [] []
[2025-02-10T13:24:44.120448+00:00] main.DEBUG: Add of item with id Magento_Backend::marketing_user_content was processed [] []
[2025-02-10T13:24:44.120460+00:00] main.DEBUG: Add of item with id Magento_Backend::content was processed [] []
[2025-02-10T13:24:44.120473+00:00] main.DEBUG: Add of item with id Magento_Backend::content_elements was processed [] []
[2025-02-10T13:24:44.120485+00:00] main.DEBUG: Add of item with id Magento_Backend::stores was processed [] []
[2025-02-10T13:24:44.120501+00:00] main.DEBUG: Add of item with id Magento_Backend::stores_settings was processed [] []
[2025-02-10T13:24:44.120514+00:00] main.DEBUG: Add of item with id Magento_Backend::stores_attributes was processed [] []
[2025-02-10T13:24:44.120527+00:00] main.DEBUG: Add of item with id Magento_Backend::other_settings was processed [] []
[2025-02-10T13:24:44.120550+00:00] main.DEBUG: Add of item with id Magento_Backend::system_other_settings was processed [] []
[2025-02-10T13:24:44.120562+00:00] main.DEBUG: Add of item with id Magento_User::system_acl was processed [] []
[2025-02-10T13:24:44.120577+00:00] main.DEBUG: Add of item with id Magento_User::system_acl_users was processed [] []
[2025-02-10T13:24:44.120599+00:00] main.DEBUG: Add of item with id Magento_User::system_acl_roles was processed [] []
[2025-02-10T13:24:44.120612+00:00] main.DEBUG: Add of item with id Magento_User::system_acl_locks was processed [] []
[2025-02-10T13:24:44.120625+00:00] main.DEBUG: Add of item with id Magento_Customer::customer was processed [] []
[2025-02-10T13:24:44.120640+00:00] main.DEBUG: Add of item with id Magento_Customer::customer_manage was processed [] []
[2025-02-10T13:24:44.120653+00:00] main.DEBUG: Add of item with id Magento_Customer::customer_online was processed [] []
[2025-02-10T13:24:44.120665+00:00] main.DEBUG: Add of item with id Magento_Customer::customer_group was processed [] []
[2025-02-10T13:24:44.120677+00:00] main.DEBUG: Add of item with id Magento_Backup::system_tools_backup was processed [] []
[2025-02-10T13:24:44.120689+00:00] main.DEBUG: Add of item with id Magento_Indexer::system_index was processed [] []
[2025-02-10T13:24:44.120701+00:00] main.DEBUG: Add of item with id Magento_Variable::system_variable was processed [] []
[2025-02-10T13:24:44.120716+00:00] main.DEBUG: Add of item with id Magento_Cms::cms_page was processed [] []
[2025-02-10T13:24:44.120729+00:00] main.DEBUG: Add of item with id Magento_Cms::cms_block was processed [] []
[2025-02-10T13:24:44.120741+00:00] main.DEBUG: Add of item with id Magento_Catalog::catalog was processed [] []
[2025-02-10T13:24:44.120756+00:00] main.DEBUG: Add of item with id Magento_Catalog::catalog_products was processed [] []
[2025-02-10T13:24:44.120769+00:00] main.DEBUG: Add of item with id Magento_Catalog::catalog_categories was processed [] []
[2025-02-10T13:24:44.120784+00:00] main.DEBUG: Add of item with id Magento_Catalog::catalog_attributes_attributes was processed [] []
[2025-02-10T13:24:44.120797+00:00] main.DEBUG: Add of item with id Magento_Catalog::catalog_attributes_sets was processed [] []
[2025-02-10T13:24:44.120811+00:00] main.DEBUG: Add of item with id Magento_Catalog::inventory was processed [] []
[2025-02-10T13:24:44.120823+00:00] main.DEBUG: Add of item with id Magento_Integration::system_extensions was processed [] []
[2025-02-10T13:24:44.120838+00:00] main.DEBUG: Add of item with id Magento_Integration::system_integrations was processed [] []
[2025-02-10T13:24:44.120852+00:00] main.DEBUG: Add of item with id Magento_Search::search_terms was processed [] []
[2025-02-10T13:24:44.120865+00:00] main.DEBUG: Add of item with id Magento_Search::search_synonyms was processed [] []
[2025-02-10T13:24:44.120877+00:00] main.DEBUG: Add of item with id Magento_CatalogRule::promo was processed [] []
[2025-02-10T13:24:44.120891+00:00] main.DEBUG: Add of item with id Magento_CatalogRule::promo_catalog was processed [] []
[2025-02-10T13:24:44.120904+00:00] main.DEBUG: Add of item with id Magento_Sales::sales was processed [] []
[2025-02-10T13:24:44.120919+00:00] main.DEBUG: Add of item with id Magento_Sales::sales_operation was processed [] []
[2025-02-10T13:24:44.120934+00:00] main.DEBUG: Add of item with id Magento_Sales::sales_order was processed [] []
[2025-02-10T13:24:44.120947+00:00] main.DEBUG: Add of item with id Magento_Sales::sales_invoice was processed [] []
[2025-02-10T13:24:44.120959+00:00] main.DEBUG: Add of item with id Magento_Sales::sales_shipment was processed [] []
[2025-02-10T13:24:44.120970+00:00] main.DEBUG: Add of item with id Magento_Sales::sales_creditmemo was processed [] []
[2025-02-10T13:24:44.120982+00:00] main.DEBUG: Add of item with id Magento_Sales::sales_transactions was processed [] []
[2025-02-10T13:24:44.120994+00:00] main.DEBUG: Add of item with id Magento_Sales::system_order_statuses was processed [] []
[2025-02-10T13:24:44.121008+00:00] main.DEBUG: Add of item with id Magento_MediaGalleryUi::media was processed [] []
[2025-02-10T13:24:44.121022+00:00] main.DEBUG: Add of item with id Magento_MediaGalleryUi::media_gallery was processed [] []
[2025-02-10T13:24:44.121038+00:00] main.DEBUG: Add of item with id Magento_Downloadable::report_products_downloads was processed [] []
[2025-02-10T13:24:44.121051+00:00] main.DEBUG: Add of item with id Magento_UrlRewrite::urlrewrite was processed [] []
[2025-02-10T13:24:44.121063+00:00] main.DEBUG: Add of item with id Magento_Tax::sales_tax was processed [] []
[2025-02-10T13:24:44.121077+00:00] main.DEBUG: Add of item with id Magento_Tax::sales_tax_rules was processed [] []
[2025-02-10T13:24:44.121089+00:00] main.DEBUG: Add of item with id Magento_Tax::sales_tax_rates was processed [] []
[2025-02-10T13:24:44.121101+00:00] main.DEBUG: Add of item with id Magento_Widget::cms_widget_instance was processed [] []
[2025-02-10T13:24:44.121116+00:00] main.DEBUG: Add of item with id Magento_Analytics::business_intelligence was processed [] []
[2025-02-10T13:24:44.121131+00:00] main.DEBUG: Add of item with id Magento_Analytics::advanced_reporting was processed [] []
[2025-02-10T13:24:44.121143+00:00] main.DEBUG: Add of item with id Magento_Analytics::bi_essentials was processed [] []
[2025-02-10T13:24:44.121157+00:00] main.DEBUG: Add of item with id Magento_Newsletter::newsletter_template was processed [] []
[2025-02-10T13:24:44.121170+00:00] main.DEBUG: Add of item with id Magento_Newsletter::newsletter_queue was processed [] []
[2025-02-10T13:24:44.121182+00:00] main.DEBUG: Add of item with id Magento_Newsletter::newsletter_subscriber was processed [] []
[2025-02-10T13:24:44.121196+00:00] main.DEBUG: Add of item with id Magento_Newsletter::newsletter_problem was processed [] []
[2025-02-10T13:24:44.121210+00:00] main.DEBUG: Add of item with id Magento_ImportExport::system_convert_import was processed [] []
[2025-02-10T13:24:44.121223+00:00] main.DEBUG: Add of item with id Magento_ImportExport::system_convert_export was processed [] []
[2025-02-10T13:24:44.121235+00:00] main.DEBUG: Add of item with id Magento_ImportExport::system_convert_history was processed [] []
[2025-02-10T13:24:44.121246+00:00] main.DEBUG: Add of item with id Magento_Email::template was processed [] []
[2025-02-10T13:24:44.121258+00:00] main.DEBUG: Add of item with id Magento_EncryptionKey::system_crypt_key was processed [] []
[2025-02-10T13:24:44.121269+00:00] main.DEBUG: Add of item with id Magento_InventoryAdminUi::inventory was processed [] []
[2025-02-10T13:24:44.121283+00:00] main.DEBUG: Add of item with id Magento_InventoryAdminUi::source was processed [] []
[2025-02-10T13:24:44.121295+00:00] main.DEBUG: Add of item with id Magento_InventoryAdminUi::stock was processed [] []
[2025-02-10T13:24:44.121306+00:00] main.DEBUG: Add of item with id Magento_Reports::report was processed [] []
[2025-02-10T13:24:44.121318+00:00] main.DEBUG: Add of item with id Magento_Reports::report_marketing was processed [] []
[2025-02-10T13:24:44.121329+00:00] main.DEBUG: Add of item with id Magento_Reports::report_salesroot was processed [] []
[2025-02-10T13:24:44.121343+00:00] main.DEBUG: Add of item with id Magento_Reports::report_salesroot_sales was processed [] []
[2025-02-10T13:24:44.121355+00:00] main.DEBUG: Add of item with id Magento_Reports::report_salesroot_tax was processed [] []
[2025-02-10T13:24:44.121367+00:00] main.DEBUG: Add of item with id Magento_Reports::report_salesroot_invoiced was processed [] []
[2025-02-10T13:24:44.121378+00:00] main.DEBUG: Add of item with id Magento_Reports::report_salesroot_shipping was processed [] []
[2025-02-10T13:24:44.121388+00:00] main.DEBUG: Add of item with id Magento_Reports::report_salesroot_refunded was processed [] []
[2025-02-10T13:24:44.121400+00:00] main.DEBUG: Add of item with id Magento_Reports::report_salesroot_coupons was processed [] []
[2025-02-10T13:24:44.121410+00:00] main.DEBUG: Add of item with id Magento_Reports::report_shopcart_product was processed [] []
[2025-02-10T13:24:44.121423+00:00] main.DEBUG: Add of item with id Magento_Reports::report_shopcart_abandoned was processed [] []
[2025-02-10T13:24:44.121434+00:00] main.DEBUG: Add of item with id Magento_Reports::report_products was processed [] []
[2025-02-10T13:24:44.121445+00:00] main.DEBUG: Add of item with id Magento_Reports::report_products_bestsellers was processed [] []
[2025-02-10T13:24:44.121456+00:00] main.DEBUG: Add of item with id Magento_Reports::report_products_sold was processed [] []
[2025-02-10T13:24:44.121467+00:00] main.DEBUG: Add of item with id Magento_Reports::report_products_viewed was processed [] []
[2025-02-10T13:24:44.121477+00:00] main.DEBUG: Add of item with id Magento_Reports::report_products_lowstock was processed [] []
[2025-02-10T13:24:44.121488+00:00] main.DEBUG: Add of item with id Magento_Reports::report_customers was processed [] []
[2025-02-10T13:24:44.121502+00:00] main.DEBUG: Add of item with id Magento_Reports::report_customers_accounts was processed [] []
[2025-02-10T13:24:44.121515+00:00] main.DEBUG: Add of item with id Magento_Reports::report_customers_totals was processed [] []
[2025-02-10T13:24:44.121526+00:00] main.DEBUG: Add of item with id Magento_Reports::report_customers_orders was processed [] []
[2025-02-10T13:24:44.121537+00:00] main.DEBUG: Add of item with id Magento_Reports::report_statistics was processed [] []
[2025-02-10T13:24:44.121551+00:00] main.DEBUG: Add of item with id Magento_Reports::report_statistics_refresh was processed [] []
[2025-02-10T13:24:44.121564+00:00] main.DEBUG: Add of item with id Magento_Search::report_search_term was processed [] []
[2025-02-10T13:24:44.121576+00:00] main.DEBUG: Add of item with id Magento_LoginAsCustomerLog::login_log was processed [] []
[2025-02-10T13:24:44.121592+00:00] main.DEBUG: Add of item with id Magento_Marketplace::partners was processed [] []
[2025-02-10T13:24:44.121605+00:00] main.DEBUG: Add of item with id Magento_SalesRule::promo_quote was processed [] []
[2025-02-10T13:24:44.121618+00:00] main.DEBUG: Add of item with id Magento_Sitemap::catalog_sitemap was processed [] []
[2025-02-10T13:24:44.121630+00:00] main.DEBUG: Add of item with id Magento_PageBuilder::templates was processed [] []
[2025-02-10T13:24:44.121642+00:00] main.DEBUG: Add of item with id Magento_PaymentServicesDashboard::paymentservicesdashboard was processed [] []
[2025-02-10T13:24:44.121655+00:00] main.DEBUG: Add of item with id Magento_Paypal::report_salesroot_paypal_settlement_reports was processed [] []
[2025-02-10T13:24:44.121666+00:00] main.DEBUG: Add of item with id Magento_Paypal::paypal_billing_agreement was processed [] []
[2025-02-10T13:24:44.121678+00:00] main.DEBUG: Add of item with id Magento_Review::catalog_reviews_ratings_ratings was processed [] []
[2025-02-10T13:24:44.121693+00:00] main.DEBUG: Add of item with id Magento_Review::catalog_reviews_ratings_pending was processed [] []
[2025-02-10T13:24:44.121707+00:00] main.DEBUG: Add of item with id Magento_Review::catalog_reviews_ratings_reviews_all was processed [] []
[2025-02-10T13:24:44.121720+00:00] main.DEBUG: Add of item with id Magento_Review::report_review was processed [] []
[2025-02-10T13:24:44.121735+00:00] main.DEBUG: Add of item with id Magento_Review::report_review_customer was processed [] []
[2025-02-10T13:24:44.121748+00:00] main.DEBUG: Add of item with id Magento_Review::report_review_product was processed [] []
[2025-02-10T13:24:44.121761+00:00] main.DEBUG: Add of item with id Magento_ServicesId::configuration was processed [] []
[2025-02-10T13:24:44.121775+00:00] main.DEBUG: Add of item with id Magento_ServicesId::services_id was processed [] []
[2025-02-10T13:24:44.121788+00:00] main.DEBUG: Add of item with id Magento_CheckoutAgreements::sales_checkoutagreement was processed [] []
[2025-02-10T13:24:44.121801+00:00] main.DEBUG: Add of item with id Magento_TaxImportExport::system_convert_tax was processed [] []
[2025-02-10T13:24:44.121813+00:00] main.DEBUG: Add of item with id Magento_AsynchronousOperations::system_magento_logging was processed [] []
[2025-02-10T13:24:44.121830+00:00] main.DEBUG: Add of item with id Magento_AsynchronousOperations::system_magento_logging_bulk_operations was processed [] []
[2025-02-10T13:24:44.121844+00:00] main.DEBUG: Add of item with id Magento_CurrencySymbol::system_currency was processed [] []
[2025-02-10T13:24:44.121860+00:00] main.DEBUG: Add of item with id Magento_CurrencySymbol::system_currency_rates was processed [] []
[2025-02-10T13:24:44.121873+00:00] main.DEBUG: Add of item with id Magento_CurrencySymbol::system_currency_symbols was processed [] []
[2025-02-10T13:24:44.121886+00:00] main.DEBUG: Add of item with id Magebit_Faq::faq was processed [] []
[2025-02-10T13:24:44.121898+00:00] main.DEBUG: Add of item with id Magebit_GridRender::content_elements was processed [] []
[2025-02-10T13:24:44.121914+00:00] main.DEBUG: Add of item with id Magebit_GridRender::post was processed [] []
[2025-02-10T13:24:44.121927+00:00] main.DEBUG: Add of item with id PayPal_Braintree::settlement_report was processed [] []
[2025-02-10T13:24:44.121939+00:00] main.DEBUG: Add of item with id PayPal_Braintree::virtual_terminal was processed [] []
[2025-02-10T13:24:44.500483+00:00] main.ERROR: Unable to resolve the source file for 'adminhtml/Magento/backend/en_US/underscore-umd.js.map' [] []
[2025-02-10T13:24:44.500650+00:00] main.CRITICAL: Unable to resolve the source file for 'adminhtml/Magento/backend/en_US/underscore-umd.js.map' [] []
[2025-02-10T13:32:17.979100+00:00] main.DEBUG: cache_invalidate:  {"method":"GET","url":"http:/","invalidateInfo":{"tags":["FPC"],"mode":"matchingTag"}} []
[2025-02-10T13:32:21.662073+00:00] main.INFO: Broken reference: the 'notification.messages' tries to reorder itself towards 'user', but their parents are different: 'header.inner.right' and 'header' respectively. [] []
[2025-02-10T13:32:21.683887+00:00] main.DEBUG: Item Magento_Backend::system_currency was removed [] []
[2025-02-10T13:32:21.685007+00:00] main.DEBUG: Add of item with id Magento_Config::system_config was processed [] []
[2025-02-10T13:32:21.685041+00:00] main.DEBUG: Add of item with id Magento_AdminNotification::system_adminnotification was processed [] []
[2025-02-10T13:32:21.685060+00:00] main.DEBUG: Add of item with id Magento_Theme::design_config was processed [] []
[2025-02-10T13:32:21.685074+00:00] main.DEBUG: Add of item with id Magento_Theme::system_design_theme was processed [] []
[2025-02-10T13:32:21.685086+00:00] main.DEBUG: Add of item with id Magento_Backend::system_design_schedule was processed [] []
[2025-02-10T13:32:21.685098+00:00] main.DEBUG: Add of item with id Magento_Backend::system_store was processed [] []
[2025-02-10T13:32:21.685111+00:00] main.DEBUG: Add of item with id Magento_Backend::dashboard was processed [] []
[2025-02-10T13:32:21.685122+00:00] main.DEBUG: Add of item with id Magento_Backend::system was processed [] []
[2025-02-10T13:32:21.685137+00:00] main.DEBUG: Add of item with id Magento_Backend::system_tools was processed [] []
[2025-02-10T13:32:21.685153+00:00] main.DEBUG: Add of item with id Magento_Backend::system_design was processed [] []
[2025-02-10T13:32:21.685166+00:00] main.DEBUG: Add of item with id Magento_Backend::system_convert was processed [] []
[2025-02-10T13:32:21.685181+00:00] main.DEBUG: Add of item with id Magento_Backend::system_cache was processed [] []
[2025-02-10T13:32:21.685193+00:00] main.DEBUG: Add of item with id Magento_Backend::marketing was processed [] []
[2025-02-10T13:32:21.685208+00:00] main.DEBUG: Add of item with id Magento_Backend::marketing_communications was processed [] []
[2025-02-10T13:32:21.685221+00:00] main.DEBUG: Add of item with id Magento_Backend::marketing_seo was processed [] []
[2025-02-10T13:32:21.685232+00:00] main.DEBUG: Add of item with id Magento_Backend::marketing_user_content was processed [] []
[2025-02-10T13:32:21.685244+00:00] main.DEBUG: Add of item with id Magento_Backend::content was processed [] []
[2025-02-10T13:32:21.685255+00:00] main.DEBUG: Add of item with id Magento_Backend::content_elements was processed [] []
[2025-02-10T13:32:21.685275+00:00] main.DEBUG: Add of item with id Magento_Backend::stores was processed [] []
[2025-02-10T13:32:21.685289+00:00] main.DEBUG: Add of item with id Magento_Backend::stores_settings was processed [] []
[2025-02-10T13:32:21.685301+00:00] main.DEBUG: Add of item with id Magento_Backend::stores_attributes was processed [] []
[2025-02-10T13:32:21.685313+00:00] main.DEBUG: Add of item with id Magento_Backend::other_settings was processed [] []
[2025-02-10T13:32:21.685323+00:00] main.DEBUG: Add of item with id Magento_Backend::system_other_settings was processed [] []
[2025-02-10T13:32:21.685334+00:00] main.DEBUG: Add of item with id Magento_User::system_acl was processed [] []
[2025-02-10T13:32:21.685348+00:00] main.DEBUG: Add of item with id Magento_User::system_acl_users was processed [] []
[2025-02-10T13:32:21.685360+00:00] main.DEBUG: Add of item with id Magento_User::system_acl_roles was processed [] []
[2025-02-10T13:32:21.685371+00:00] main.DEBUG: Add of item with id Magento_User::system_acl_locks was processed [] []
[2025-02-10T13:32:21.685382+00:00] main.DEBUG: Add of item with id Magento_Customer::customer was processed [] []
[2025-02-10T13:32:21.685396+00:00] main.DEBUG: Add of item with id Magento_Customer::customer_manage was processed [] []
[2025-02-10T13:32:21.685408+00:00] main.DEBUG: Add of item with id Magento_Customer::customer_online was processed [] []
[2025-02-10T13:32:21.685420+00:00] main.DEBUG: Add of item with id Magento_Customer::customer_group was processed [] []
[2025-02-10T13:32:21.685431+00:00] main.DEBUG: Add of item with id Magento_Backup::system_tools_backup was processed [] []
[2025-02-10T13:32:21.685441+00:00] main.DEBUG: Add of item with id Magento_Indexer::system_index was processed [] []
[2025-02-10T13:32:21.685452+00:00] main.DEBUG: Add of item with id Magento_Variable::system_variable was processed [] []
[2025-02-10T13:32:21.685466+00:00] main.DEBUG: Add of item with id Magento_Cms::cms_page was processed [] []
[2025-02-10T13:32:21.685479+00:00] main.DEBUG: Add of item with id Magento_Cms::cms_block was processed [] []
[2025-02-10T13:32:21.685489+00:00] main.DEBUG: Add of item with id Magento_Catalog::catalog was processed [] []
[2025-02-10T13:32:21.685503+00:00] main.DEBUG: Add of item with id Magento_Catalog::catalog_products was processed [] []
[2025-02-10T13:32:21.685515+00:00] main.DEBUG: Add of item with id Magento_Catalog::catalog_categories was processed [] []
[2025-02-10T13:32:21.685529+00:00] main.DEBUG: Add of item with id Magento_Catalog::catalog_attributes_attributes was processed [] []
[2025-02-10T13:32:21.685541+00:00] main.DEBUG: Add of item with id Magento_Catalog::catalog_attributes_sets was processed [] []
[2025-02-10T13:32:21.685555+00:00] main.DEBUG: Add of item with id Magento_Catalog::inventory was processed [] []
[2025-02-10T13:32:21.685567+00:00] main.DEBUG: Add of item with id Magento_Integration::system_extensions was processed [] []
[2025-02-10T13:32:21.685582+00:00] main.DEBUG: Add of item with id Magento_Integration::system_integrations was processed [] []
[2025-02-10T13:32:21.685600+00:00] main.DEBUG: Add of item with id Magento_Search::search_terms was processed [] []
[2025-02-10T13:32:21.685613+00:00] main.DEBUG: Add of item with id Magento_Search::search_synonyms was processed [] []
[2025-02-10T13:32:21.685626+00:00] main.DEBUG: Add of item with id Magento_CatalogRule::promo was processed [] []
[2025-02-10T13:32:21.685641+00:00] main.DEBUG: Add of item with id Magento_CatalogRule::promo_catalog was processed [] []
[2025-02-10T13:32:21.685654+00:00] main.DEBUG: Add of item with id Magento_Sales::sales was processed [] []
[2025-02-10T13:32:21.685669+00:00] main.DEBUG: Add of item with id Magento_Sales::sales_operation was processed [] []
[2025-02-10T13:32:21.685685+00:00] main.DEBUG: Add of item with id Magento_Sales::sales_order was processed [] []
[2025-02-10T13:32:21.685699+00:00] main.DEBUG: Add of item with id Magento_Sales::sales_invoice was processed [] []
[2025-02-10T13:32:21.685711+00:00] main.DEBUG: Add of item with id Magento_Sales::sales_shipment was processed [] []
[2025-02-10T13:32:21.685726+00:00] main.DEBUG: Add of item with id Magento_Sales::sales_creditmemo was processed [] []
[2025-02-10T13:32:21.685738+00:00] main.DEBUG: Add of item with id Magento_Sales::sales_transactions was processed [] []
[2025-02-10T13:32:21.685750+00:00] main.DEBUG: Add of item with id Magento_Sales::system_order_statuses was processed [] []
[2025-02-10T13:32:21.685765+00:00] main.DEBUG: Add of item with id Magento_MediaGalleryUi::media was processed [] []
[2025-02-10T13:32:21.685780+00:00] main.DEBUG: Add of item with id Magento_MediaGalleryUi::media_gallery was processed [] []
[2025-02-10T13:32:21.685796+00:00] main.DEBUG: Add of item with id Magento_Downloadable::report_products_downloads was processed [] []
[2025-02-10T13:32:21.685810+00:00] main.DEBUG: Add of item with id Magento_UrlRewrite::urlrewrite was processed [] []
[2025-02-10T13:32:21.685823+00:00] main.DEBUG: Add of item with id Magento_Tax::sales_tax was processed [] []
[2025-02-10T13:32:21.685836+00:00] main.DEBUG: Add of item with id Magento_Tax::sales_tax_rules was processed [] []
[2025-02-10T13:32:21.685848+00:00] main.DEBUG: Add of item with id Magento_Tax::sales_tax_rates was processed [] []
[2025-02-10T13:32:21.685859+00:00] main.DEBUG: Add of item with id Magento_Widget::cms_widget_instance was processed [] []
[2025-02-10T13:32:21.685872+00:00] main.DEBUG: Add of item with id Magento_Analytics::business_intelligence was processed [] []
[2025-02-10T13:32:21.685886+00:00] main.DEBUG: Add of item with id Magento_Analytics::advanced_reporting was processed [] []
[2025-02-10T13:32:21.685898+00:00] main.DEBUG: Add of item with id Magento_Analytics::bi_essentials was processed [] []
[2025-02-10T13:32:21.685912+00:00] main.DEBUG: Add of item with id Magento_Newsletter::newsletter_template was processed [] []
[2025-02-10T13:32:21.685923+00:00] main.DEBUG: Add of item with id Magento_Newsletter::newsletter_queue was processed [] []
[2025-02-10T13:32:21.685934+00:00] main.DEBUG: Add of item with id Magento_Newsletter::newsletter_subscriber was processed [] []
[2025-02-10T13:32:21.685947+00:00] main.DEBUG: Add of item with id Magento_Newsletter::newsletter_problem was processed [] []
[2025-02-10T13:32:21.685960+00:00] main.DEBUG: Add of item with id Magento_ImportExport::system_convert_import was processed [] []
[2025-02-10T13:32:21.685971+00:00] main.DEBUG: Add of item with id Magento_ImportExport::system_convert_export was processed [] []
[2025-02-10T13:32:21.685982+00:00] main.DEBUG: Add of item with id Magento_ImportExport::system_convert_history was processed [] []
[2025-02-10T13:32:21.685993+00:00] main.DEBUG: Add of item with id Magento_Email::template was processed [] []
[2025-02-10T13:32:21.686004+00:00] main.DEBUG: Add of item with id Magento_EncryptionKey::system_crypt_key was processed [] []
[2025-02-10T13:32:21.686014+00:00] main.DEBUG: Add of item with id Magento_InventoryAdminUi::inventory was processed [] []
[2025-02-10T13:32:21.686027+00:00] main.DEBUG: Add of item with id Magento_InventoryAdminUi::source was processed [] []
[2025-02-10T13:32:21.686039+00:00] main.DEBUG: Add of item with id Magento_InventoryAdminUi::stock was processed [] []
[2025-02-10T13:32:21.686050+00:00] main.DEBUG: Add of item with id Magento_Reports::report was processed [] []
[2025-02-10T13:32:21.686060+00:00] main.DEBUG: Add of item with id Magento_Reports::report_marketing was processed [] []
[2025-02-10T13:32:21.686071+00:00] main.DEBUG: Add of item with id Magento_Reports::report_salesroot was processed [] []
[2025-02-10T13:32:21.686084+00:00] main.DEBUG: Add of item with id Magento_Reports::report_salesroot_sales was processed [] []
[2025-02-10T13:32:21.686095+00:00] main.DEBUG: Add of item with id Magento_Reports::report_salesroot_tax was processed [] []
[2025-02-10T13:32:21.686106+00:00] main.DEBUG: Add of item with id Magento_Reports::report_salesroot_invoiced was processed [] []
[2025-02-10T13:32:21.686116+00:00] main.DEBUG: Add of item with id Magento_Reports::report_salesroot_shipping was processed [] []
[2025-02-10T13:32:21.686128+00:00] main.DEBUG: Add of item with id Magento_Reports::report_salesroot_refunded was processed [] []
[2025-02-10T13:32:21.686139+00:00] main.DEBUG: Add of item with id Magento_Reports::report_salesroot_coupons was processed [] []
[2025-02-10T13:32:21.686149+00:00] main.DEBUG: Add of item with id Magento_Reports::report_shopcart_product was processed [] []
[2025-02-10T13:32:21.686159+00:00] main.DEBUG: Add of item with id Magento_Reports::report_shopcart_abandoned was processed [] []
[2025-02-10T13:32:21.686169+00:00] main.DEBUG: Add of item with id Magento_Reports::report_products was processed [] []
[2025-02-10T13:32:21.686179+00:00] main.DEBUG: Add of item with id Magento_Reports::report_products_bestsellers was processed [] []
[2025-02-10T13:32:21.686189+00:00] main.DEBUG: Add of item with id Magento_Reports::report_products_sold was processed [] []
[2025-02-10T13:32:21.686199+00:00] main.DEBUG: Add of item with id Magento_Reports::report_products_viewed was processed [] []
[2025-02-10T13:32:21.686208+00:00] main.DEBUG: Add of item with id Magento_Reports::report_products_lowstock was processed [] []
[2025-02-10T13:32:21.686218+00:00] main.DEBUG: Add of item with id Magento_Reports::report_customers was processed [] []
[2025-02-10T13:32:21.686231+00:00] main.DEBUG: Add of item with id Magento_Reports::report_customers_accounts was processed [] []
[2025-02-10T13:32:21.686243+00:00] main.DEBUG: Add of item with id Magento_Reports::report_customers_totals was processed [] []
[2025-02-10T13:32:21.686254+00:00] main.DEBUG: Add of item with id Magento_Reports::report_customers_orders was processed [] []
[2025-02-10T13:32:21.686264+00:00] main.DEBUG: Add of item with id Magento_Reports::report_statistics was processed [] []
[2025-02-10T13:32:21.686277+00:00] main.DEBUG: Add of item with id Magento_Reports::report_statistics_refresh was processed [] []
[2025-02-10T13:32:21.686288+00:00] main.DEBUG: Add of item with id Magento_Search::report_search_term was processed [] []
[2025-02-10T13:32:21.686299+00:00] main.DEBUG: Add of item with id Magento_LoginAsCustomerLog::login_log was processed [] []
[2025-02-10T13:32:21.686309+00:00] main.DEBUG: Add of item with id Magento_Marketplace::partners was processed [] []
[2025-02-10T13:32:21.686320+00:00] main.DEBUG: Add of item with id Magento_SalesRule::promo_quote was processed [] []
[2025-02-10T13:32:21.686331+00:00] main.DEBUG: Add of item with id Magento_Sitemap::catalog_sitemap was processed [] []
[2025-02-10T13:32:21.686341+00:00] main.DEBUG: Add of item with id Magento_PageBuilder::templates was processed [] []
[2025-02-10T13:32:21.686351+00:00] main.DEBUG: Add of item with id Magento_PaymentServicesDashboard::paymentservicesdashboard was processed [] []
[2025-02-10T13:32:21.686361+00:00] main.DEBUG: Add of item with id Magento_Paypal::report_salesroot_paypal_settlement_reports was processed [] []
[2025-02-10T13:32:21.686372+00:00] main.DEBUG: Add of item with id Magento_Paypal::paypal_billing_agreement was processed [] []
[2025-02-10T13:32:21.686382+00:00] main.DEBUG: Add of item with id Magento_Review::catalog_reviews_ratings_ratings was processed [] []
[2025-02-10T13:32:21.686395+00:00] main.DEBUG: Add of item with id Magento_Review::catalog_reviews_ratings_pending was processed [] []
[2025-02-10T13:32:21.686407+00:00] main.DEBUG: Add of item with id Magento_Review::catalog_reviews_ratings_reviews_all was processed [] []
[2025-02-10T13:32:21.686417+00:00] main.DEBUG: Add of item with id Magento_Review::report_review was processed [] []
[2025-02-10T13:32:21.686430+00:00] main.DEBUG: Add of item with id Magento_Review::report_review_customer was processed [] []
[2025-02-10T13:32:21.686442+00:00] main.DEBUG: Add of item with id Magento_Review::report_review_product was processed [] []
[2025-02-10T13:32:21.686453+00:00] main.DEBUG: Add of item with id Magento_ServicesId::configuration was processed [] []
[2025-02-10T13:32:21.686466+00:00] main.DEBUG: Add of item with id Magento_ServicesId::services_id was processed [] []
[2025-02-10T13:32:21.686480+00:00] main.DEBUG: Add of item with id Magento_CheckoutAgreements::sales_checkoutagreement was processed [] []
[2025-02-10T13:32:21.686491+00:00] main.DEBUG: Add of item with id Magento_TaxImportExport::system_convert_tax was processed [] []
[2025-02-10T13:32:21.686501+00:00] main.DEBUG: Add of item with id Magento_AsynchronousOperations::system_magento_logging was processed [] []
[2025-02-10T13:32:21.686514+00:00] main.DEBUG: Add of item with id Magento_AsynchronousOperations::system_magento_logging_bulk_operations was processed [] []
[2025-02-10T13:32:21.686526+00:00] main.DEBUG: Add of item with id Magento_CurrencySymbol::system_currency was processed [] []
[2025-02-10T13:32:21.686540+00:00] main.DEBUG: Add of item with id Magento_CurrencySymbol::system_currency_rates was processed [] []
[2025-02-10T13:32:21.686551+00:00] main.DEBUG: Add of item with id Magento_CurrencySymbol::system_currency_symbols was processed [] []
[2025-02-10T13:32:21.686562+00:00] main.DEBUG: Add of item with id Magebit_Faq::faq was processed [] []
[2025-02-10T13:32:21.686573+00:00] main.DEBUG: Add of item with id Magebit_GridRender::content_elements was processed [] []
[2025-02-10T13:32:21.686588+00:00] main.DEBUG: Add of item with id Magebit_GridRender::post was processed [] []
[2025-02-10T13:32:21.686600+00:00] main.DEBUG: Add of item with id PayPal_Braintree::settlement_report was processed [] []
[2025-02-10T13:32:21.686614+00:00] main.DEBUG: Add of item with id PayPal_Braintree::virtual_terminal was processed [] []
[2025-02-10T13:32:21.991857+00:00] main.ERROR: Unable to resolve the source file for 'adminhtml/Magento/backend/en_US/underscore-umd.js.map' [] []
[2025-02-10T13:32:21.992113+00:00] main.CRITICAL: Unable to resolve the source file for 'adminhtml/Magento/backend/en_US/underscore-umd.js.map' [] []
[2025-02-10T13:39:18.719916+00:00] main.INFO: Broken reference: the 'notification.messages' tries to reorder itself towards 'user', but their parents are different: 'header.inner.right' and 'header' respectively. [] []
[2025-02-10T13:39:18.999871+00:00] main.ERROR: Unable to resolve the source file for 'adminhtml/Magento/backend/en_US/underscore-umd.js.map' [] []
[2025-02-10T13:39:19.000043+00:00] main.CRITICAL: Unable to resolve the source file for 'adminhtml/Magento/backend/en_US/underscore-umd.js.map' [] []
[2025-02-10T13:39:22.033849+00:00] main.INFO: Broken reference: the 'notification.messages' tries to reorder itself towards 'user', but their parents are different: 'header.inner.right' and 'header' respectively. [] []
[2025-02-10T13:39:22.267374+00:00] main.ERROR: Unable to resolve the source file for 'adminhtml/Magento/backend/en_US/underscore-umd.js.map' [] []
[2025-02-10T13:39:22.267553+00:00] main.CRITICAL: Unable to resolve the source file for 'adminhtml/Magento/backend/en_US/underscore-umd.js.map' [] []
[2025-02-10T13:40:15.225114+00:00] main.INFO: Broken reference: the 'notification.messages' tries to reorder itself towards 'user', but their parents are different: 'header.inner.right' and 'header' respectively. [] []
[2025-02-10T13:40:40.946609+00:00] main.DEBUG: cache_invalidate:  {"method":"GET","url":"http:/","invalidateInfo":{"tags":["FPC"],"mode":"matchingTag"}} []
[2025-02-10T13:40:44.590628+00:00] main.INFO: Broken reference: the 'notification.messages' tries to reorder itself towards 'user', but their parents are different: 'header.inner.right' and 'header' respectively. [] []
[2025-02-10T13:40:44.611862+00:00] main.DEBUG: Item Magento_Backend::system_currency was removed [] []
[2025-02-10T13:40:44.612958+00:00] main.DEBUG: Add of item with id Magento_Config::system_config was processed [] []
[2025-02-10T13:40:44.612991+00:00] main.DEBUG: Add of item with id Magento_AdminNotification::system_adminnotification was processed [] []
[2025-02-10T13:40:44.613010+00:00] main.DEBUG: Add of item with id Magento_Theme::design_config was processed [] []
[2025-02-10T13:40:44.613024+00:00] main.DEBUG: Add of item with id Magento_Theme::system_design_theme was processed [] []
[2025-02-10T13:40:44.613037+00:00] main.DEBUG: Add of item with id Magento_Backend::system_design_schedule was processed [] []
[2025-02-10T13:40:44.613057+00:00] main.DEBUG: Add of item with id Magento_Backend::system_store was processed [] []
[2025-02-10T13:40:44.613069+00:00] main.DEBUG: Add of item with id Magento_Backend::dashboard was processed [] []
[2025-02-10T13:40:44.613080+00:00] main.DEBUG: Add of item with id Magento_Backend::system was processed [] []
[2025-02-10T13:40:44.613094+00:00] main.DEBUG: Add of item with id Magento_Backend::system_tools was processed [] []
[2025-02-10T13:40:44.613109+00:00] main.DEBUG: Add of item with id Magento_Backend::system_design was processed [] []
[2025-02-10T13:40:44.613121+00:00] main.DEBUG: Add of item with id Magento_Backend::system_convert was processed [] []
[2025-02-10T13:40:44.613135+00:00] main.DEBUG: Add of item with id Magento_Backend::system_cache was processed [] []
[2025-02-10T13:40:44.613147+00:00] main.DEBUG: Add of item with id Magento_Backend::marketing was processed [] []
[2025-02-10T13:40:44.613162+00:00] main.DEBUG: Add of item with id Magento_Backend::marketing_communications was processed [] []
[2025-02-10T13:40:44.613174+00:00] main.DEBUG: Add of item with id Magento_Backend::marketing_seo was processed [] []
[2025-02-10T13:40:44.613185+00:00] main.DEBUG: Add of item with id Magento_Backend::marketing_user_content was processed [] []
[2025-02-10T13:40:44.613196+00:00] main.DEBUG: Add of item with id Magento_Backend::content was processed [] []
[2025-02-10T13:40:44.613207+00:00] main.DEBUG: Add of item with id Magento_Backend::content_elements was processed [] []
[2025-02-10T13:40:44.613217+00:00] main.DEBUG: Add of item with id Magento_Backend::stores was processed [] []
[2025-02-10T13:40:44.613231+00:00] main.DEBUG: Add of item with id Magento_Backend::stores_settings was processed [] []
[2025-02-10T13:40:44.613243+00:00] main.DEBUG: Add of item with id Magento_Backend::stores_attributes was processed [] []
[2025-02-10T13:40:44.613254+00:00] main.DEBUG: Add of item with id Magento_Backend::other_settings was processed [] []
[2025-02-10T13:40:44.613265+00:00] main.DEBUG: Add of item with id Magento_Backend::system_other_settings was processed [] []
[2025-02-10T13:40:44.613276+00:00] main.DEBUG: Add of item with id Magento_User::system_acl was processed [] []
[2025-02-10T13:40:44.613290+00:00] main.DEBUG: Add of item with id Magento_User::system_acl_users was processed [] []
[2025-02-10T13:40:44.613302+00:00] main.DEBUG: Add of item with id Magento_User::system_acl_roles was processed [] []
[2025-02-10T13:40:44.613313+00:00] main.DEBUG: Add of item with id Magento_User::system_acl_locks was processed [] []
[2025-02-10T13:40:44.613323+00:00] main.DEBUG: Add of item with id Magento_Customer::customer was processed [] []
[2025-02-10T13:40:44.613337+00:00] main.DEBUG: Add of item with id Magento_Customer::customer_manage was processed [] []
[2025-02-10T13:40:44.613349+00:00] main.DEBUG: Add of item with id Magento_Customer::customer_online was processed [] []
[2025-02-10T13:40:44.613360+00:00] main.DEBUG: Add of item with id Magento_Customer::customer_group was processed [] []
[2025-02-10T13:40:44.613371+00:00] main.DEBUG: Add of item with id Magento_Backup::system_tools_backup was processed [] []
[2025-02-10T13:40:44.613382+00:00] main.DEBUG: Add of item with id Magento_Indexer::system_index was processed [] []
[2025-02-10T13:40:44.613393+00:00] main.DEBUG: Add of item with id Magento_Variable::system_variable was processed [] []
[2025-02-10T13:40:44.613406+00:00] main.DEBUG: Add of item with id Magento_Cms::cms_page was processed [] []
[2025-02-10T13:40:44.613419+00:00] main.DEBUG: Add of item with id Magento_Cms::cms_block was processed [] []
[2025-02-10T13:40:44.613440+00:00] main.DEBUG: Add of item with id Magento_Catalog::catalog was processed [] []
[2025-02-10T13:40:44.613454+00:00] main.DEBUG: Add of item with id Magento_Catalog::catalog_products was processed [] []
[2025-02-10T13:40:44.613466+00:00] main.DEBUG: Add of item with id Magento_Catalog::catalog_categories was processed [] []
[2025-02-10T13:40:44.613482+00:00] main.DEBUG: Add of item with id Magento_Catalog::catalog_attributes_attributes was processed [] []
[2025-02-10T13:40:44.613494+00:00] main.DEBUG: Add of item with id Magento_Catalog::catalog_attributes_sets was processed [] []
[2025-02-10T13:40:44.613507+00:00] main.DEBUG: Add of item with id Magento_Catalog::inventory was processed [] []
[2025-02-10T13:40:44.613519+00:00] main.DEBUG: Add of item with id Magento_Integration::system_extensions was processed [] []
[2025-02-10T13:40:44.613532+00:00] main.DEBUG: Add of item with id Magento_Integration::system_integrations was processed [] []
[2025-02-10T13:40:44.613547+00:00] main.DEBUG: Add of item with id Magento_Search::search_terms was processed [] []
[2025-02-10T13:40:44.613559+00:00] main.DEBUG: Add of item with id Magento_Search::search_synonyms was processed [] []
[2025-02-10T13:40:44.613570+00:00] main.DEBUG: Add of item with id Magento_CatalogRule::promo was processed [] []
[2025-02-10T13:40:44.613584+00:00] main.DEBUG: Add of item with id Magento_CatalogRule::promo_catalog was processed [] []
[2025-02-10T13:40:44.613599+00:00] main.DEBUG: Add of item with id Magento_Sales::sales was processed [] []
[2025-02-10T13:40:44.613614+00:00] main.DEBUG: Add of item with id Magento_Sales::sales_operation was processed [] []
[2025-02-10T13:40:44.613637+00:00] main.DEBUG: Add of item with id Magento_Sales::sales_order was processed [] []
[2025-02-10T13:40:44.613651+00:00] main.DEBUG: Add of item with id Magento_Sales::sales_invoice was processed [] []
[2025-02-10T13:40:44.613664+00:00] main.DEBUG: Add of item with id Magento_Sales::sales_shipment was processed [] []
[2025-02-10T13:40:44.613676+00:00] main.DEBUG: Add of item with id Magento_Sales::sales_creditmemo was processed [] []
[2025-02-10T13:40:44.613688+00:00] main.DEBUG: Add of item with id Magento_Sales::sales_transactions was processed [] []
[2025-02-10T13:40:44.613699+00:00] main.DEBUG: Add of item with id Magento_Sales::system_order_statuses was processed [] []
[2025-02-10T13:40:44.613711+00:00] main.DEBUG: Add of item with id Magento_MediaGalleryUi::media was processed [] []
[2025-02-10T13:40:44.613726+00:00] main.DEBUG: Add of item with id Magento_MediaGalleryUi::media_gallery was processed [] []
[2025-02-10T13:40:44.613746+00:00] main.DEBUG: Add of item with id Magento_Downloadable::report_products_downloads was processed [] []
[2025-02-10T13:40:44.613759+00:00] main.DEBUG: Add of item with id Magento_UrlRewrite::urlrewrite was processed [] []
[2025-02-10T13:40:44.613771+00:00] main.DEBUG: Add of item with id Magento_Tax::sales_tax was processed [] []
[2025-02-10T13:40:44.613786+00:00] main.DEBUG: Add of item with id Magento_Tax::sales_tax_rules was processed [] []
[2025-02-10T13:40:44.613799+00:00] main.DEBUG: Add of item with id Magento_Tax::sales_tax_rates was processed [] []
[2025-02-10T13:40:44.613812+00:00] main.DEBUG: Add of item with id Magento_Widget::cms_widget_instance was processed [] []
[2025-02-10T13:40:44.613827+00:00] main.DEBUG: Add of item with id Magento_Analytics::business_intelligence was processed [] []
[2025-02-10T13:40:44.613843+00:00] main.DEBUG: Add of item with id Magento_Analytics::advanced_reporting was processed [] []
[2025-02-10T13:40:44.613856+00:00] main.DEBUG: Add of item with id Magento_Analytics::bi_essentials was processed [] []
[2025-02-10T13:40:44.613871+00:00] main.DEBUG: Add of item with id Magento_Newsletter::newsletter_template was processed [] []
[2025-02-10T13:40:44.613884+00:00] main.DEBUG: Add of item with id Magento_Newsletter::newsletter_queue was processed [] []
[2025-02-10T13:40:44.613896+00:00] main.DEBUG: Add of item with id Magento_Newsletter::newsletter_subscriber was processed [] []
[2025-02-10T13:40:44.613911+00:00] main.DEBUG: Add of item with id Magento_Newsletter::newsletter_problem was processed [] []
[2025-02-10T13:40:44.613926+00:00] main.DEBUG: Add of item with id Magento_ImportExport::system_convert_import was processed [] []
[2025-02-10T13:40:44.613939+00:00] main.DEBUG: Add of item with id Magento_ImportExport::system_convert_export was processed [] []
[2025-02-10T13:40:44.613954+00:00] main.DEBUG: Add of item with id Magento_ImportExport::system_convert_history was processed [] []
[2025-02-10T13:40:44.613966+00:00] main.DEBUG: Add of item with id Magento_Email::template was processed [] []
[2025-02-10T13:40:44.613978+00:00] main.DEBUG: Add of item with id Magento_EncryptionKey::system_crypt_key was processed [] []
[2025-02-10T13:40:44.613990+00:00] main.DEBUG: Add of item with id Magento_InventoryAdminUi::inventory was processed [] []
[2025-02-10T13:40:44.614005+00:00] main.DEBUG: Add of item with id Magento_InventoryAdminUi::source was processed [] []
[2025-02-10T13:40:44.614018+00:00] main.DEBUG: Add of item with id Magento_InventoryAdminUi::stock was processed [] []
[2025-02-10T13:40:44.614031+00:00] main.DEBUG: Add of item with id Magento_Reports::report was processed [] []
[2025-02-10T13:40:44.614043+00:00] main.DEBUG: Add of item with id Magento_Reports::report_marketing was processed [] []
[2025-02-10T13:40:44.614055+00:00] main.DEBUG: Add of item with id Magento_Reports::report_salesroot was processed [] []
[2025-02-10T13:40:44.614070+00:00] main.DEBUG: Add of item with id Magento_Reports::report_salesroot_sales was processed [] []
[2025-02-10T13:40:44.614083+00:00] main.DEBUG: Add of item with id Magento_Reports::report_salesroot_tax was processed [] []
[2025-02-10T13:40:44.614095+00:00] main.DEBUG: Add of item with id Magento_Reports::report_salesroot_invoiced was processed [] []
[2025-02-10T13:40:44.614107+00:00] main.DEBUG: Add of item with id Magento_Reports::report_salesroot_shipping was processed [] []
[2025-02-10T13:40:44.614119+00:00] main.DEBUG: Add of item with id Magento_Reports::report_salesroot_refunded was processed [] []
[2025-02-10T13:40:44.614130+00:00] main.DEBUG: Add of item with id Magento_Reports::report_salesroot_coupons was processed [] []
[2025-02-10T13:40:44.614141+00:00] main.DEBUG: Add of item with id Magento_Reports::report_shopcart_product was processed [] []
[2025-02-10T13:40:44.614152+00:00] main.DEBUG: Add of item with id Magento_Reports::report_shopcart_abandoned was processed [] []
[2025-02-10T13:40:44.614163+00:00] main.DEBUG: Add of item with id Magento_Reports::report_products was processed [] []
[2025-02-10T13:40:44.614175+00:00] main.DEBUG: Add of item with id Magento_Reports::report_products_bestsellers was processed [] []
[2025-02-10T13:40:44.614186+00:00] main.DEBUG: Add of item with id Magento_Reports::report_products_sold was processed [] []
[2025-02-10T13:40:44.614197+00:00] main.DEBUG: Add of item with id Magento_Reports::report_products_viewed was processed [] []
[2025-02-10T13:40:44.614209+00:00] main.DEBUG: Add of item with id Magento_Reports::report_products_lowstock was processed [] []
[2025-02-10T13:40:44.614220+00:00] main.DEBUG: Add of item with id Magento_Reports::report_customers was processed [] []
[2025-02-10T13:40:44.614234+00:00] main.DEBUG: Add of item with id Magento_Reports::report_customers_accounts was processed [] []
[2025-02-10T13:40:44.614247+00:00] main.DEBUG: Add of item with id Magento_Reports::report_customers_totals was processed [] []
[2025-02-10T13:40:44.614259+00:00] main.DEBUG: Add of item with id Magento_Reports::report_customers_orders was processed [] []
[2025-02-10T13:40:44.614271+00:00] main.DEBUG: Add of item with id Magento_Reports::report_statistics was processed [] []
[2025-02-10T13:40:44.614285+00:00] main.DEBUG: Add of item with id Magento_Reports::report_statistics_refresh was processed [] []
[2025-02-10T13:40:44.614298+00:00] main.DEBUG: Add of item with id Magento_Search::report_search_term was processed [] []
[2025-02-10T13:40:44.614311+00:00] main.DEBUG: Add of item with id Magento_LoginAsCustomerLog::login_log was processed [] []
[2025-02-10T13:40:44.614323+00:00] main.DEBUG: Add of item with id Magento_Marketplace::partners was processed [] []
[2025-02-10T13:40:44.614335+00:00] main.DEBUG: Add of item with id Magento_SalesRule::promo_quote was processed [] []
[2025-02-10T13:40:44.614346+00:00] main.DEBUG: Add of item with id Magento_Sitemap::catalog_sitemap was processed [] []
[2025-02-10T13:40:44.614362+00:00] main.DEBUG: Add of item with id Magento_PageBuilder::templates was processed [] []
[2025-02-10T13:40:44.614374+00:00] main.DEBUG: Add of item with id Magento_PaymentServicesDashboard::paymentservicesdashboard was processed [] []
[2025-02-10T13:40:44.614387+00:00] main.DEBUG: Add of item with id Magento_Paypal::report_salesroot_paypal_settlement_reports was processed [] []
[2025-02-10T13:40:44.614398+00:00] main.DEBUG: Add of item with id Magento_Paypal::paypal_billing_agreement was processed [] []
[2025-02-10T13:40:44.614410+00:00] main.DEBUG: Add of item with id Magento_Review::catalog_reviews_ratings_ratings was processed [] []
[2025-02-10T13:40:44.614425+00:00] main.DEBUG: Add of item with id Magento_Review::catalog_reviews_ratings_pending was processed [] []
[2025-02-10T13:40:44.614439+00:00] main.DEBUG: Add of item with id Magento_Review::catalog_reviews_ratings_reviews_all was processed [] []
[2025-02-10T13:40:44.614451+00:00] main.DEBUG: Add of item with id Magento_Review::report_review was processed [] []
[2025-02-10T13:40:44.614466+00:00] main.DEBUG: Add of item with id Magento_Review::report_review_customer was processed [] []
[2025-02-10T13:40:44.614480+00:00] main.DEBUG: Add of item with id Magento_Review::report_review_product was processed [] []
[2025-02-10T13:40:44.614492+00:00] main.DEBUG: Add of item with id Magento_ServicesId::configuration was processed [] []
[2025-02-10T13:40:44.614507+00:00] main.DEBUG: Add of item with id Magento_ServicesId::services_id was processed [] []
[2025-02-10T13:40:44.614520+00:00] main.DEBUG: Add of item with id Magento_CheckoutAgreements::sales_checkoutagreement was processed [] []
[2025-02-10T13:40:44.614532+00:00] main.DEBUG: Add of item with id Magento_TaxImportExport::system_convert_tax was processed [] []
[2025-02-10T13:40:44.614543+00:00] main.DEBUG: Add of item with id Magento_AsynchronousOperations::system_magento_logging was processed [] []
[2025-02-10T13:40:44.614558+00:00] main.DEBUG: Add of item with id Magento_AsynchronousOperations::system_magento_logging_bulk_operations was processed [] []
[2025-02-10T13:40:44.614572+00:00] main.DEBUG: Add of item with id Magento_CurrencySymbol::system_currency was processed [] []
[2025-02-10T13:40:44.614590+00:00] main.DEBUG: Add of item with id Magento_CurrencySymbol::system_currency_rates was processed [] []
[2025-02-10T13:40:44.614604+00:00] main.DEBUG: Add of item with id Magento_CurrencySymbol::system_currency_symbols was processed [] []
[2025-02-10T13:40:44.614616+00:00] main.DEBUG: Add of item with id Magebit_Faq::faq was processed [] []
[2025-02-10T13:40:44.614629+00:00] main.DEBUG: Add of item with id Magebit_GridRender::content_elements was processed [] []
[2025-02-10T13:40:44.614644+00:00] main.DEBUG: Add of item with id Magebit_GridRender::post was processed [] []
[2025-02-10T13:40:44.614657+00:00] main.DEBUG: Add of item with id PayPal_Braintree::settlement_report was processed [] []
[2025-02-10T13:40:44.614669+00:00] main.DEBUG: Add of item with id PayPal_Braintree::virtual_terminal was processed [] []
[2025-02-10T13:40:56.386240+00:00] main.DEBUG: Request validation failed for action "Magento\Backend\Controller\Adminhtml\Index\Index\Interceptor" {"exception":"[object] (Magento\\Framework\\App\\Request\\InvalidRequestException(code: 0): Invalid request received at /var/www/magento/public/vendor/magento/module-backend/App/Request/BackendValidator.php:176)"} []
[2025-02-10T13:40:56.564966+00:00] main.INFO: Broken reference: the 'notification.messages' tries to reorder itself towards 'user', but their parents are different: 'header.inner.right' and 'header' respectively. [] []
[2025-02-10T13:41:00.417164+00:00] main.INFO: Broken reference: the 'notification.messages' tries to reorder itself towards 'user', but their parents are different: 'header.inner.right' and 'header' respectively. [] []
[2025-02-10T13:41:07.927685+00:00] main.INFO: Broken reference: the 'notification.messages' tries to reorder itself towards 'user', but their parents are different: 'header.inner.right' and 'header' respectively. [] []
[2025-02-10T13:41:13.460337+00:00] main.INFO: Broken reference: the 'notification.messages' tries to reorder itself towards 'user', but their parents are different: 'header.inner.right' and 'header' respectively. [] []
[2025-02-10T13:41:17.235218+00:00] main.INFO: Broken reference: the 'notification.messages' tries to reorder itself towards 'user', but their parents are different: 'header.inner.right' and 'header' respectively. [] []
[2025-02-10T13:41:18.646514+00:00] main.INFO: Broken reference: the 'notification.messages' tries to reorder itself towards 'user', but their parents are different: 'header.inner.right' and 'header' respectively. [] []
[2025-02-10T13:42:21.489119+00:00] main.INFO: Broken reference: the 'tracking' element cannot be added as child to 'header', because the latter doesn't exist [] []
[2025-02-10T13:42:21.489232+00:00] main.INFO: Broken reference: the 'notification_area' element cannot be added as child to 'notifications', because the latter doesn't exist [] []
[2025-02-10T13:42:21.489263+00:00] main.INFO: Broken reference: the 'unread_system_messages' element cannot be added as child to 'notifications', because the latter doesn't exist [] []
[2025-02-10T13:42:21.489290+00:00] main.INFO: Broken reference: the 'notification_window' element cannot be added as child to 'notifications', because the latter doesn't exist [] []
[2025-02-10T13:42:21.489314+00:00] main.INFO: Broken reference: the 'notification.messages' element cannot be added as child to 'header', because the latter doesn't exist [] []
[2025-02-10T13:42:21.489341+00:00] main.INFO: Broken reference: the 'global_notices' element cannot be added as child to 'global.notices', because the latter doesn't exist [] []
[2025-02-10T13:42:21.489365+00:00] main.INFO: Broken reference: the 'logo' element cannot be added as child to 'header', because the latter doesn't exist [] []
[2025-02-10T13:42:21.489390+00:00] main.INFO: Broken reference: the 'global.search' element cannot be added as child to 'header', because the latter doesn't exist [] []
[2025-02-10T13:42:21.489413+00:00] main.INFO: Broken reference: the 'user' element cannot be added as child to 'header', because the latter doesn't exist [] []
[2025-02-10T13:42:21.489436+00:00] main.INFO: Broken reference: the 'menu' element cannot be added as child to 'page.menu', because the latter doesn't exist [] []
[2025-02-10T13:42:21.489459+00:00] main.INFO: Broken reference: the 'breadcrumbs' element cannot be added as child to 'page.breadcrumbs', because the latter doesn't exist [] []
[2025-02-10T13:42:21.489483+00:00] main.INFO: Broken reference: the 'formkey' element cannot be added as child to 'page.formkey', because the latter doesn't exist [] []
[2025-02-10T13:42:21.489505+00:00] main.INFO: Broken reference: the 'page.title' element cannot be added as child to 'main.top', because the latter doesn't exist [] []
[2025-02-10T13:42:21.489528+00:00] main.INFO: Broken reference: the 'messages' element cannot be added as child to 'page.messages', because the latter doesn't exist [] []
[2025-02-10T13:42:21.489551+00:00] main.INFO: Broken reference: the 'page.actions.toolbar' element cannot be added as child to 'page.main.actions', because the latter doesn't exist [] []
[2025-02-10T13:42:21.489574+00:00] main.INFO: Broken reference: the 'legal' element cannot be added as child to 'footer', because the latter doesn't exist [] []
[2025-02-10T13:42:21.489638+00:00] main.INFO: Broken reference: the 'header.inner.left' element cannot be added as child to 'header', because the latter doesn't exist [] []
[2025-02-10T13:42:21.489665+00:00] main.INFO: Broken reference: the 'header.inner.right' element cannot be added as child to 'header', because the latter doesn't exist [] []
[2025-02-10T13:42:21.489712+00:00] main.INFO: Broken reference: the 'user' tries to reorder itself towards '', but their parents are different: 'header' and '' respectively. [] []
[2025-02-10T13:42:21.489742+00:00] main.INFO: Broken reference: the 'notification.messages' tries to reorder itself towards 'user', but their parents are different: 'header' and '' respectively. [] []
[2025-02-10T13:42:21.489772+00:00] main.INFO: Broken reference: the 'logo' tries to reorder itself towards '', but their parents are different: 'header' and '' respectively. [] []
[2025-02-10T13:42:21.489796+00:00] main.INFO: Broken reference: the 'global.search' tries to reorder itself towards 'logo', but their parents are different: 'header' and '' respectively. [] []
[2025-02-10T13:42:21.489819+00:00] main.INFO: Broken reference: the 'page.actions.toolbar' tries to reorder itself towards '', but their parents are different: 'page.main.actions' and '' respectively. [] []
[2025-02-10T13:42:21.489855+00:00] main.INFO: Broken reference: the 'header.inner.left' tries to reorder itself towards '', but their parents are different: 'header' and '' respectively. [] []
[2025-02-10T13:42:21.489880+00:00] main.INFO: Broken reference: the 'header.inner.right' tries to reorder itself towards 'header.inner.left', but their parents are different: 'header' and '' respectively. [] []
[2025-02-10T13:42:21.489920+00:00] main.INFO: Broken reference: the 'notification.messages' tries to reorder itself towards 'user', but their parents are different: 'header.inner.right' and '' respectively. [] []
[2025-02-10T13:42:25.511313+00:00] main.DEBUG: cache_invalidate:  {"method":"POST","url":"http://magento.local/admin_xepp7u1/admin/","invalidateInfo":{"tags":["BACKEND_MAINMENU"],"mode":"matchingAnyTag"}} []
[2025-02-10T13:42:25.534431+00:00] main.DEBUG: cache_invalidate:  {"method":"POST","url":"http://magento.local/admin_xepp7u1/admin/","invalidateInfo":{"tags":["PB_EDITOR_CONFIG","CONFIG"],"mode":"matchingTag"}} []
[2025-02-10T13:42:25.591872+00:00] main.INFO: Broken reference: the 'notification.messages' tries to reorder itself towards 'user', but their parents are different: 'header.inner.right' and 'header' respectively. [] []
[2025-02-10T13:42:31.276877+00:00] main.INFO: Broken reference: the 'notification.messages' tries to reorder itself towards 'user', but their parents are different: 'header.inner.right' and 'header' respectively. [] []
[2025-02-10T13:45:33.448232+00:00] main.DEBUG: cache_invalidate:  {"method":"GET","url":"http:/","invalidateInfo":{"tags":["FPC"],"mode":"matchingTag"}} []
[2025-02-10T13:45:34.134795+00:00] main.DEBUG: cache_invalidate:  {"method":"GET","url":"http:/","invalidateInfo":{"tags":["CONFIG"],"mode":"matchingTag"}} []
[2025-02-10T13:45:34.138598+00:00] main.DEBUG: cache_invalidate:  {"method":"GET","url":"http:/","invalidateInfo":{"tags":["LAYOUT_GENERAL_CACHE_TAG"],"mode":"matchingTag"}} []
[2025-02-10T13:45:34.138767+00:00] main.DEBUG: cache_invalidate:  {"method":"GET","url":"http:/","invalidateInfo":{"tags":["BLOCK_HTML"],"mode":"matchingTag"}} []
[2025-02-10T13:45:34.138889+00:00] main.DEBUG: cache_invalidate:  {"method":"GET","url":"http:/","invalidateInfo":{"tags":["COLLECTION_DATA"],"mode":"matchingTag"}} []
[2025-02-10T13:45:34.139000+00:00] main.DEBUG: cache_invalidate:  {"method":"GET","url":"http:/","invalidateInfo":{"tags":["REFLECTION"],"mode":"matchingTag"}} []
[2025-02-10T13:45:34.139108+00:00] main.DEBUG: cache_invalidate:  {"method":"GET","url":"http:/","invalidateInfo":{"tags":["DB_DDL"],"mode":"matchingTag"}} []
[2025-02-10T13:45:34.139218+00:00] main.DEBUG: cache_invalidate:  {"method":"GET","url":"http:/","invalidateInfo":{"tags":["COMPILED_CONFIG"],"mode":"matchingTag"}} []
[2025-02-10T13:45:34.139325+00:00] main.DEBUG: cache_invalidate:  {"method":"GET","url":"http:/","invalidateInfo":{"tags":["EAV"],"mode":"matchingTag"}} []
[2025-02-10T13:45:34.139432+00:00] main.DEBUG: cache_invalidate:  {"method":"GET","url":"http:/","invalidateInfo":{"tags":["CUSTOMER_NOTIFICATION"],"mode":"matchingTag"}} []
[2025-02-10T13:45:34.139540+00:00] main.DEBUG: cache_invalidate:  {"method":"GET","url":"http:/","invalidateInfo":{"tags":["INTEGRATION"],"mode":"matchingTag"}} []
[2025-02-10T13:45:34.139656+00:00] main.DEBUG: cache_invalidate:  {"method":"GET","url":"http:/","invalidateInfo":{"tags":["INTEGRATION_API_CONFIG"],"mode":"matchingTag"}} []
[2025-02-10T13:45:34.139779+00:00] main.DEBUG: cache_invalidate:  {"method":"GET","url":"http:/","invalidateInfo":{"tags":["GRAPHQL_QUERY_RESOLVER_RESULT"],"mode":"matchingTag"}} []
[2025-02-10T13:45:34.140557+00:00] main.DEBUG: cache_invalidate:  {"method":"GET","url":"http:/","invalidateInfo":{"tags":["FPC"],"mode":"matchingTag"}} []
[2025-02-10T13:45:34.140729+00:00] main.DEBUG: cache_invalidate:  {"method":"GET","url":"http:/","invalidateInfo":{"tags":["WEBSERVICE"],"mode":"matchingTag"}} []
[2025-02-10T13:45:34.140856+00:00] main.DEBUG: cache_invalidate:  {"method":"GET","url":"http:/","invalidateInfo":{"tags":["TRANSLATE"],"mode":"matchingTag"}} []
[2025-02-10T13:45:38.724996+00:00] main.DEBUG: cache_invalidate:  {"method":"GET","url":"http:/","invalidateInfo":{"tags":["CONFIG"],"mode":"matchingTag"}} []
[2025-02-10T13:45:46.395294+00:00] main.DEBUG: cache_invalidate:  {"method":"GET","url":"http:/","invalidateInfo":{"identifier":"DB_PDO_MYSQL_DDL_sales_order_status_data_exporter_cl_1"}} []
[2025-02-10T13:45:46.395437+00:00] main.DEBUG: cache_invalidate:  {"method":"GET","url":"http:/","invalidateInfo":{"identifier":"DB_PDO_MYSQL_DDL_sales_order_status_data_exporter_cl_2"}} []
[2025-02-10T13:45:46.395501+00:00] main.DEBUG: cache_invalidate:  {"method":"GET","url":"http:/","invalidateInfo":{"identifier":"DB_PDO_MYSQL_DDL_sales_order_status_data_exporter_cl_3"}} []
[2025-02-10T13:45:46.395557+00:00] main.DEBUG: cache_invalidate:  {"method":"GET","url":"http:/","invalidateInfo":{"identifier":"DB_PDO_MYSQL_DDL_sales_order_status_data_exporter_cl_4"}} []
[2025-02-10T13:45:46.395923+00:00] main.DEBUG: cache_invalidate:  {"method":"GET","url":"http:/","invalidateInfo":{"identifier":"DB_PDO_MYSQL_DDL_sales_order_status_data_exporter_cl_5"}} []
[2025-02-10T13:45:46.916062+00:00] main.DEBUG: cache_invalidate:  {"method":"GET","url":"http:/","invalidateInfo":{"tags":["CONFIG"],"mode":"matchingTag"}} []
[2025-02-10T13:45:46.921002+00:00] main.DEBUG: cache_invalidate:  {"method":"GET","url":"http:/","invalidateInfo":{"tags":["LAYOUT_GENERAL_CACHE_TAG"],"mode":"matchingTag"}} []
[2025-02-10T13:45:46.921216+00:00] main.DEBUG: cache_invalidate:  {"method":"GET","url":"http:/","invalidateInfo":{"tags":["BLOCK_HTML"],"mode":"matchingTag"}} []
[2025-02-10T13:45:46.921365+00:00] main.DEBUG: cache_invalidate:  {"method":"GET","url":"http:/","invalidateInfo":{"tags":["COLLECTION_DATA"],"mode":"matchingTag"}} []
[2025-02-10T13:45:46.925557+00:00] main.DEBUG: cache_invalidate:  {"method":"GET","url":"http:/","invalidateInfo":{"tags":["REFLECTION"],"mode":"matchingTag"}} []
[2025-02-10T13:45:46.926741+00:00] main.DEBUG: cache_invalidate:  {"method":"GET","url":"http:/","invalidateInfo":{"tags":["DB_DDL"],"mode":"matchingTag"}} []
[2025-02-10T13:45:46.926915+00:00] main.DEBUG: cache_invalidate:  {"method":"GET","url":"http:/","invalidateInfo":{"tags":["COMPILED_CONFIG"],"mode":"matchingTag"}} []
[2025-02-10T13:45:46.927045+00:00] main.DEBUG: cache_invalidate:  {"method":"GET","url":"http:/","invalidateInfo":{"tags":["EAV"],"mode":"matchingTag"}} []
[2025-02-10T13:45:46.927174+00:00] main.DEBUG: cache_invalidate:  {"method":"GET","url":"http:/","invalidateInfo":{"tags":["CUSTOMER_NOTIFICATION"],"mode":"matchingTag"}} []
[2025-02-10T13:45:46.927300+00:00] main.DEBUG: cache_invalidate:  {"method":"GET","url":"http:/","invalidateInfo":{"tags":["INTEGRATION"],"mode":"matchingTag"}} []
[2025-02-10T13:45:46.927427+00:00] main.DEBUG: cache_invalidate:  {"method":"GET","url":"http:/","invalidateInfo":{"tags":["INTEGRATION_API_CONFIG"],"mode":"matchingTag"}} []
[2025-02-10T13:45:46.927552+00:00] main.DEBUG: cache_invalidate:  {"method":"GET","url":"http:/","invalidateInfo":{"tags":["GRAPHQL_QUERY_RESOLVER_RESULT"],"mode":"matchingTag"}} []
[2025-02-10T13:45:46.927757+00:00] main.DEBUG: cache_invalidate:  {"method":"GET","url":"http:/","invalidateInfo":{"tags":["FPC"],"mode":"matchingTag"}} []
[2025-02-10T13:45:46.928047+00:00] main.DEBUG: cache_invalidate:  {"method":"GET","url":"http:/","invalidateInfo":{"tags":["WEBSERVICE"],"mode":"matchingTag"}} []
[2025-02-10T13:45:46.928200+00:00] main.DEBUG: cache_invalidate:  {"method":"GET","url":"http:/","invalidateInfo":{"tags":["TRANSLATE"],"mode":"matchingTag"}} []
[2025-02-10T13:45:47.282565+00:00] main.WARNING: Memory size allocated for the temporary table is more than 20% of innodb_buffer_pool_size. Please update innodb_buffer_pool_size or decrease batch size value (which decreases memory usages for the temporary table). Current batch size: 100000; Allocated memory size: 50000000 bytes; InnoDB buffer pool size: 134217728 bytes. [] []
[2025-02-10T13:45:47.358555+00:00] main.WARNING: Memory size allocated for the temporary table is more than 20% of innodb_buffer_pool_size. Please update innodb_buffer_pool_size or decrease batch size value (which decreases memory usages for the temporary table). Current batch size: 100000; Allocated memory size: 50000000 bytes; InnoDB buffer pool size: 134217728 bytes. [] []
[2025-02-10T13:45:47.442703+00:00] main.WARNING: Memory size allocated for the temporary table is more than 20% of innodb_buffer_pool_size. Please update innodb_buffer_pool_size or decrease batch size value (which decreases memory usages for the temporary table). Current batch size: 100000; Allocated memory size: 50000000 bytes; InnoDB buffer pool size: 134217728 bytes. [] []
[2025-02-10T13:45:47.599342+00:00] main.DEBUG: cache_invalidate:  {"method":"GET","url":"http:/","invalidateInfo":{"identifier":"DB_PDO_MYSQL_DDL_catalog_category_product_index_store1_1"}} []
[2025-02-10T13:45:47.599454+00:00] main.DEBUG: cache_invalidate:  {"method":"GET","url":"http:/","invalidateInfo":{"identifier":"DB_PDO_MYSQL_DDL_catalog_category_product_index_store1_2"}} []
[2025-02-10T13:45:47.599503+00:00] main.DEBUG: cache_invalidate:  {"method":"GET","url":"http:/","invalidateInfo":{"identifier":"DB_PDO_MYSQL_DDL_catalog_category_product_index_store1_3"}} []
[2025-02-10T13:45:47.599545+00:00] main.DEBUG: cache_invalidate:  {"method":"GET","url":"http:/","invalidateInfo":{"identifier":"DB_PDO_MYSQL_DDL_catalog_category_product_index_store1_4"}} []
[2025-02-10T13:45:47.599968+00:00] main.DEBUG: cache_invalidate:  {"method":"GET","url":"http:/","invalidateInfo":{"identifier":"DB_PDO_MYSQL_DDL_catalog_category_product_index_store1_5"}} []
[2025-02-10T13:45:47.600053+00:00] main.DEBUG: cache_invalidate:  {"method":"GET","url":"http:/","invalidateInfo":{"identifier":"DB_PDO_MYSQL_DDL_catalog_category_product_index_store1_outdated_1"}} []
[2025-02-10T13:45:47.600097+00:00] main.DEBUG: cache_invalidate:  {"method":"GET","url":"http:/","invalidateInfo":{"identifier":"DB_PDO_MYSQL_DDL_catalog_category_product_index_store1_outdated_2"}} []
[2025-02-10T13:45:47.600139+00:00] main.DEBUG: cache_invalidate:  {"method":"GET","url":"http:/","invalidateInfo":{"identifier":"DB_PDO_MYSQL_DDL_catalog_category_product_index_store1_outdated_3"}} []
[2025-02-10T13:45:47.600181+00:00] main.DEBUG: cache_invalidate:  {"method":"GET","url":"http:/","invalidateInfo":{"identifier":"DB_PDO_MYSQL_DDL_catalog_category_product_index_store1_outdated_4"}} []
[2025-02-10T13:45:47.600222+00:00] main.DEBUG: cache_invalidate:  {"method":"GET","url":"http:/","invalidateInfo":{"identifier":"DB_PDO_MYSQL_DDL_catalog_category_product_index_store1_outdated_5"}} []
[2025-02-10T13:45:47.600444+00:00] main.DEBUG: cache_invalidate:  {"method":"GET","url":"http:/","invalidateInfo":{"identifier":"DB_PDO_MYSQL_DDL_catalog_category_product_index_store1_replica_1"}} []
[2025-02-10T13:45:47.600494+00:00] main.DEBUG: cache_invalidate:  {"method":"GET","url":"http:/","invalidateInfo":{"identifier":"DB_PDO_MYSQL_DDL_catalog_category_product_index_store1_replica_2"}} []
[2025-02-10T13:45:47.600532+00:00] main.DEBUG: cache_invalidate:  {"method":"GET","url":"http:/","invalidateInfo":{"identifier":"DB_PDO_MYSQL_DDL_catalog_category_product_index_store1_replica_3"}} []
[2025-02-10T13:45:47.600570+00:00] main.DEBUG: cache_invalidate:  {"method":"GET","url":"http:/","invalidateInfo":{"identifier":"DB_PDO_MYSQL_DDL_catalog_category_product_index_store1_replica_4"}} []
[2025-02-10T13:45:47.600776+00:00] main.DEBUG: cache_invalidate:  {"method":"GET","url":"http:/","invalidateInfo":{"identifier":"DB_PDO_MYSQL_DDL_catalog_category_product_index_store1_replica_5"}} []
[2025-02-10T13:45:47.601291+00:00] main.DEBUG: cache_invalidate:  {"method":"GET","url":"http:/","invalidateInfo":{"tags":["cat_c","FPC"],"mode":"matchingTag"}} []
[2025-02-10T13:45:47.601364+00:00] main.DEBUG: cache_invalidate:  {"method":"GET","url":"http:/","invalidateInfo":{"tags":["cat_c"],"mode":"matchingAnyTag"}} []
[2025-02-10T13:45:47.693312+00:00] main.WARNING: Memory size allocated for the temporary table is more than 20% of innodb_buffer_pool_size. Please update innodb_buffer_pool_size or decrease batch size value (which decreases memory usages for the temporary table). Current batch size: 100000; Allocated memory size: 50000000 bytes; InnoDB buffer pool size: 134217728 bytes. [] []
[2025-02-10T13:45:47.732293+00:00] main.WARNING: Memory size allocated for the temporary table is more than 20% of innodb_buffer_pool_size. Please update innodb_buffer_pool_size or decrease batch size value (which decreases memory usages for the temporary table). Current batch size: 100000; Allocated memory size: 50000000 bytes; InnoDB buffer pool size: 134217728 bytes. [] []
[2025-02-10T13:45:47.815920+00:00] main.WARNING: Memory size allocated for the temporary table is more than 20% of innodb_buffer_pool_size. Please update innodb_buffer_pool_size or decrease batch size value (which decreases memory usages for the temporary table). Current batch size: 100000; Allocated memory size: 50000000 bytes; InnoDB buffer pool size: 134217728 bytes. [] []
[2025-02-10T13:45:47.976097+00:00] main.DEBUG: cache_invalidate:  {"method":"GET","url":"http:/","invalidateInfo":{"identifier":"DB_PDO_MYSQL_DDL_catalog_category_product_index_store1_1"}} []
[2025-02-10T13:45:47.976228+00:00] main.DEBUG: cache_invalidate:  {"method":"GET","url":"http:/","invalidateInfo":{"identifier":"DB_PDO_MYSQL_DDL_catalog_category_product_index_store1_2"}} []
[2025-02-10T13:45:47.976288+00:00] main.DEBUG: cache_invalidate:  {"method":"GET","url":"http:/","invalidateInfo":{"identifier":"DB_PDO_MYSQL_DDL_catalog_category_product_index_store1_3"}} []
[2025-02-10T13:45:47.976342+00:00] main.DEBUG: cache_invalidate:  {"method":"GET","url":"http:/","invalidateInfo":{"identifier":"DB_PDO_MYSQL_DDL_catalog_category_product_index_store1_4"}} []
[2025-02-10T13:45:47.976775+00:00] main.DEBUG: cache_invalidate:  {"method":"GET","url":"http:/","invalidateInfo":{"identifier":"DB_PDO_MYSQL_DDL_catalog_category_product_index_store1_5"}} []
[2025-02-10T13:45:47.976867+00:00] main.DEBUG: cache_invalidate:  {"method":"GET","url":"http:/","invalidateInfo":{"identifier":"DB_PDO_MYSQL_DDL_catalog_category_product_index_store1_outdated_1"}} []
[2025-02-10T13:45:47.976923+00:00] main.DEBUG: cache_invalidate:  {"method":"GET","url":"http:/","invalidateInfo":{"identifier":"DB_PDO_MYSQL_DDL_catalog_category_product_index_store1_outdated_2"}} []
[2025-02-10T13:45:47.976977+00:00] main.DEBUG: cache_invalidate:  {"method":"GET","url":"http:/","invalidateInfo":{"identifier":"DB_PDO_MYSQL_DDL_catalog_category_product_index_store1_outdated_3"}} []
[2025-02-10T13:45:47.977028+00:00] main.DEBUG: cache_invalidate:  {"method":"GET","url":"http:/","invalidateInfo":{"identifier":"DB_PDO_MYSQL_DDL_catalog_category_product_index_store1_outdated_4"}} []
[2025-02-10T13:45:47.977080+00:00] main.DEBUG: cache_invalidate:  {"method":"GET","url":"http:/","invalidateInfo":{"identifier":"DB_PDO_MYSQL_DDL_catalog_category_product_index_store1_outdated_5"}} []
[2025-02-10T13:45:47.977351+00:00] main.DEBUG: cache_invalidate:  {"method":"GET","url":"http:/","invalidateInfo":{"identifier":"DB_PDO_MYSQL_DDL_catalog_category_product_index_store1_replica_1"}} []
[2025-02-10T13:45:47.977413+00:00] main.DEBUG: cache_invalidate:  {"method":"GET","url":"http:/","invalidateInfo":{"identifier":"DB_PDO_MYSQL_DDL_catalog_category_product_index_store1_replica_2"}} []
[2025-02-10T13:45:47.977466+00:00] main.DEBUG: cache_invalidate:  {"method":"GET","url":"http:/","invalidateInfo":{"identifier":"DB_PDO_MYSQL_DDL_catalog_category_product_index_store1_replica_3"}} []
[2025-02-10T13:45:47.977523+00:00] main.DEBUG: cache_invalidate:  {"method":"GET","url":"http:/","invalidateInfo":{"identifier":"DB_PDO_MYSQL_DDL_catalog_category_product_index_store1_replica_4"}} []
[2025-02-10T13:45:47.977784+00:00] main.DEBUG: cache_invalidate:  {"method":"GET","url":"http:/","invalidateInfo":{"identifier":"DB_PDO_MYSQL_DDL_catalog_category_product_index_store1_replica_5"}} []
[2025-02-10T13:45:47.978448+00:00] main.DEBUG: cache_invalidate:  {"method":"GET","url":"http:/","invalidateInfo":{"tags":["cat_c","FPC"],"mode":"matchingTag"}} []
[2025-02-10T13:45:47.978564+00:00] main.DEBUG: cache_invalidate:  {"method":"GET","url":"http:/","invalidateInfo":{"tags":["cat_p","FPC"],"mode":"matchingTag"}} []
[2025-02-10T13:45:47.978676+00:00] main.DEBUG: cache_invalidate:  {"method":"GET","url":"http:/","invalidateInfo":{"tags":["cat_c","cat_p"],"mode":"matchingAnyTag"}} []
[2025-02-10T13:45:49.193289+00:00] main.DEBUG: cache_invalidate:  {"method":"GET","url":"http:/","invalidateInfo":{"identifier":"DB_PDO_MYSQL_DDL_catalogrule_product_1"}} []
[2025-02-10T13:45:49.193413+00:00] main.DEBUG: cache_invalidate:  {"method":"GET","url":"http:/","invalidateInfo":{"identifier":"DB_PDO_MYSQL_DDL_catalogrule_product_2"}} []
[2025-02-10T13:45:49.193472+00:00] main.DEBUG: cache_invalidate:  {"method":"GET","url":"http:/","invalidateInfo":{"identifier":"DB_PDO_MYSQL_DDL_catalogrule_product_3"}} []
[2025-02-10T13:45:49.193526+00:00] main.DEBUG: cache_invalidate:  {"method":"GET","url":"http:/","invalidateInfo":{"identifier":"DB_PDO_MYSQL_DDL_catalogrule_product_4"}} []
[2025-02-10T13:45:49.193576+00:00] main.DEBUG: cache_invalidate:  {"method":"GET","url":"http:/","invalidateInfo":{"identifier":"DB_PDO_MYSQL_DDL_catalogrule_product_5"}} []
[2025-02-10T13:45:49.193641+00:00] main.DEBUG: cache_invalidate:  {"method":"GET","url":"http:/","invalidateInfo":{"identifier":"DB_PDO_MYSQL_DDL_catalogrule_product7ceb80d3_1"}} []
[2025-02-10T13:45:49.193691+00:00] main.DEBUG: cache_invalidate:  {"method":"GET","url":"http:/","invalidateInfo":{"identifier":"DB_PDO_MYSQL_DDL_catalogrule_product7ceb80d3_2"}} []
[2025-02-10T13:45:49.193738+00:00] main.DEBUG: cache_invalidate:  {"method":"GET","url":"http:/","invalidateInfo":{"identifier":"DB_PDO_MYSQL_DDL_catalogrule_product7ceb80d3_3"}} []
[2025-02-10T13:45:49.193785+00:00] main.DEBUG: cache_invalidate:  {"method":"GET","url":"http:/","invalidateInfo":{"identifier":"DB_PDO_MYSQL_DDL_catalogrule_product7ceb80d3_4"}} []
[2025-02-10T13:45:49.193833+00:00] main.DEBUG: cache_invalidate:  {"method":"GET","url":"http:/","invalidateInfo":{"identifier":"DB_PDO_MYSQL_DDL_catalogrule_product7ceb80d3_5"}} []
[2025-02-10T13:45:49.193883+00:00] main.DEBUG: cache_invalidate:  {"method":"GET","url":"http:/","invalidateInfo":{"identifier":"DB_PDO_MYSQL_DDL_catalogrule_product__temp42203d59_1"}} []
[2025-02-10T13:45:49.193932+00:00] main.DEBUG: cache_invalidate:  {"method":"GET","url":"http:/","invalidateInfo":{"identifier":"DB_PDO_MYSQL_DDL_catalogrule_product__temp42203d59_2"}} []
[2025-02-10T13:45:49.193979+00:00] main.DEBUG: cache_invalidate:  {"method":"GET","url":"http:/","invalidateInfo":{"identifier":"DB_PDO_MYSQL_DDL_catalogrule_product__temp42203d59_3"}} []
[2025-02-10T13:45:49.194038+00:00] main.DEBUG: cache_invalidate:  {"method":"GET","url":"http:/","invalidateInfo":{"identifier":"DB_PDO_MYSQL_DDL_catalogrule_product__temp42203d59_4"}} []
[2025-02-10T13:45:49.194091+00:00] main.DEBUG: cache_invalidate:  {"method":"GET","url":"http:/","invalidateInfo":{"identifier":"DB_PDO_MYSQL_DDL_catalogrule_product__temp42203d59_5"}} []
[2025-02-10T13:45:49.194144+00:00] main.DEBUG: cache_invalidate:  {"method":"GET","url":"http:/","invalidateInfo":{"identifier":"DB_PDO_MYSQL_DDL_catalogrule_product_price_1"}} []
[2025-02-10T13:45:49.194193+00:00] main.DEBUG: cache_invalidate:  {"method":"GET","url":"http:/","invalidateInfo":{"identifier":"DB_PDO_MYSQL_DDL_catalogrule_product_price_2"}} []
[2025-02-10T13:45:49.194251+00:00] main.DEBUG: cache_invalidate:  {"method":"GET","url":"http:/","invalidateInfo":{"identifier":"DB_PDO_MYSQL_DDL_catalogrule_product_price_3"}} []
[2025-02-10T13:45:49.194300+00:00] main.DEBUG: cache_invalidate:  {"method":"GET","url":"http:/","invalidateInfo":{"identifier":"DB_PDO_MYSQL_DDL_catalogrule_product_price_4"}} []
[2025-02-10T13:45:49.194346+00:00] main.DEBUG: cache_invalidate:  {"method":"GET","url":"http:/","invalidateInfo":{"identifier":"DB_PDO_MYSQL_DDL_catalogrule_product_price_5"}} []
[2025-02-10T13:45:49.194395+00:00] main.DEBUG: cache_invalidate:  {"method":"GET","url":"http:/","invalidateInfo":{"identifier":"DB_PDO_MYSQL_DDL_catalogrule_product_price222791c6_1"}} []
[2025-02-10T13:45:49.194442+00:00] main.DEBUG: cache_invalidate:  {"method":"GET","url":"http:/","invalidateInfo":{"identifier":"DB_PDO_MYSQL_DDL_catalogrule_product_price222791c6_2"}} []
[2025-02-10T13:45:49.194490+00:00] main.DEBUG: cache_invalidate:  {"method":"GET","url":"http:/","invalidateInfo":{"identifier":"DB_PDO_MYSQL_DDL_catalogrule_product_price222791c6_3"}} []
[2025-02-10T13:45:49.194541+00:00] main.DEBUG: cache_invalidate:  {"method":"GET","url":"http:/","invalidateInfo":{"identifier":"DB_PDO_MYSQL_DDL_catalogrule_product_price222791c6_4"}} []
[2025-02-10T13:45:49.194596+00:00] main.DEBUG: cache_invalidate:  {"method":"GET","url":"http:/","invalidateInfo":{"identifier":"DB_PDO_MYSQL_DDL_catalogrule_product_price222791c6_5"}} []
[2025-02-10T13:45:49.194640+00:00] main.DEBUG: cache_invalidate:  {"method":"GET","url":"http:/","invalidateInfo":{"identifier":"DB_PDO_MYSQL_DDL_catalogrule_product_price__temp9115c758_1"}} []
[2025-02-10T13:45:49.194679+00:00] main.DEBUG: cache_invalidate:  {"method":"GET","url":"http:/","invalidateInfo":{"identifier":"DB_PDO_MYSQL_DDL_catalogrule_product_price__temp9115c758_2"}} []
[2025-02-10T13:45:49.194717+00:00] main.DEBUG: cache_invalidate:  {"method":"GET","url":"http:/","invalidateInfo":{"identifier":"DB_PDO_MYSQL_DDL_catalogrule_product_price__temp9115c758_3"}} []
[2025-02-10T13:45:49.194754+00:00] main.DEBUG: cache_invalidate:  {"method":"GET","url":"http:/","invalidateInfo":{"identifier":"DB_PDO_MYSQL_DDL_catalogrule_product_price__temp9115c758_4"}} []
[2025-02-10T13:45:49.194792+00:00] main.DEBUG: cache_invalidate:  {"method":"GET","url":"http:/","invalidateInfo":{"identifier":"DB_PDO_MYSQL_DDL_catalogrule_product_price__temp9115c758_5"}} []
[2025-02-10T13:45:49.194829+00:00] main.DEBUG: cache_invalidate:  {"method":"GET","url":"http:/","invalidateInfo":{"identifier":"DB_PDO_MYSQL_DDL_catalogrule_group_website_1"}} []
[2025-02-10T13:45:49.194867+00:00] main.DEBUG: cache_invalidate:  {"method":"GET","url":"http:/","invalidateInfo":{"identifier":"DB_PDO_MYSQL_DDL_catalogrule_group_website_2"}} []
[2025-02-10T13:45:49.194904+00:00] main.DEBUG: cache_invalidate:  {"method":"GET","url":"http:/","invalidateInfo":{"identifier":"DB_PDO_MYSQL_DDL_catalogrule_group_website_3"}} []
[2025-02-10T13:45:49.194941+00:00] main.DEBUG: cache_invalidate:  {"method":"GET","url":"http:/","invalidateInfo":{"identifier":"DB_PDO_MYSQL_DDL_catalogrule_group_website_4"}} []
[2025-02-10T13:45:49.194978+00:00] main.DEBUG: cache_invalidate:  {"method":"GET","url":"http:/","invalidateInfo":{"identifier":"DB_PDO_MYSQL_DDL_catalogrule_group_website_5"}} []
[2025-02-10T13:45:49.195015+00:00] main.DEBUG: cache_invalidate:  {"method":"GET","url":"http:/","invalidateInfo":{"identifier":"DB_PDO_MYSQL_DDL_catalogrule_group_website9e848f29_1"}} []
[2025-02-10T13:45:49.195052+00:00] main.DEBUG: cache_invalidate:  {"method":"GET","url":"http:/","invalidateInfo":{"identifier":"DB_PDO_MYSQL_DDL_catalogrule_group_website9e848f29_2"}} []
[2025-02-10T13:45:49.195090+00:00] main.DEBUG: cache_invalidate:  {"method":"GET","url":"http:/","invalidateInfo":{"identifier":"DB_PDO_MYSQL_DDL_catalogrule_group_website9e848f29_3"}} []
[2025-02-10T13:45:49.195127+00:00] main.DEBUG: cache_invalidate:  {"method":"GET","url":"http:/","invalidateInfo":{"identifier":"DB_PDO_MYSQL_DDL_catalogrule_group_website9e848f29_4"}} []
[2025-02-10T13:45:49.195167+00:00] main.DEBUG: cache_invalidate:  {"method":"GET","url":"http:/","invalidateInfo":{"identifier":"DB_PDO_MYSQL_DDL_catalogrule_group_website9e848f29_5"}} []
[2025-02-10T13:45:49.195204+00:00] main.DEBUG: cache_invalidate:  {"method":"GET","url":"http:/","invalidateInfo":{"identifier":"DB_PDO_MYSQL_DDL_catalogrule_group_website__temp3adc7811_1"}} []
[2025-02-10T13:45:49.195243+00:00] main.DEBUG: cache_invalidate:  {"method":"GET","url":"http:/","invalidateInfo":{"identifier":"DB_PDO_MYSQL_DDL_catalogrule_group_website__temp3adc7811_2"}} []
[2025-02-10T13:45:49.195281+00:00] main.DEBUG: cache_invalidate:  {"method":"GET","url":"http:/","invalidateInfo":{"identifier":"DB_PDO_MYSQL_DDL_catalogrule_group_website__temp3adc7811_3"}} []
[2025-02-10T13:45:49.195318+00:00] main.DEBUG: cache_invalidate:  {"method":"GET","url":"http:/","invalidateInfo":{"identifier":"DB_PDO_MYSQL_DDL_catalogrule_group_website__temp3adc7811_4"}} []
[2025-02-10T13:45:49.195356+00:00] main.DEBUG: cache_invalidate:  {"method":"GET","url":"http:/","invalidateInfo":{"identifier":"DB_PDO_MYSQL_DDL_catalogrule_group_website__temp3adc7811_5"}} []
[2025-02-10T13:45:49.221642+00:00] main.DEBUG: cache_invalidate:  {"method":"GET","url":"http:/","invalidateInfo":{"identifier":"DB_PDO_MYSQL_DDL_catalogrule_product7ceb80d3_1"}} []
[2025-02-10T13:45:49.221741+00:00] main.DEBUG: cache_invalidate:  {"method":"GET","url":"http:/","invalidateInfo":{"identifier":"DB_PDO_MYSQL_DDL_catalogrule_product7ceb80d3_2"}} []
[2025-02-10T13:45:49.221784+00:00] main.DEBUG: cache_invalidate:  {"method":"GET","url":"http:/","invalidateInfo":{"identifier":"DB_PDO_MYSQL_DDL_catalogrule_product7ceb80d3_3"}} []
[2025-02-10T13:45:49.221823+00:00] main.DEBUG: cache_invalidate:  {"method":"GET","url":"http:/","invalidateInfo":{"identifier":"DB_PDO_MYSQL_DDL_catalogrule_product7ceb80d3_4"}} []
[2025-02-10T13:45:49.221860+00:00] main.DEBUG: cache_invalidate:  {"method":"GET","url":"http:/","invalidateInfo":{"identifier":"DB_PDO_MYSQL_DDL_catalogrule_product7ceb80d3_5"}} []
[2025-02-10T13:45:49.248816+00:00] main.DEBUG: cache_invalidate:  {"method":"GET","url":"http:/","invalidateInfo":{"identifier":"DB_PDO_MYSQL_DDL_catalogrule_product_price222791c6_1"}} []
[2025-02-10T13:45:49.248919+00:00] main.DEBUG: cache_invalidate:  {"method":"GET","url":"http:/","invalidateInfo":{"identifier":"DB_PDO_MYSQL_DDL_catalogrule_product_price222791c6_2"}} []
[2025-02-10T13:45:49.248966+00:00] main.DEBUG: cache_invalidate:  {"method":"GET","url":"http:/","invalidateInfo":{"identifier":"DB_PDO_MYSQL_DDL_catalogrule_product_price222791c6_3"}} []
[2025-02-10T13:45:49.249007+00:00] main.DEBUG: cache_invalidate:  {"method":"GET","url":"http:/","invalidateInfo":{"identifier":"DB_PDO_MYSQL_DDL_catalogrule_product_price222791c6_4"}} []
[2025-02-10T13:45:49.249047+00:00] main.DEBUG: cache_invalidate:  {"method":"GET","url":"http:/","invalidateInfo":{"identifier":"DB_PDO_MYSQL_DDL_catalogrule_product_price222791c6_5"}} []
[2025-02-10T13:45:49.274297+00:00] main.DEBUG: cache_invalidate:  {"method":"GET","url":"http:/","invalidateInfo":{"identifier":"DB_PDO_MYSQL_DDL_catalogrule_group_website9e848f29_1"}} []
[2025-02-10T13:45:49.274399+00:00] main.DEBUG: cache_invalidate:  {"method":"GET","url":"http:/","invalidateInfo":{"identifier":"DB_PDO_MYSQL_DDL_catalogrule_group_website9e848f29_2"}} []
[2025-02-10T13:45:49.274445+00:00] main.DEBUG: cache_invalidate:  {"method":"GET","url":"http:/","invalidateInfo":{"identifier":"DB_PDO_MYSQL_DDL_catalogrule_group_website9e848f29_3"}} []
[2025-02-10T13:45:49.274495+00:00] main.DEBUG: cache_invalidate:  {"method":"GET","url":"http:/","invalidateInfo":{"identifier":"DB_PDO_MYSQL_DDL_catalogrule_group_website9e848f29_4"}} []
[2025-02-10T13:45:49.274536+00:00] main.DEBUG: cache_invalidate:  {"method":"GET","url":"http:/","invalidateInfo":{"identifier":"DB_PDO_MYSQL_DDL_catalogrule_group_website9e848f29_5"}} []
[2025-02-10T13:45:49.314391+00:00] main.DEBUG: cache_invalidate:  {"method":"GET","url":"http:/","invalidateInfo":{"tags":["cat_c","FPC"],"mode":"matchingTag"}} []
[2025-02-10T13:45:49.314583+00:00] main.DEBUG: cache_invalidate:  {"method":"GET","url":"http:/","invalidateInfo":{"tags":["cat_p","FPC"],"mode":"matchingTag"}} []
[2025-02-10T13:45:49.314671+00:00] main.DEBUG: cache_invalidate:  {"method":"GET","url":"http:/","invalidateInfo":{"tags":["BLOCK_HTML","FPC"],"mode":"matchingTag"}} []
[2025-02-10T13:45:49.314789+00:00] main.DEBUG: cache_invalidate:  {"method":"GET","url":"http:/","invalidateInfo":{"tags":["cat_c","cat_p","BLOCK_HTML"],"mode":"matchingAnyTag"}} []
[2025-02-10T13:45:49.940943+00:00] main.DEBUG: cache_invalidate:  {"method":"GET","url":"http:/","invalidateInfo":{"identifier":"DB_PDO_MYSQL_DDL_catalog_product_index_eav_1"}} []
[2025-02-10T13:45:49.941042+00:00] main.DEBUG: cache_invalidate:  {"method":"GET","url":"http:/","invalidateInfo":{"identifier":"DB_PDO_MYSQL_DDL_catalog_product_index_eav_2"}} []
[2025-02-10T13:45:49.941085+00:00] main.DEBUG: cache_invalidate:  {"method":"GET","url":"http:/","invalidateInfo":{"identifier":"DB_PDO_MYSQL_DDL_catalog_product_index_eav_3"}} []
[2025-02-10T13:45:49.941126+00:00] main.DEBUG: cache_invalidate:  {"method":"GET","url":"http:/","invalidateInfo":{"identifier":"DB_PDO_MYSQL_DDL_catalog_product_index_eav_4"}} []
[2025-02-10T13:45:49.941165+00:00] main.DEBUG: cache_invalidate:  {"method":"GET","url":"http:/","invalidateInfo":{"identifier":"DB_PDO_MYSQL_DDL_catalog_product_index_eav_5"}} []
[2025-02-10T13:45:49.941207+00:00] main.DEBUG: cache_invalidate:  {"method":"GET","url":"http:/","invalidateInfo":{"identifier":"DB_PDO_MYSQL_DDL_catalog_product_index_eav_outdated_1"}} []
[2025-02-10T13:45:49.941245+00:00] main.DEBUG: cache_invalidate:  {"method":"GET","url":"http:/","invalidateInfo":{"identifier":"DB_PDO_MYSQL_DDL_catalog_product_index_eav_outdated_2"}} []
[2025-02-10T13:45:49.941284+00:00] main.DEBUG: cache_invalidate:  {"method":"GET","url":"http:/","invalidateInfo":{"identifier":"DB_PDO_MYSQL_DDL_catalog_product_index_eav_outdated_3"}} []
[2025-02-10T13:45:49.941322+00:00] main.DEBUG: cache_invalidate:  {"method":"GET","url":"http:/","invalidateInfo":{"identifier":"DB_PDO_MYSQL_DDL_catalog_product_index_eav_outdated_4"}} []
[2025-02-10T13:45:49.941361+00:00] main.DEBUG: cache_invalidate:  {"method":"GET","url":"http:/","invalidateInfo":{"identifier":"DB_PDO_MYSQL_DDL_catalog_product_index_eav_outdated_5"}} []
[2025-02-10T13:45:49.941695+00:00] main.DEBUG: cache_invalidate:  {"method":"GET","url":"http:/","invalidateInfo":{"identifier":"DB_PDO_MYSQL_DDL_catalog_product_index_eav_replica_1"}} []
[2025-02-10T13:45:49.941765+00:00] main.DEBUG: cache_invalidate:  {"method":"GET","url":"http:/","invalidateInfo":{"identifier":"DB_PDO_MYSQL_DDL_catalog_product_index_eav_replica_2"}} []
[2025-02-10T13:45:49.941804+00:00] main.DEBUG: cache_invalidate:  {"method":"GET","url":"http:/","invalidateInfo":{"identifier":"DB_PDO_MYSQL_DDL_catalog_product_index_eav_replica_3"}} []
[2025-02-10T13:45:49.941842+00:00] main.DEBUG: cache_invalidate:  {"method":"GET","url":"http:/","invalidateInfo":{"identifier":"DB_PDO_MYSQL_DDL_catalog_product_index_eav_replica_4"}} []
[2025-02-10T13:45:49.942048+00:00] main.DEBUG: cache_invalidate:  {"method":"GET","url":"http:/","invalidateInfo":{"identifier":"DB_PDO_MYSQL_DDL_catalog_product_index_eav_replica_5"}} []
[2025-02-10T13:45:50.061049+00:00] main.DEBUG: cache_invalidate:  {"method":"GET","url":"http:/","invalidateInfo":{"identifier":"DB_PDO_MYSQL_DDL_catalog_product_index_eav_decimal_1"}} []
[2025-02-10T13:45:50.061148+00:00] main.DEBUG: cache_invalidate:  {"method":"GET","url":"http:/","invalidateInfo":{"identifier":"DB_PDO_MYSQL_DDL_catalog_product_index_eav_decimal_2"}} []
[2025-02-10T13:45:50.061194+00:00] main.DEBUG: cache_invalidate:  {"method":"GET","url":"http:/","invalidateInfo":{"identifier":"DB_PDO_MYSQL_DDL_catalog_product_index_eav_decimal_3"}} []
[2025-02-10T13:45:50.061236+00:00] main.DEBUG: cache_invalidate:  {"method":"GET","url":"http:/","invalidateInfo":{"identifier":"DB_PDO_MYSQL_DDL_catalog_product_index_eav_decimal_4"}} []
[2025-02-10T13:45:50.061285+00:00] main.DEBUG: cache_invalidate:  {"method":"GET","url":"http:/","invalidateInfo":{"identifier":"DB_PDO_MYSQL_DDL_catalog_product_index_eav_decimal_5"}} []
[2025-02-10T13:45:50.061328+00:00] main.DEBUG: cache_invalidate:  {"method":"GET","url":"http:/","invalidateInfo":{"identifier":"DB_PDO_MYSQL_DDL_catalog_product_index_eav_decimal_outdated_1"}} []
[2025-02-10T13:45:50.061369+00:00] main.DEBUG: cache_invalidate:  {"method":"GET","url":"http:/","invalidateInfo":{"identifier":"DB_PDO_MYSQL_DDL_catalog_product_index_eav_decimal_outdated_2"}} []
[2025-02-10T13:45:50.061408+00:00] main.DEBUG: cache_invalidate:  {"method":"GET","url":"http:/","invalidateInfo":{"identifier":"DB_PDO_MYSQL_DDL_catalog_product_index_eav_decimal_outdated_3"}} []
[2025-02-10T13:45:50.061453+00:00] main.DEBUG: cache_invalidate:  {"method":"GET","url":"http:/","invalidateInfo":{"identifier":"DB_PDO_MYSQL_DDL_catalog_product_index_eav_decimal_outdated_4"}} []
[2025-02-10T13:45:50.061508+00:00] main.DEBUG: cache_invalidate:  {"method":"GET","url":"http:/","invalidateInfo":{"identifier":"DB_PDO_MYSQL_DDL_catalog_product_index_eav_decimal_outdated_5"}} []
[2025-02-10T13:45:50.061845+00:00] main.DEBUG: cache_invalidate:  {"method":"GET","url":"http:/","invalidateInfo":{"identifier":"DB_PDO_MYSQL_DDL_catalog_product_index_eav_decimal_replica_1"}} []
[2025-02-10T13:45:50.061915+00:00] main.DEBUG: cache_invalidate:  {"method":"GET","url":"http:/","invalidateInfo":{"identifier":"DB_PDO_MYSQL_DDL_catalog_product_index_eav_decimal_replica_2"}} []
[2025-02-10T13:45:50.061957+00:00] main.DEBUG: cache_invalidate:  {"method":"GET","url":"http:/","invalidateInfo":{"identifier":"DB_PDO_MYSQL_DDL_catalog_product_index_eav_decimal_replica_3"}} []
[2025-02-10T13:45:50.061999+00:00] main.DEBUG: cache_invalidate:  {"method":"GET","url":"http:/","invalidateInfo":{"identifier":"DB_PDO_MYSQL_DDL_catalog_product_index_eav_decimal_replica_4"}} []
[2025-02-10T13:45:50.062202+00:00] main.DEBUG: cache_invalidate:  {"method":"GET","url":"http:/","invalidateInfo":{"identifier":"DB_PDO_MYSQL_DDL_catalog_product_index_eav_decimal_replica_5"}} []
[2025-02-10T13:45:50.062380+00:00] main.DEBUG: cache_invalidate:  {"method":"GET","url":"http:/","invalidateInfo":{"tags":["cat_c","FPC"],"mode":"matchingTag"}} []
[2025-02-10T13:45:50.062432+00:00] main.DEBUG: cache_invalidate:  {"method":"GET","url":"http:/","invalidateInfo":{"tags":["cat_p","FPC"],"mode":"matchingTag"}} []
[2025-02-10T13:45:50.062481+00:00] main.DEBUG: cache_invalidate:  {"method":"GET","url":"http:/","invalidateInfo":{"tags":["cat_c","cat_p"],"mode":"matchingAnyTag"}} []
[2025-02-10T13:45:50.934518+00:00] main.DEBUG: cache_invalidate:  {"method":"GET","url":"http:/","invalidateInfo":{"identifier":"DB_PDO_MYSQL_DDL_catalogrule_product_1"}} []
[2025-02-10T13:45:50.934765+00:00] main.DEBUG: cache_invalidate:  {"method":"GET","url":"http:/","invalidateInfo":{"identifier":"DB_PDO_MYSQL_DDL_catalogrule_product_2"}} []
[2025-02-10T13:45:50.934887+00:00] main.DEBUG: cache_invalidate:  {"method":"GET","url":"http:/","invalidateInfo":{"identifier":"DB_PDO_MYSQL_DDL_catalogrule_product_3"}} []
[2025-02-10T13:45:50.934992+00:00] main.DEBUG: cache_invalidate:  {"method":"GET","url":"http:/","invalidateInfo":{"identifier":"DB_PDO_MYSQL_DDL_catalogrule_product_4"}} []
[2025-02-10T13:45:50.935090+00:00] main.DEBUG: cache_invalidate:  {"method":"GET","url":"http:/","invalidateInfo":{"identifier":"DB_PDO_MYSQL_DDL_catalogrule_product_5"}} []
[2025-02-10T13:45:50.935203+00:00] main.DEBUG: cache_invalidate:  {"method":"GET","url":"http:/","invalidateInfo":{"identifier":"DB_PDO_MYSQL_DDL_catalogrule_producta6c6b944_1"}} []
[2025-02-10T13:45:50.935289+00:00] main.DEBUG: cache_invalidate:  {"method":"GET","url":"http:/","invalidateInfo":{"identifier":"DB_PDO_MYSQL_DDL_catalogrule_producta6c6b944_2"}} []
[2025-02-10T13:45:50.935398+00:00] main.DEBUG: cache_invalidate:  {"method":"GET","url":"http:/","invalidateInfo":{"identifier":"DB_PDO_MYSQL_DDL_catalogrule_producta6c6b944_3"}} []
[2025-02-10T13:45:50.935512+00:00] main.DEBUG: cache_invalidate:  {"method":"GET","url":"http:/","invalidateInfo":{"identifier":"DB_PDO_MYSQL_DDL_catalogrule_producta6c6b944_4"}} []
[2025-02-10T13:45:50.935605+00:00] main.DEBUG: cache_invalidate:  {"method":"GET","url":"http:/","invalidateInfo":{"identifier":"DB_PDO_MYSQL_DDL_catalogrule_producta6c6b944_5"}} []
[2025-02-10T13:45:50.935707+00:00] main.DEBUG: cache_invalidate:  {"method":"GET","url":"http:/","invalidateInfo":{"identifier":"DB_PDO_MYSQL_DDL_catalogrule_product__temp5656d627_1"}} []
[2025-02-10T13:45:50.935808+00:00] main.DEBUG: cache_invalidate:  {"method":"GET","url":"http:/","invalidateInfo":{"identifier":"DB_PDO_MYSQL_DDL_catalogrule_product__temp5656d627_2"}} []
[2025-02-10T13:45:50.935890+00:00] main.DEBUG: cache_invalidate:  {"method":"GET","url":"http:/","invalidateInfo":{"identifier":"DB_PDO_MYSQL_DDL_catalogrule_product__temp5656d627_3"}} []
[2025-02-10T13:45:50.935969+00:00] main.DEBUG: cache_invalidate:  {"method":"GET","url":"http:/","invalidateInfo":{"identifier":"DB_PDO_MYSQL_DDL_catalogrule_product__temp5656d627_4"}} []
[2025-02-10T13:45:50.936049+00:00] main.DEBUG: cache_invalidate:  {"method":"GET","url":"http:/","invalidateInfo":{"identifier":"DB_PDO_MYSQL_DDL_catalogrule_product__temp5656d627_5"}} []
[2025-02-10T13:45:50.936130+00:00] main.DEBUG: cache_invalidate:  {"method":"GET","url":"http:/","invalidateInfo":{"identifier":"DB_PDO_MYSQL_DDL_catalogrule_product_price_1"}} []
[2025-02-10T13:45:50.936206+00:00] main.DEBUG: cache_invalidate:  {"method":"GET","url":"http:/","invalidateInfo":{"identifier":"DB_PDO_MYSQL_DDL_catalogrule_product_price_2"}} []
[2025-02-10T13:45:50.936278+00:00] main.DEBUG: cache_invalidate:  {"method":"GET","url":"http:/","invalidateInfo":{"identifier":"DB_PDO_MYSQL_DDL_catalogrule_product_price_3"}} []
[2025-02-10T13:45:50.936353+00:00] main.DEBUG: cache_invalidate:  {"method":"GET","url":"http:/","invalidateInfo":{"identifier":"DB_PDO_MYSQL_DDL_catalogrule_product_price_4"}} []
[2025-02-10T13:45:50.936427+00:00] main.DEBUG: cache_invalidate:  {"method":"GET","url":"http:/","invalidateInfo":{"identifier":"DB_PDO_MYSQL_DDL_catalogrule_product_price_5"}} []
[2025-02-10T13:45:50.936513+00:00] main.DEBUG: cache_invalidate:  {"method":"GET","url":"http:/","invalidateInfo":{"identifier":"DB_PDO_MYSQL_DDL_catalogrule_product_pricea50bc2dc_1"}} []
[2025-02-10T13:45:50.936594+00:00] main.DEBUG: cache_invalidate:  {"method":"GET","url":"http:/","invalidateInfo":{"identifier":"DB_PDO_MYSQL_DDL_catalogrule_product_pricea50bc2dc_2"}} []
[2025-02-10T13:45:50.936689+00:00] main.DEBUG: cache_invalidate:  {"method":"GET","url":"http:/","invalidateInfo":{"identifier":"DB_PDO_MYSQL_DDL_catalogrule_product_pricea50bc2dc_3"}} []
[2025-02-10T13:45:50.936774+00:00] main.DEBUG: cache_invalidate:  {"method":"GET","url":"http:/","invalidateInfo":{"identifier":"DB_PDO_MYSQL_DDL_catalogrule_product_pricea50bc2dc_4"}} []
[2025-02-10T13:45:50.936850+00:00] main.DEBUG: cache_invalidate:  {"method":"GET","url":"http:/","invalidateInfo":{"identifier":"DB_PDO_MYSQL_DDL_catalogrule_product_pricea50bc2dc_5"}} []
[2025-02-10T13:45:50.936941+00:00] main.DEBUG: cache_invalidate:  {"method":"GET","url":"http:/","invalidateInfo":{"identifier":"DB_PDO_MYSQL_DDL_catalogrule_product_price__temp801603d3_1"}} []
[2025-02-10T13:45:50.937021+00:00] main.DEBUG: cache_invalidate:  {"method":"GET","url":"http:/","invalidateInfo":{"identifier":"DB_PDO_MYSQL_DDL_catalogrule_product_price__temp801603d3_2"}} []
[2025-02-10T13:45:50.937099+00:00] main.DEBUG: cache_invalidate:  {"method":"GET","url":"http:/","invalidateInfo":{"identifier":"DB_PDO_MYSQL_DDL_catalogrule_product_price__temp801603d3_3"}} []
[2025-02-10T13:45:50.937174+00:00] main.DEBUG: cache_invalidate:  {"method":"GET","url":"http:/","invalidateInfo":{"identifier":"DB_PDO_MYSQL_DDL_catalogrule_product_price__temp801603d3_4"}} []
[2025-02-10T13:45:50.937269+00:00] main.DEBUG: cache_invalidate:  {"method":"GET","url":"http:/","invalidateInfo":{"identifier":"DB_PDO_MYSQL_DDL_catalogrule_product_price__temp801603d3_5"}} []
[2025-02-10T13:45:50.937352+00:00] main.DEBUG: cache_invalidate:  {"method":"GET","url":"http:/","invalidateInfo":{"identifier":"DB_PDO_MYSQL_DDL_catalogrule_group_website_1"}} []
[2025-02-10T13:45:50.937424+00:00] main.DEBUG: cache_invalidate:  {"method":"GET","url":"http:/","invalidateInfo":{"identifier":"DB_PDO_MYSQL_DDL_catalogrule_group_website_2"}} []
[2025-02-10T13:45:50.937501+00:00] main.DEBUG: cache_invalidate:  {"method":"GET","url":"http:/","invalidateInfo":{"identifier":"DB_PDO_MYSQL_DDL_catalogrule_group_website_3"}} []
[2025-02-10T13:45:50.937575+00:00] main.DEBUG: cache_invalidate:  {"method":"GET","url":"http:/","invalidateInfo":{"identifier":"DB_PDO_MYSQL_DDL_catalogrule_group_website_4"}} []
[2025-02-10T13:45:50.937670+00:00] main.DEBUG: cache_invalidate:  {"method":"GET","url":"http:/","invalidateInfo":{"identifier":"DB_PDO_MYSQL_DDL_catalogrule_group_website_5"}} []
[2025-02-10T13:45:50.937758+00:00] main.DEBUG: cache_invalidate:  {"method":"GET","url":"http:/","invalidateInfo":{"identifier":"DB_PDO_MYSQL_DDL_catalogrule_group_websitec34ffbaa_1"}} []
[2025-02-10T13:45:50.937846+00:00] main.DEBUG: cache_invalidate:  {"method":"GET","url":"http:/","invalidateInfo":{"identifier":"DB_PDO_MYSQL_DDL_catalogrule_group_websitec34ffbaa_2"}} []
[2025-02-10T13:45:50.937929+00:00] main.DEBUG: cache_invalidate:  {"method":"GET","url":"http:/","invalidateInfo":{"identifier":"DB_PDO_MYSQL_DDL_catalogrule_group_websitec34ffbaa_3"}} []
[2025-02-10T13:45:50.938009+00:00] main.DEBUG: cache_invalidate:  {"method":"GET","url":"http:/","invalidateInfo":{"identifier":"DB_PDO_MYSQL_DDL_catalogrule_group_websitec34ffbaa_4"}} []
[2025-02-10T13:45:50.938085+00:00] main.DEBUG: cache_invalidate:  {"method":"GET","url":"http:/","invalidateInfo":{"identifier":"DB_PDO_MYSQL_DDL_catalogrule_group_websitec34ffbaa_5"}} []
[2025-02-10T13:45:50.938169+00:00] main.DEBUG: cache_invalidate:  {"method":"GET","url":"http:/","invalidateInfo":{"identifier":"DB_PDO_MYSQL_DDL_catalogrule_group_website__temp0e4005de_1"}} []
[2025-02-10T13:45:50.938247+00:00] main.DEBUG: cache_invalidate:  {"method":"GET","url":"http:/","invalidateInfo":{"identifier":"DB_PDO_MYSQL_DDL_catalogrule_group_website__temp0e4005de_2"}} []
[2025-02-10T13:45:50.938320+00:00] main.DEBUG: cache_invalidate:  {"method":"GET","url":"http:/","invalidateInfo":{"identifier":"DB_PDO_MYSQL_DDL_catalogrule_group_website__temp0e4005de_3"}} []
[2025-02-10T13:45:50.938396+00:00] main.DEBUG: cache_invalidate:  {"method":"GET","url":"http:/","invalidateInfo":{"identifier":"DB_PDO_MYSQL_DDL_catalogrule_group_website__temp0e4005de_4"}} []
[2025-02-10T13:45:50.938475+00:00] main.DEBUG: cache_invalidate:  {"method":"GET","url":"http:/","invalidateInfo":{"identifier":"DB_PDO_MYSQL_DDL_catalogrule_group_website__temp0e4005de_5"}} []
[2025-02-10T13:45:50.964427+00:00] main.DEBUG: cache_invalidate:  {"method":"GET","url":"http:/","invalidateInfo":{"identifier":"DB_PDO_MYSQL_DDL_catalogrule_producta6c6b944_1"}} []
[2025-02-10T13:45:50.964548+00:00] main.DEBUG: cache_invalidate:  {"method":"GET","url":"http:/","invalidateInfo":{"identifier":"DB_PDO_MYSQL_DDL_catalogrule_producta6c6b944_2"}} []
[2025-02-10T13:45:50.964601+00:00] main.DEBUG: cache_invalidate:  {"method":"GET","url":"http:/","invalidateInfo":{"identifier":"DB_PDO_MYSQL_DDL_catalogrule_producta6c6b944_3"}} []
[2025-02-10T13:45:50.964643+00:00] main.DEBUG: cache_invalidate:  {"method":"GET","url":"http:/","invalidateInfo":{"identifier":"DB_PDO_MYSQL_DDL_catalogrule_producta6c6b944_4"}} []
[2025-02-10T13:45:50.964679+00:00] main.DEBUG: cache_invalidate:  {"method":"GET","url":"http:/","invalidateInfo":{"identifier":"DB_PDO_MYSQL_DDL_catalogrule_producta6c6b944_5"}} []
[2025-02-10T13:45:50.990667+00:00] main.DEBUG: cache_invalidate:  {"method":"GET","url":"http:/","invalidateInfo":{"identifier":"DB_PDO_MYSQL_DDL_catalogrule_product_pricea50bc2dc_1"}} []
[2025-02-10T13:45:50.990903+00:00] main.DEBUG: cache_invalidate:  {"method":"GET","url":"http:/","invalidateInfo":{"identifier":"DB_PDO_MYSQL_DDL_catalogrule_product_pricea50bc2dc_2"}} []
[2025-02-10T13:45:50.991050+00:00] main.DEBUG: cache_invalidate:  {"method":"GET","url":"http:/","invalidateInfo":{"identifier":"DB_PDO_MYSQL_DDL_catalogrule_product_pricea50bc2dc_3"}} []
[2025-02-10T13:45:50.991156+00:00] main.DEBUG: cache_invalidate:  {"method":"GET","url":"http:/","invalidateInfo":{"identifier":"DB_PDO_MYSQL_DDL_catalogrule_product_pricea50bc2dc_4"}} []
[2025-02-10T13:45:50.991242+00:00] main.DEBUG: cache_invalidate:  {"method":"GET","url":"http:/","invalidateInfo":{"identifier":"DB_PDO_MYSQL_DDL_catalogrule_product_pricea50bc2dc_5"}} []
[2025-02-10T13:45:51.022550+00:00] main.DEBUG: cache_invalidate:  {"method":"GET","url":"http:/","invalidateInfo":{"identifier":"DB_PDO_MYSQL_DDL_catalogrule_group_websitec34ffbaa_1"}} []
[2025-02-10T13:45:51.022781+00:00] main.DEBUG: cache_invalidate:  {"method":"GET","url":"http:/","invalidateInfo":{"identifier":"DB_PDO_MYSQL_DDL_catalogrule_group_websitec34ffbaa_2"}} []
[2025-02-10T13:45:51.022889+00:00] main.DEBUG: cache_invalidate:  {"method":"GET","url":"http:/","invalidateInfo":{"identifier":"DB_PDO_MYSQL_DDL_catalogrule_group_websitec34ffbaa_3"}} []
[2025-02-10T13:45:51.022974+00:00] main.DEBUG: cache_invalidate:  {"method":"GET","url":"http:/","invalidateInfo":{"identifier":"DB_PDO_MYSQL_DDL_catalogrule_group_websitec34ffbaa_4"}} []
[2025-02-10T13:45:51.023060+00:00] main.DEBUG: cache_invalidate:  {"method":"GET","url":"http:/","invalidateInfo":{"identifier":"DB_PDO_MYSQL_DDL_catalogrule_group_websitec34ffbaa_5"}} []
[2025-02-10T13:45:51.078687+00:00] main.DEBUG: cache_invalidate:  {"method":"GET","url":"http:/","invalidateInfo":{"tags":["cat_c","FPC"],"mode":"matchingTag"}} []
[2025-02-10T13:45:51.078917+00:00] main.DEBUG: cache_invalidate:  {"method":"GET","url":"http:/","invalidateInfo":{"tags":["cat_p","FPC"],"mode":"matchingTag"}} []
[2025-02-10T13:45:51.079045+00:00] main.DEBUG: cache_invalidate:  {"method":"GET","url":"http:/","invalidateInfo":{"tags":["BLOCK_HTML","FPC"],"mode":"matchingTag"}} []
[2025-02-10T13:45:51.079178+00:00] main.DEBUG: cache_invalidate:  {"method":"GET","url":"http:/","invalidateInfo":{"tags":["cat_c","cat_p","BLOCK_HTML"],"mode":"matchingAnyTag"}} []
[2025-02-10T13:45:51.283142+00:00] main.INFO: Broken reference: the 'notification.messages' tries to reorder itself towards 'user', but their parents are different: 'header.inner.right' and 'header' respectively. [] []
[2025-02-10T13:45:51.330495+00:00] main.DEBUG: Item Magento_Backend::system_currency was removed [] []
[2025-02-10T13:45:51.332400+00:00] main.DEBUG: Add of item with id Magento_Config::system_config was processed [] []
[2025-02-10T13:45:51.332460+00:00] main.DEBUG: Add of item with id Magento_AdminNotification::system_adminnotification was processed [] []
[2025-02-10T13:45:51.332487+00:00] main.DEBUG: Add of item with id Magento_Theme::design_config was processed [] []
[2025-02-10T13:45:51.332504+00:00] main.DEBUG: Add of item with id Magento_Theme::system_design_theme was processed [] []
[2025-02-10T13:45:51.332519+00:00] main.DEBUG: Add of item with id Magento_Backend::system_design_schedule was processed [] []
[2025-02-10T13:45:51.332534+00:00] main.DEBUG: Add of item with id Magento_Backend::system_store was processed [] []
[2025-02-10T13:45:51.332548+00:00] main.DEBUG: Add of item with id Magento_Backend::dashboard was processed [] []
[2025-02-10T13:45:51.332561+00:00] main.DEBUG: Add of item with id Magento_Backend::system was processed [] []
[2025-02-10T13:45:51.332583+00:00] main.DEBUG: Add of item with id Magento_Backend::system_tools was processed [] []
[2025-02-10T13:45:51.332615+00:00] main.DEBUG: Add of item with id Magento_Backend::system_design was processed [] []
[2025-02-10T13:45:51.332632+00:00] main.DEBUG: Add of item with id Magento_Backend::system_convert was processed [] []
[2025-02-10T13:45:51.332654+00:00] main.DEBUG: Add of item with id Magento_Backend::system_cache was processed [] []
[2025-02-10T13:45:51.332670+00:00] main.DEBUG: Add of item with id Magento_Backend::marketing was processed [] []
[2025-02-10T13:45:51.332692+00:00] main.DEBUG: Add of item with id Magento_Backend::marketing_communications was processed [] []
[2025-02-10T13:45:51.332717+00:00] main.DEBUG: Add of item with id Magento_Backend::marketing_seo was processed [] []
[2025-02-10T13:45:51.332731+00:00] main.DEBUG: Add of item with id Magento_Backend::marketing_user_content was processed [] []
[2025-02-10T13:45:51.332745+00:00] main.DEBUG: Add of item with id Magento_Backend::content was processed [] []
[2025-02-10T13:45:51.332758+00:00] main.DEBUG: Add of item with id Magento_Backend::content_elements was processed [] []
[2025-02-10T13:45:51.332771+00:00] main.DEBUG: Add of item with id Magento_Backend::stores was processed [] []
[2025-02-10T13:45:51.332792+00:00] main.DEBUG: Add of item with id Magento_Backend::stores_settings was processed [] []
[2025-02-10T13:45:51.332807+00:00] main.DEBUG: Add of item with id Magento_Backend::stores_attributes was processed [] []
[2025-02-10T13:45:51.332820+00:00] main.DEBUG: Add of item with id Magento_Backend::other_settings was processed [] []
[2025-02-10T13:45:51.332833+00:00] main.DEBUG: Add of item with id Magento_Backend::system_other_settings was processed [] []
[2025-02-10T13:45:51.332847+00:00] main.DEBUG: Add of item with id Magento_User::system_acl was processed [] []
[2025-02-10T13:45:51.332867+00:00] main.DEBUG: Add of item with id Magento_User::system_acl_users was processed [] []
[2025-02-10T13:45:51.332883+00:00] main.DEBUG: Add of item with id Magento_User::system_acl_roles was processed [] []
[2025-02-10T13:45:51.332897+00:00] main.DEBUG: Add of item with id Magento_User::system_acl_locks was processed [] []
[2025-02-10T13:45:51.332909+00:00] main.DEBUG: Add of item with id Magento_Customer::customer was processed [] []
[2025-02-10T13:45:51.332930+00:00] main.DEBUG: Add of item with id Magento_Customer::customer_manage was processed [] []
[2025-02-10T13:45:51.332946+00:00] main.DEBUG: Add of item with id Magento_Customer::customer_online was processed [] []
[2025-02-10T13:45:51.332960+00:00] main.DEBUG: Add of item with id Magento_Customer::customer_group was processed [] []
[2025-02-10T13:45:51.332973+00:00] main.DEBUG: Add of item with id Magento_Backup::system_tools_backup was processed [] []
[2025-02-10T13:45:51.332986+00:00] main.DEBUG: Add of item with id Magento_Indexer::system_index was processed [] []
[2025-02-10T13:45:51.332999+00:00] main.DEBUG: Add of item with id Magento_Variable::system_variable was processed [] []
[2025-02-10T13:45:51.333019+00:00] main.DEBUG: Add of item with id Magento_Cms::cms_page was processed [] []
[2025-02-10T13:45:51.333035+00:00] main.DEBUG: Add of item with id Magento_Cms::cms_block was processed [] []
[2025-02-10T13:45:51.333049+00:00] main.DEBUG: Add of item with id Magento_Catalog::catalog was processed [] []
[2025-02-10T13:45:51.333070+00:00] main.DEBUG: Add of item with id Magento_Catalog::catalog_products was processed [] []
[2025-02-10T13:45:51.333086+00:00] main.DEBUG: Add of item with id Magento_Catalog::catalog_categories was processed [] []
[2025-02-10T13:45:51.333106+00:00] main.DEBUG: Add of item with id Magento_Catalog::catalog_attributes_attributes was processed [] []
[2025-02-10T13:45:51.333123+00:00] main.DEBUG: Add of item with id Magento_Catalog::catalog_attributes_sets was processed [] []
[2025-02-10T13:45:51.333143+00:00] main.DEBUG: Add of item with id Magento_Catalog::inventory was processed [] []
[2025-02-10T13:45:51.333159+00:00] main.DEBUG: Add of item with id Magento_Integration::system_extensions was processed [] []
[2025-02-10T13:45:51.333181+00:00] main.DEBUG: Add of item with id Magento_Integration::system_integrations was processed [] []
[2025-02-10T13:45:51.333204+00:00] main.DEBUG: Add of item with id Magento_Search::search_terms was processed [] []
[2025-02-10T13:45:51.333219+00:00] main.DEBUG: Add of item with id Magento_Search::search_synonyms was processed [] []
[2025-02-10T13:45:51.333233+00:00] main.DEBUG: Add of item with id Magento_CatalogRule::promo was processed [] []
[2025-02-10T13:45:51.333253+00:00] main.DEBUG: Add of item with id Magento_CatalogRule::promo_catalog was processed [] []
[2025-02-10T13:45:51.333270+00:00] main.DEBUG: Add of item with id Magento_Sales::sales was processed [] []
[2025-02-10T13:45:51.333292+00:00] main.DEBUG: Add of item with id Magento_Sales::sales_operation was processed [] []
[2025-02-10T13:45:51.333314+00:00] main.DEBUG: Add of item with id Magento_Sales::sales_order was processed [] []
[2025-02-10T13:45:51.333330+00:00] main.DEBUG: Add of item with id Magento_Sales::sales_invoice was processed [] []
[2025-02-10T13:45:51.333344+00:00] main.DEBUG: Add of item with id Magento_Sales::sales_shipment was processed [] []
[2025-02-10T13:45:51.333357+00:00] main.DEBUG: Add of item with id Magento_Sales::sales_creditmemo was processed [] []
[2025-02-10T13:45:51.333370+00:00] main.DEBUG: Add of item with id Magento_Sales::sales_transactions was processed [] []
[2025-02-10T13:45:51.333382+00:00] main.DEBUG: Add of item with id Magento_Sales::system_order_statuses was processed [] []
[2025-02-10T13:45:51.333395+00:00] main.DEBUG: Add of item with id Magento_MediaGalleryUi::media was processed [] []
[2025-02-10T13:45:51.333415+00:00] main.DEBUG: Add of item with id Magento_MediaGalleryUi::media_gallery was processed [] []
[2025-02-10T13:45:51.333436+00:00] main.DEBUG: Add of item with id Magento_Downloadable::report_products_downloads was processed [] []
[2025-02-10T13:45:51.333452+00:00] main.DEBUG: Add of item with id Magento_UrlRewrite::urlrewrite was processed [] []
[2025-02-10T13:45:51.333466+00:00] main.DEBUG: Add of item with id Magento_Tax::sales_tax was processed [] []
[2025-02-10T13:45:51.333487+00:00] main.DEBUG: Add of item with id Magento_Tax::sales_tax_rules was processed [] []
[2025-02-10T13:45:51.333508+00:00] main.DEBUG: Add of item with id Magento_Tax::sales_tax_rates was processed [] []
[2025-02-10T13:45:51.333526+00:00] main.DEBUG: Add of item with id Magento_Widget::cms_widget_instance was processed [] []
[2025-02-10T13:45:51.333555+00:00] main.DEBUG: Add of item with id Magento_Analytics::business_intelligence was processed [] []
[2025-02-10T13:45:51.333579+00:00] main.DEBUG: Add of item with id Magento_Analytics::advanced_reporting was processed [] []
[2025-02-10T13:45:51.333600+00:00] main.DEBUG: Add of item with id Magento_Analytics::bi_essentials was processed [] []
[2025-02-10T13:45:51.333622+00:00] main.DEBUG: Add of item with id Magento_Newsletter::newsletter_template was processed [] []
[2025-02-10T13:45:51.333638+00:00] main.DEBUG: Add of item with id Magento_Newsletter::newsletter_queue was processed [] []
[2025-02-10T13:45:51.333652+00:00] main.DEBUG: Add of item with id Magento_Newsletter::newsletter_subscriber was processed [] []
[2025-02-10T13:45:51.333673+00:00] main.DEBUG: Add of item with id Magento_Newsletter::newsletter_problem was processed [] []
[2025-02-10T13:45:51.333696+00:00] main.DEBUG: Add of item with id Magento_ImportExport::system_convert_import was processed [] []
[2025-02-10T13:45:51.333712+00:00] main.DEBUG: Add of item with id Magento_ImportExport::system_convert_export was processed [] []
[2025-02-10T13:45:51.333726+00:00] main.DEBUG: Add of item with id Magento_ImportExport::system_convert_history was processed [] []
[2025-02-10T13:45:51.333740+00:00] main.DEBUG: Add of item with id Magento_Email::template was processed [] []
[2025-02-10T13:45:51.333753+00:00] main.DEBUG: Add of item with id Magento_EncryptionKey::system_crypt_key was processed [] []
[2025-02-10T13:45:51.333766+00:00] main.DEBUG: Add of item with id Magento_InventoryAdminUi::inventory was processed [] []
[2025-02-10T13:45:51.333787+00:00] main.DEBUG: Add of item with id Magento_InventoryAdminUi::source was processed [] []
[2025-02-10T13:45:51.333803+00:00] main.DEBUG: Add of item with id Magento_InventoryAdminUi::stock was processed [] []
[2025-02-10T13:45:51.333817+00:00] main.DEBUG: Add of item with id Magento_Reports::report was processed [] []
[2025-02-10T13:45:51.333831+00:00] main.DEBUG: Add of item with id Magento_Reports::report_marketing was processed [] []
[2025-02-10T13:45:51.333844+00:00] main.DEBUG: Add of item with id Magento_Reports::report_salesroot was processed [] []
[2025-02-10T13:45:51.333868+00:00] main.DEBUG: Add of item with id Magento_Reports::report_salesroot_sales was processed [] []
[2025-02-10T13:45:51.333884+00:00] main.DEBUG: Add of item with id Magento_Reports::report_salesroot_tax was processed [] []
[2025-02-10T13:45:51.333898+00:00] main.DEBUG: Add of item with id Magento_Reports::report_salesroot_invoiced was processed [] []
[2025-02-10T13:45:51.333911+00:00] main.DEBUG: Add of item with id Magento_Reports::report_salesroot_shipping was processed [] []
[2025-02-10T13:45:51.333924+00:00] main.DEBUG: Add of item with id Magento_Reports::report_salesroot_refunded was processed [] []
[2025-02-10T13:45:51.333937+00:00] main.DEBUG: Add of item with id Magento_Reports::report_salesroot_coupons was processed [] []
[2025-02-10T13:45:51.333949+00:00] main.DEBUG: Add of item with id Magento_Reports::report_shopcart_product was processed [] []
[2025-02-10T13:45:51.333961+00:00] main.DEBUG: Add of item with id Magento_Reports::report_shopcart_abandoned was processed [] []
[2025-02-10T13:45:51.333974+00:00] main.DEBUG: Add of item with id Magento_Reports::report_products was processed [] []
[2025-02-10T13:45:51.333986+00:00] main.DEBUG: Add of item with id Magento_Reports::report_products_bestsellers was processed [] []
[2025-02-10T13:45:51.333998+00:00] main.DEBUG: Add of item with id Magento_Reports::report_products_sold was processed [] []
[2025-02-10T13:45:51.334011+00:00] main.DEBUG: Add of item with id Magento_Reports::report_products_viewed was processed [] []
[2025-02-10T13:45:51.334023+00:00] main.DEBUG: Add of item with id Magento_Reports::report_products_lowstock was processed [] []
[2025-02-10T13:45:51.334035+00:00] main.DEBUG: Add of item with id Magento_Reports::report_customers was processed [] []
[2025-02-10T13:45:51.334055+00:00] main.DEBUG: Add of item with id Magento_Reports::report_customers_accounts was processed [] []
[2025-02-10T13:45:51.334071+00:00] main.DEBUG: Add of item with id Magento_Reports::report_customers_totals was processed [] []
[2025-02-10T13:45:51.334085+00:00] main.DEBUG: Add of item with id Magento_Reports::report_customers_orders was processed [] []
[2025-02-10T13:45:51.334098+00:00] main.DEBUG: Add of item with id Magento_Reports::report_statistics was processed [] []
[2025-02-10T13:45:51.334118+00:00] main.DEBUG: Add of item with id Magento_Reports::report_statistics_refresh was processed [] []
[2025-02-10T13:45:51.334133+00:00] main.DEBUG: Add of item with id Magento_Search::report_search_term was processed [] []
[2025-02-10T13:45:51.334147+00:00] main.DEBUG: Add of item with id Magento_LoginAsCustomerLog::login_log was processed [] []
[2025-02-10T13:45:51.334161+00:00] main.DEBUG: Add of item with id Magento_Marketplace::partners was processed [] []
[2025-02-10T13:45:51.334174+00:00] main.DEBUG: Add of item with id Magento_SalesRule::promo_quote was processed [] []
[2025-02-10T13:45:51.334187+00:00] main.DEBUG: Add of item with id Magento_Sitemap::catalog_sitemap was processed [] []
[2025-02-10T13:45:51.334200+00:00] main.DEBUG: Add of item with id Magento_PageBuilder::templates was processed [] []
[2025-02-10T13:45:51.334212+00:00] main.DEBUG: Add of item with id Magento_PaymentServicesDashboard::paymentservicesdashboard was processed [] []
[2025-02-10T13:45:51.334225+00:00] main.DEBUG: Add of item with id Magento_Paypal::report_salesroot_paypal_settlement_reports was processed [] []
[2025-02-10T13:45:51.334238+00:00] main.DEBUG: Add of item with id Magento_Paypal::paypal_billing_agreement was processed [] []
[2025-02-10T13:45:51.334250+00:00] main.DEBUG: Add of item with id Magento_Review::catalog_reviews_ratings_ratings was processed [] []
[2025-02-10T13:45:51.334270+00:00] main.DEBUG: Add of item with id Magento_Review::catalog_reviews_ratings_pending was processed [] []
[2025-02-10T13:45:51.334286+00:00] main.DEBUG: Add of item with id Magento_Review::catalog_reviews_ratings_reviews_all was processed [] []
[2025-02-10T13:45:51.334299+00:00] main.DEBUG: Add of item with id Magento_Review::report_review was processed [] []
[2025-02-10T13:45:51.334323+00:00] main.DEBUG: Add of item with id Magento_Review::report_review_customer was processed [] []
[2025-02-10T13:45:51.334338+00:00] main.DEBUG: Add of item with id Magento_Review::report_review_product was processed [] []
[2025-02-10T13:45:51.334352+00:00] main.DEBUG: Add of item with id Magento_ServicesId::configuration was processed [] []
[2025-02-10T13:45:51.334373+00:00] main.DEBUG: Add of item with id Magento_ServicesId::services_id was processed [] []
[2025-02-10T13:45:51.334388+00:00] main.DEBUG: Add of item with id Magento_CheckoutAgreements::sales_checkoutagreement was processed [] []
[2025-02-10T13:45:51.334402+00:00] main.DEBUG: Add of item with id Magento_TaxImportExport::system_convert_tax was processed [] []
[2025-02-10T13:45:51.334415+00:00] main.DEBUG: Add of item with id Magento_AsynchronousOperations::system_magento_logging was processed [] []
[2025-02-10T13:45:51.334436+00:00] main.DEBUG: Add of item with id Magento_AsynchronousOperations::system_magento_logging_bulk_operations was processed [] []
[2025-02-10T13:45:51.334451+00:00] main.DEBUG: Add of item with id Magento_CurrencySymbol::system_currency was processed [] []
[2025-02-10T13:45:51.334472+00:00] main.DEBUG: Add of item with id Magento_CurrencySymbol::system_currency_rates was processed [] []
[2025-02-10T13:45:51.334487+00:00] main.DEBUG: Add of item with id Magento_CurrencySymbol::system_currency_symbols was processed [] []
[2025-02-10T13:45:51.334501+00:00] main.DEBUG: Add of item with id Magebit_Faq::faq was processed [] []
[2025-02-10T13:45:51.334516+00:00] main.DEBUG: Add of item with id Magebit_GridRender::content_elements was processed [] []
[2025-02-10T13:45:51.334536+00:00] main.DEBUG: Add of item with id Magebit_GridRender::post was processed [] []
[2025-02-10T13:45:51.334552+00:00] main.DEBUG: Add of item with id PayPal_Braintree::settlement_report was processed [] []
[2025-02-10T13:45:51.334566+00:00] main.DEBUG: Add of item with id PayPal_Braintree::virtual_terminal was processed [] []
[2025-02-10T13:45:51.738337+00:00] main.DEBUG: cache_invalidate:  {"method":"GET","url":"http:/","invalidateInfo":{"identifier":"DB_PDO_MYSQL_DDL_cataloginventory_stock_status_1"}} []
[2025-02-10T13:45:51.738497+00:00] main.DEBUG: cache_invalidate:  {"method":"GET","url":"http:/","invalidateInfo":{"identifier":"DB_PDO_MYSQL_DDL_cataloginventory_stock_status_2"}} []
[2025-02-10T13:45:51.738571+00:00] main.DEBUG: cache_invalidate:  {"method":"GET","url":"http:/","invalidateInfo":{"identifier":"DB_PDO_MYSQL_DDL_cataloginventory_stock_status_3"}} []
[2025-02-10T13:45:51.738643+00:00] main.DEBUG: cache_invalidate:  {"method":"GET","url":"http:/","invalidateInfo":{"identifier":"DB_PDO_MYSQL_DDL_cataloginventory_stock_status_4"}} []
[2025-02-10T13:45:51.738704+00:00] main.DEBUG: cache_invalidate:  {"method":"GET","url":"http:/","invalidateInfo":{"identifier":"DB_PDO_MYSQL_DDL_cataloginventory_stock_status_5"}} []
[2025-02-10T13:45:51.738771+00:00] main.DEBUG: cache_invalidate:  {"method":"GET","url":"http:/","invalidateInfo":{"identifier":"DB_PDO_MYSQL_DDL_cataloginventory_stock_status_outdated_1"}} []
[2025-02-10T13:45:51.738838+00:00] main.DEBUG: cache_invalidate:  {"method":"GET","url":"http:/","invalidateInfo":{"identifier":"DB_PDO_MYSQL_DDL_cataloginventory_stock_status_outdated_2"}} []
[2025-02-10T13:45:51.738898+00:00] main.DEBUG: cache_invalidate:  {"method":"GET","url":"http:/","invalidateInfo":{"identifier":"DB_PDO_MYSQL_DDL_cataloginventory_stock_status_outdated_3"}} []
[2025-02-10T13:45:51.738958+00:00] main.DEBUG: cache_invalidate:  {"method":"GET","url":"http:/","invalidateInfo":{"identifier":"DB_PDO_MYSQL_DDL_cataloginventory_stock_status_outdated_4"}} []
[2025-02-10T13:45:51.739017+00:00] main.DEBUG: cache_invalidate:  {"method":"GET","url":"http:/","invalidateInfo":{"identifier":"DB_PDO_MYSQL_DDL_cataloginventory_stock_status_outdated_5"}} []
[2025-02-10T13:45:51.739077+00:00] main.DEBUG: cache_invalidate:  {"method":"GET","url":"http:/","invalidateInfo":{"identifier":"DB_PDO_MYSQL_DDL_cataloginventory_stock_status_replica_1"}} []
[2025-02-10T13:45:51.739150+00:00] main.DEBUG: cache_invalidate:  {"method":"GET","url":"http:/","invalidateInfo":{"identifier":"DB_PDO_MYSQL_DDL_cataloginventory_stock_status_replica_2"}} []
[2025-02-10T13:45:51.739211+00:00] main.DEBUG: cache_invalidate:  {"method":"GET","url":"http:/","invalidateInfo":{"identifier":"DB_PDO_MYSQL_DDL_cataloginventory_stock_status_replica_3"}} []
[2025-02-10T13:45:51.739269+00:00] main.DEBUG: cache_invalidate:  {"method":"GET","url":"http:/","invalidateInfo":{"identifier":"DB_PDO_MYSQL_DDL_cataloginventory_stock_status_replica_4"}} []
[2025-02-10T13:45:51.739767+00:00] main.DEBUG: cache_invalidate:  {"method":"GET","url":"http:/","invalidateInfo":{"identifier":"DB_PDO_MYSQL_DDL_cataloginventory_stock_status_replica_5"}} []
[2025-02-10T13:45:51.740050+00:00] main.DEBUG: cache_invalidate:  {"method":"GET","url":"http:/","invalidateInfo":{"tags":["cat_c","FPC"],"mode":"matchingTag"}} []
[2025-02-10T13:45:51.740135+00:00] main.DEBUG: cache_invalidate:  {"method":"GET","url":"http:/","invalidateInfo":{"tags":["cat_p","FPC"],"mode":"matchingTag"}} []
[2025-02-10T13:45:51.740211+00:00] main.DEBUG: cache_invalidate:  {"method":"GET","url":"http:/","invalidateInfo":{"tags":["cat_c","cat_p"],"mode":"matchingAnyTag"}} []
[2025-02-10T13:45:52.504852+00:00] main.DEBUG: cache_invalidate:  {"method":"GET","url":"http:/","invalidateInfo":{"identifier":"DB_PDO_MYSQL_DDL_catalog_product_index_price_temp_1"}} []
[2025-02-10T13:45:52.504956+00:00] main.DEBUG: cache_invalidate:  {"method":"GET","url":"http:/","invalidateInfo":{"identifier":"DB_PDO_MYSQL_DDL_catalog_product_index_price_temp_2"}} []
[2025-02-10T13:45:52.505014+00:00] main.DEBUG: cache_invalidate:  {"method":"GET","url":"http:/","invalidateInfo":{"identifier":"DB_PDO_MYSQL_DDL_catalog_product_index_price_temp_3"}} []
[2025-02-10T13:45:52.505056+00:00] main.DEBUG: cache_invalidate:  {"method":"GET","url":"http:/","invalidateInfo":{"identifier":"DB_PDO_MYSQL_DDL_catalog_product_index_price_temp_4"}} []
[2025-02-10T13:45:52.505096+00:00] main.DEBUG: cache_invalidate:  {"method":"GET","url":"http:/","invalidateInfo":{"identifier":"DB_PDO_MYSQL_DDL_catalog_product_index_price_temp_5"}} []
[2025-02-10T13:45:52.519495+00:00] main.DEBUG: cache_invalidate:  {"method":"GET","url":"http:/","invalidateInfo":{"identifier":"DB_PDO_MYSQL_DDL_catalog_product_index_price_temp_1"}} []
[2025-02-10T13:45:52.519608+00:00] main.DEBUG: cache_invalidate:  {"method":"GET","url":"http:/","invalidateInfo":{"identifier":"DB_PDO_MYSQL_DDL_catalog_product_index_price_temp_2"}} []
[2025-02-10T13:45:52.519659+00:00] main.DEBUG: cache_invalidate:  {"method":"GET","url":"http:/","invalidateInfo":{"identifier":"DB_PDO_MYSQL_DDL_catalog_product_index_price_temp_3"}} []
[2025-02-10T13:45:52.519701+00:00] main.DEBUG: cache_invalidate:  {"method":"GET","url":"http:/","invalidateInfo":{"identifier":"DB_PDO_MYSQL_DDL_catalog_product_index_price_temp_4"}} []
[2025-02-10T13:45:52.519750+00:00] main.DEBUG: cache_invalidate:  {"method":"GET","url":"http:/","invalidateInfo":{"identifier":"DB_PDO_MYSQL_DDL_catalog_product_index_price_temp_5"}} []
[2025-02-10T13:45:52.523439+00:00] main.WARNING: Memory size allocated for the temporary table is more than 20% of innodb_buffer_pool_size. Please update innodb_buffer_pool_size or decrease batch size value (which decreases memory usages for the temporary table). Current batch size: 3334; Allocated memory size: 50010000 bytes; InnoDB buffer pool size: 134217728 bytes. [] []
[2025-02-10T13:45:52.915342+00:00] main.DEBUG: cache_invalidate:  {"method":"GET","url":"http:/","invalidateInfo":{"identifier":"DB_PDO_MYSQL_DDL_catalog_product_index_price_temp_1"}} []
[2025-02-10T13:45:52.915443+00:00] main.DEBUG: cache_invalidate:  {"method":"GET","url":"http:/","invalidateInfo":{"identifier":"DB_PDO_MYSQL_DDL_catalog_product_index_price_temp_2"}} []
[2025-02-10T13:45:52.915487+00:00] main.DEBUG: cache_invalidate:  {"method":"GET","url":"http:/","invalidateInfo":{"identifier":"DB_PDO_MYSQL_DDL_catalog_product_index_price_temp_3"}} []
[2025-02-10T13:45:52.915535+00:00] main.DEBUG: cache_invalidate:  {"method":"GET","url":"http:/","invalidateInfo":{"identifier":"DB_PDO_MYSQL_DDL_catalog_product_index_price_temp_4"}} []
[2025-02-10T13:45:52.915574+00:00] main.DEBUG: cache_invalidate:  {"method":"GET","url":"http:/","invalidateInfo":{"identifier":"DB_PDO_MYSQL_DDL_catalog_product_index_price_temp_5"}} []
[2025-02-10T13:45:52.943602+00:00] main.DEBUG: cache_invalidate:  {"method":"GET","url":"http:/","invalidateInfo":{"identifier":"DB_PDO_MYSQL_DDL_catalog_product_index_price_temp_1"}} []
[2025-02-10T13:45:52.943822+00:00] main.DEBUG: cache_invalidate:  {"method":"GET","url":"http:/","invalidateInfo":{"identifier":"DB_PDO_MYSQL_DDL_catalog_product_index_price_temp_2"}} []
[2025-02-10T13:45:52.943944+00:00] main.DEBUG: cache_invalidate:  {"method":"GET","url":"http:/","invalidateInfo":{"identifier":"DB_PDO_MYSQL_DDL_catalog_product_index_price_temp_3"}} []
[2025-02-10T13:45:52.944032+00:00] main.DEBUG: cache_invalidate:  {"method":"GET","url":"http:/","invalidateInfo":{"identifier":"DB_PDO_MYSQL_DDL_catalog_product_index_price_temp_4"}} []
[2025-02-10T13:45:52.944121+00:00] main.DEBUG: cache_invalidate:  {"method":"GET","url":"http:/","invalidateInfo":{"identifier":"DB_PDO_MYSQL_DDL_catalog_product_index_price_temp_5"}} []
[2025-02-10T13:45:52.959864+00:00] main.DEBUG: cache_invalidate:  {"method":"GET","url":"http:/","invalidateInfo":{"identifier":"DB_PDO_MYSQL_DDL_catalog_product_index_price_temp_1"}} []
[2025-02-10T13:45:52.959971+00:00] main.DEBUG: cache_invalidate:  {"method":"GET","url":"http:/","invalidateInfo":{"identifier":"DB_PDO_MYSQL_DDL_catalog_product_index_price_temp_2"}} []
[2025-02-10T13:45:52.960020+00:00] main.DEBUG: cache_invalidate:  {"method":"GET","url":"http:/","invalidateInfo":{"identifier":"DB_PDO_MYSQL_DDL_catalog_product_index_price_temp_3"}} []
[2025-02-10T13:45:52.960063+00:00] main.DEBUG: cache_invalidate:  {"method":"GET","url":"http:/","invalidateInfo":{"identifier":"DB_PDO_MYSQL_DDL_catalog_product_index_price_temp_4"}} []
[2025-02-10T13:45:52.960105+00:00] main.DEBUG: cache_invalidate:  {"method":"GET","url":"http:/","invalidateInfo":{"identifier":"DB_PDO_MYSQL_DDL_catalog_product_index_price_temp_5"}} []
[2025-02-10T13:45:53.029904+00:00] main.DEBUG: cache_invalidate:  {"method":"GET","url":"http:/","invalidateInfo":{"identifier":"DB_PDO_MYSQL_DDL_catalog_product_index_price_1"}} []
[2025-02-10T13:45:53.030132+00:00] main.DEBUG: cache_invalidate:  {"method":"GET","url":"http:/","invalidateInfo":{"identifier":"DB_PDO_MYSQL_DDL_catalog_product_index_price_2"}} []
[2025-02-10T13:45:53.030263+00:00] main.DEBUG: cache_invalidate:  {"method":"GET","url":"http:/","invalidateInfo":{"identifier":"DB_PDO_MYSQL_DDL_catalog_product_index_price_3"}} []
[2025-02-10T13:45:53.030362+00:00] main.DEBUG: cache_invalidate:  {"method":"GET","url":"http:/","invalidateInfo":{"identifier":"DB_PDO_MYSQL_DDL_catalog_product_index_price_4"}} []
[2025-02-10T13:45:53.030450+00:00] main.DEBUG: cache_invalidate:  {"method":"GET","url":"http:/","invalidateInfo":{"identifier":"DB_PDO_MYSQL_DDL_catalog_product_index_price_5"}} []
[2025-02-10T13:45:53.030546+00:00] main.DEBUG: cache_invalidate:  {"method":"GET","url":"http:/","invalidateInfo":{"identifier":"DB_PDO_MYSQL_DDL_catalog_product_index_price_outdated_1"}} []
[2025-02-10T13:45:53.030644+00:00] main.DEBUG: cache_invalidate:  {"method":"GET","url":"http:/","invalidateInfo":{"identifier":"DB_PDO_MYSQL_DDL_catalog_product_index_price_outdated_2"}} []
[2025-02-10T13:45:53.030734+00:00] main.DEBUG: cache_invalidate:  {"method":"GET","url":"http:/","invalidateInfo":{"identifier":"DB_PDO_MYSQL_DDL_catalog_product_index_price_outdated_3"}} []
[2025-02-10T13:45:53.030819+00:00] main.DEBUG: cache_invalidate:  {"method":"GET","url":"http:/","invalidateInfo":{"identifier":"DB_PDO_MYSQL_DDL_catalog_product_index_price_outdated_4"}} []
[2025-02-10T13:45:53.030908+00:00] main.DEBUG: cache_invalidate:  {"method":"GET","url":"http:/","invalidateInfo":{"identifier":"DB_PDO_MYSQL_DDL_catalog_product_index_price_outdated_5"}} []
[2025-02-10T13:45:53.031512+00:00] main.DEBUG: cache_invalidate:  {"method":"GET","url":"http:/","invalidateInfo":{"identifier":"DB_PDO_MYSQL_DDL_catalog_product_index_price_replica_1"}} []
[2025-02-10T13:45:53.031626+00:00] main.DEBUG: cache_invalidate:  {"method":"GET","url":"http:/","invalidateInfo":{"identifier":"DB_PDO_MYSQL_DDL_catalog_product_index_price_replica_2"}} []
[2025-02-10T13:45:53.031710+00:00] main.DEBUG: cache_invalidate:  {"method":"GET","url":"http:/","invalidateInfo":{"identifier":"DB_PDO_MYSQL_DDL_catalog_product_index_price_replica_3"}} []
[2025-02-10T13:45:53.031797+00:00] main.DEBUG: cache_invalidate:  {"method":"GET","url":"http:/","invalidateInfo":{"identifier":"DB_PDO_MYSQL_DDL_catalog_product_index_price_replica_4"}} []
[2025-02-10T13:45:53.032213+00:00] main.DEBUG: cache_invalidate:  {"method":"GET","url":"http:/","invalidateInfo":{"identifier":"DB_PDO_MYSQL_DDL_catalog_product_index_price_replica_5"}} []
[2025-02-10T13:45:53.032492+00:00] main.DEBUG: cache_invalidate:  {"method":"GET","url":"http:/","invalidateInfo":{"tags":["cat_c","FPC"],"mode":"matchingTag"}} []
[2025-02-10T13:45:53.032603+00:00] main.DEBUG: cache_invalidate:  {"method":"GET","url":"http:/","invalidateInfo":{"tags":["cat_p","FPC"],"mode":"matchingTag"}} []
[2025-02-10T13:45:53.032732+00:00] main.DEBUG: cache_invalidate:  {"method":"GET","url":"http:/","invalidateInfo":{"tags":["cat_c","cat_p"],"mode":"matchingAnyTag"}} []
[2025-02-10T13:45:54.535361+00:00] main.DEBUG: cache_invalidate:  {"method":"GET","url":"http:/","invalidateInfo":{"tags":["cat_c_2","FPC"],"mode":"matchingTag"}} []
[2025-02-10T13:45:54.535504+00:00] main.DEBUG: cache_invalidate:  {"method":"GET","url":"http:/","invalidateInfo":{"tags":["cat_c_12","FPC"],"mode":"matchingTag"}} []
[2025-02-10T13:45:54.535568+00:00] main.DEBUG: cache_invalidate:  {"method":"GET","url":"http:/","invalidateInfo":{"tags":["cat_c_13","FPC"],"mode":"matchingTag"}} []
[2025-02-10T13:45:54.535633+00:00] main.DEBUG: cache_invalidate:  {"method":"GET","url":"http:/","invalidateInfo":{"tags":["cat_c_16","FPC"],"mode":"matchingTag"}} []
[2025-02-10T13:45:54.535690+00:00] main.DEBUG: cache_invalidate:  {"method":"GET","url":"http:/","invalidateInfo":{"tags":["cat_c_17","FPC"],"mode":"matchingTag"}} []
[2025-02-10T13:45:54.535747+00:00] main.DEBUG: cache_invalidate:  {"method":"GET","url":"http:/","invalidateInfo":{"tags":["cat_c_14","FPC"],"mode":"matchingTag"}} []
[2025-02-10T13:45:54.535803+00:00] main.DEBUG: cache_invalidate:  {"method":"GET","url":"http:/","invalidateInfo":{"tags":["cat_c_15","FPC"],"mode":"matchingTag"}} []
[2025-02-10T13:45:54.535859+00:00] main.DEBUG: cache_invalidate:  {"method":"GET","url":"http:/","invalidateInfo":{"tags":["cat_c_21","FPC"],"mode":"matchingTag"}} []
[2025-02-10T13:45:54.535915+00:00] main.DEBUG: cache_invalidate:  {"method":"GET","url":"http:/","invalidateInfo":{"tags":["cat_c_24","FPC"],"mode":"matchingTag"}} []
[2025-02-10T13:45:54.535972+00:00] main.DEBUG: cache_invalidate:  {"method":"GET","url":"http:/","invalidateInfo":{"tags":["cat_c_45","FPC"],"mode":"matchingTag"}} []
[2025-02-10T13:45:54.536029+00:00] main.DEBUG: cache_invalidate:  {"method":"GET","url":"http:/","invalidateInfo":{"tags":["cat_c_23","FPC"],"mode":"matchingTag"}} []
[2025-02-10T13:45:54.536084+00:00] main.DEBUG: cache_invalidate:  {"method":"GET","url":"http:/","invalidateInfo":{"tags":["cat_c_25","FPC"],"mode":"matchingTag"}} []
[2025-02-10T13:45:54.536140+00:00] main.DEBUG: cache_invalidate:  {"method":"GET","url":"http:/","invalidateInfo":{"tags":["cat_c_26","FPC"],"mode":"matchingTag"}} []
[2025-02-10T13:45:54.536196+00:00] main.DEBUG: cache_invalidate:  {"method":"GET","url":"http:/","invalidateInfo":{"tags":["cat_c_22","FPC"],"mode":"matchingTag"}} []
[2025-02-10T13:45:54.536251+00:00] main.DEBUG: cache_invalidate:  {"method":"GET","url":"http:/","invalidateInfo":{"tags":["cat_c_27","FPC"],"mode":"matchingTag"}} []
[2025-02-10T13:45:54.536307+00:00] main.DEBUG: cache_invalidate:  {"method":"GET","url":"http:/","invalidateInfo":{"tags":["cat_c_41","FPC"],"mode":"matchingTag"}} []
[2025-02-10T13:45:54.536378+00:00] main.DEBUG: cache_invalidate:  {"method":"GET","url":"http:/","invalidateInfo":{"tags":["cat_c_44","FPC"],"mode":"matchingTag"}} []
[2025-02-10T13:45:54.536434+00:00] main.DEBUG: cache_invalidate:  {"method":"GET","url":"http:/","invalidateInfo":{"tags":["cat_c_43","FPC"],"mode":"matchingTag"}} []
[2025-02-10T13:45:54.536490+00:00] main.DEBUG: cache_invalidate:  {"method":"GET","url":"http:/","invalidateInfo":{"tags":["cat_c_28","FPC"],"mode":"matchingTag"}} []
[2025-02-10T13:45:54.536545+00:00] main.DEBUG: cache_invalidate:  {"method":"GET","url":"http:/","invalidateInfo":{"tags":["cat_c_40","FPC"],"mode":"matchingTag"}} []
[2025-02-10T13:45:54.536604+00:00] main.DEBUG: cache_invalidate:  {"method":"GET","url":"http:/","invalidateInfo":{"tags":["cat_c_30","FPC"],"mode":"matchingTag"}} []
[2025-02-10T13:45:54.536662+00:00] main.DEBUG: cache_invalidate:  {"method":"GET","url":"http:/","invalidateInfo":{"tags":["cat_c_33","FPC"],"mode":"matchingTag"}} []
[2025-02-10T13:45:54.536718+00:00] main.DEBUG: cache_invalidate:  {"method":"GET","url":"http:/","invalidateInfo":{"tags":["cat_c_39","FPC"],"mode":"matchingTag"}} []
[2025-02-10T13:45:54.536772+00:00] main.DEBUG: cache_invalidate:  {"method":"GET","url":"http:/","invalidateInfo":{"tags":["cat_c_32","FPC"],"mode":"matchingTag"}} []
[2025-02-10T13:45:54.536828+00:00] main.DEBUG: cache_invalidate:  {"method":"GET","url":"http:/","invalidateInfo":{"tags":["cat_c_34","FPC"],"mode":"matchingTag"}} []
[2025-02-10T13:45:54.536886+00:00] main.DEBUG: cache_invalidate:  {"method":"GET","url":"http:/","invalidateInfo":{"tags":["cat_c_42","FPC"],"mode":"matchingTag"}} []
[2025-02-10T13:45:54.536943+00:00] main.DEBUG: cache_invalidate:  {"method":"GET","url":"http:/","invalidateInfo":{"tags":["cat_c_35","FPC"],"mode":"matchingTag"}} []
[2025-02-10T13:45:54.537000+00:00] main.DEBUG: cache_invalidate:  {"method":"GET","url":"http:/","invalidateInfo":{"tags":["cat_c_31","FPC"],"mode":"matchingTag"}} []
[2025-02-10T13:45:54.537056+00:00] main.DEBUG: cache_invalidate:  {"method":"GET","url":"http:/","invalidateInfo":{"tags":["cat_c_36","FPC"],"mode":"matchingTag"}} []
[2025-02-10T13:45:54.537113+00:00] main.DEBUG: cache_invalidate:  {"method":"GET","url":"http:/","invalidateInfo":{"tags":["cat_c_37","FPC"],"mode":"matchingTag"}} []
[2025-02-10T13:45:54.537364+00:00] main.DEBUG: cache_invalidate:  {"method":"GET","url":"http:/","invalidateInfo":{"tags":["cat_c_2","cat_c_12","cat_c_13","cat_c_16","cat_c_17","cat_c_14","cat_c_15","cat_c_21","cat_c_24","cat_c_45","cat_c_23","cat_c_25","cat_c_26","cat_c_22","cat_c_27","cat_c_41","cat_c_44","cat_c_43","cat_c_28","cat_c_40","cat_c_30","cat_c_33","cat_c_39","cat_c_32","cat_c_34","cat_c_42","cat_c_35","cat_c_31","cat_c_36","cat_c_37"],"mode":"matchingAnyTag"}} []
[2025-02-10T13:45:54.568375+00:00] main.INFO: {"feed":"salesOrders","operation":"full reindex(legacy)","status":"Initialize","elapsed":"125 ms","pid":"52760","caller":"bin\/magento setup:upgrade"} [] []
[2025-02-10T13:45:54.637356+00:00] main.DEBUG: cache_invalidate:  {"method":"GET","url":"http:/","invalidateInfo":{"identifier":"DB_PDO_MYSQL_DDL_sales_data_exporter_orders_index_sequence_1"}} []
[2025-02-10T13:45:54.637459+00:00] main.DEBUG: cache_invalidate:  {"method":"GET","url":"http:/","invalidateInfo":{"identifier":"DB_PDO_MYSQL_DDL_sales_data_exporter_orders_index_sequence_2"}} []
[2025-02-10T13:45:54.637507+00:00] main.DEBUG: cache_invalidate:  {"method":"GET","url":"http:/","invalidateInfo":{"identifier":"DB_PDO_MYSQL_DDL_sales_data_exporter_orders_index_sequence_3"}} []
[2025-02-10T13:45:54.637550+00:00] main.DEBUG: cache_invalidate:  {"method":"GET","url":"http:/","invalidateInfo":{"identifier":"DB_PDO_MYSQL_DDL_sales_data_exporter_orders_index_sequence_4"}} []
[2025-02-10T13:45:54.637598+00:00] main.DEBUG: cache_invalidate:  {"method":"GET","url":"http:/","invalidateInfo":{"identifier":"DB_PDO_MYSQL_DDL_sales_data_exporter_orders_index_sequence_5"}} []
[2025-02-10T13:45:54.687184+00:00] main.DEBUG: cache_invalidate:  {"method":"GET","url":"http:/","invalidateInfo":{"identifier":"DB_PDO_MYSQL_DDL_sales_data_exporter_orders_index_sequence_1"}} []
[2025-02-10T13:45:54.687284+00:00] main.DEBUG: cache_invalidate:  {"method":"GET","url":"http:/","invalidateInfo":{"identifier":"DB_PDO_MYSQL_DDL_sales_data_exporter_orders_index_sequence_2"}} []
[2025-02-10T13:45:54.687329+00:00] main.DEBUG: cache_invalidate:  {"method":"GET","url":"http:/","invalidateInfo":{"identifier":"DB_PDO_MYSQL_DDL_sales_data_exporter_orders_index_sequence_3"}} []
[2025-02-10T13:45:54.687370+00:00] main.DEBUG: cache_invalidate:  {"method":"GET","url":"http:/","invalidateInfo":{"identifier":"DB_PDO_MYSQL_DDL_sales_data_exporter_orders_index_sequence_4"}} []
[2025-02-10T13:45:54.687413+00:00] main.DEBUG: cache_invalidate:  {"method":"GET","url":"http:/","invalidateInfo":{"identifier":"DB_PDO_MYSQL_DDL_sales_data_exporter_orders_index_sequence_5"}} []
[2025-02-10T13:45:54.688382+00:00] main.INFO: {"feed":"salesOrders","operation":"full reindex(legacy)","status":"Creating batch table `sales_data_exporter_orders_index_batches`. Start position: 0","elapsed":"245 ms","pid":"52760","caller":"bin\/magento setup:upgrade"} [] []
[2025-02-10T13:45:54.713757+00:00] main.DEBUG: cache_invalidate:  {"method":"GET","url":"http:/","invalidateInfo":{"identifier":"DB_PDO_MYSQL_DDL_sales_data_exporter_orders_index_batches_1"}} []
[2025-02-10T13:45:54.713863+00:00] main.DEBUG: cache_invalidate:  {"method":"GET","url":"http:/","invalidateInfo":{"identifier":"DB_PDO_MYSQL_DDL_sales_data_exporter_orders_index_batches_2"}} []
[2025-02-10T13:45:54.713909+00:00] main.DEBUG: cache_invalidate:  {"method":"GET","url":"http:/","invalidateInfo":{"identifier":"DB_PDO_MYSQL_DDL_sales_data_exporter_orders_index_batches_3"}} []
[2025-02-10T13:45:54.713952+00:00] main.DEBUG: cache_invalidate:  {"method":"GET","url":"http:/","invalidateInfo":{"identifier":"DB_PDO_MYSQL_DDL_sales_data_exporter_orders_index_batches_4"}} []
[2025-02-10T13:45:54.714000+00:00] main.DEBUG: cache_invalidate:  {"method":"GET","url":"http:/","invalidateInfo":{"identifier":"DB_PDO_MYSQL_DDL_sales_data_exporter_orders_index_batches_5"}} []
[2025-02-10T13:45:54.763400+00:00] main.DEBUG: cache_invalidate:  {"method":"GET","url":"http:/","invalidateInfo":{"identifier":"DB_PDO_MYSQL_DDL_sales_data_exporter_orders_index_batches_1"}} []
[2025-02-10T13:45:54.763508+00:00] main.DEBUG: cache_invalidate:  {"method":"GET","url":"http:/","invalidateInfo":{"identifier":"DB_PDO_MYSQL_DDL_sales_data_exporter_orders_index_batches_2"}} []
[2025-02-10T13:45:54.763554+00:00] main.DEBUG: cache_invalidate:  {"method":"GET","url":"http:/","invalidateInfo":{"identifier":"DB_PDO_MYSQL_DDL_sales_data_exporter_orders_index_batches_3"}} []
[2025-02-10T13:45:54.763601+00:00] main.DEBUG: cache_invalidate:  {"method":"GET","url":"http:/","invalidateInfo":{"identifier":"DB_PDO_MYSQL_DDL_sales_data_exporter_orders_index_batches_4"}} []
[2025-02-10T13:45:54.763644+00:00] main.DEBUG: cache_invalidate:  {"method":"GET","url":"http:/","invalidateInfo":{"identifier":"DB_PDO_MYSQL_DDL_sales_data_exporter_orders_index_batches_5"}} []
[2025-02-10T13:45:54.764133+00:00] main.ERROR: {"feed":"salesOrders","operation":"full reindex(legacy)","status":"salesOrders feed: error occurred: SQLSTATE[42000]: Syntax error or access violation: 1064 You have an error in your SQL syntax; check the manual that corresponds to your MySQL server version for the right syntax to use near '(ORDER BY entity_id)\/100) + 0 AS `batch_number`, `t`.`entity_id` FROM (SELECT `f' at line 1, query was: INSERT INTO `sales_data_exporter_orders_index_batches` (`batch_number`, `entity_id`) SELECT CEILING(ROW_NUMBER() OVER (ORDER BY entity_id)\/100) + 0 AS `batch_number`, `t`.`entity_id` FROM (SELECT `f`.`id` AS `entity_id` FROM `sales_data_exporter_orders` AS `f`
 LEFT JOIN `sales_order` AS `s` ON f.id = s.entity_id WHERE (s.entity_id IS NULL) UNION SELECT `s`.`entity_id` FROM `sales_order` AS `s`) AS `t` WHERE (entity_id > 0) AND (entity_id <= 10000000)","elapsed":"321 ms","pid":"52760","caller":"bin\/magento setup:upgrade"} {"exception":"[object] (Zend_Db_Statement_Exception(code: 42000): SQLSTATE[42000]: Syntax error or access violation: 1064 You have an error in your SQL syntax; check the manual that corresponds to your MySQL server version for the right syntax to use near '(ORDER BY entity_id)/100) + 0 AS `batch_number`, `t`.`entity_id` FROM (SELECT `f' at line 1, query was: INSERT INTO `sales_data_exporter_orders_index_batches` (`batch_number`, `entity_id`) SELECT CEILING(ROW_NUMBER() OVER (ORDER BY entity_id)/100) + 0 AS `batch_number`, `t`.`entity_id` FROM (SELECT `f`.`id` AS `entity_id` FROM `sales_data_exporter_orders` AS `f`
 LEFT JOIN `sales_order` AS `s` ON f.id = s.entity_id WHERE (s.entity_id IS NULL) UNION SELECT `s`.`entity_id` FROM `sales_order` AS `s`) AS `t` WHERE (entity_id > 0) AND (entity_id <= 10000000) at /var/www/magento/public/vendor/magento/framework/DB/Statement/Pdo/Mysql.php:109)
[previous exception] [object] (PDOException(code: 42000): SQLSTATE[42000]: Syntax error or access violation: 1064 You have an error in your SQL syntax; check the manual that corresponds to your MySQL server version for the right syntax to use near '(ORDER BY entity_id)/100) + 0 AS `batch_number`, `t`.`entity_id` FROM (SELECT `f' at line 1 at /var/www/magento/public/vendor/magento/framework/DB/Statement/Pdo/Mysql.php:90)"} []
[2025-02-10T13:45:54.764326+00:00] main.ERROR: {"feed":"salesOrders","operation":"full reindex(legacy)","status":"Data Exporter exception has occurred: SQLSTATE[42000]: Syntax error or access violation: 1064 You have an error in your SQL syntax; check the manual that corresponds to your MySQL server version for the right syntax to use near '(ORDER BY entity_id)\/100) + 0 AS `batch_number`, `t`.`entity_id` FROM (SELECT `f' at line 1, query was: INSERT INTO `sales_data_exporter_orders_index_batches` (`batch_number`, `entity_id`) SELECT CEILING(ROW_NUMBER() OVER (ORDER BY entity_id)\/100) + 0 AS `batch_number`, `t`.`entity_id` FROM (SELECT `f`.`id` AS `entity_id` FROM `sales_data_exporter_orders` AS `f`
 LEFT JOIN `sales_order` AS `s` ON f.id = s.entity_id WHERE (s.entity_id IS NULL) UNION SELECT `s`.`entity_id` FROM `sales_order` AS `s`) AS `t` WHERE (entity_id > 0) AND (entity_id <= 10000000)","elapsed":"321 ms","pid":"52760","caller":"bin\/magento setup:upgrade"} {"exception":"[object] (Zend_Db_Statement_Exception(code: 42000): SQLSTATE[42000]: Syntax error or access violation: 1064 You have an error in your SQL syntax; check the manual that corresponds to your MySQL server version for the right syntax to use near '(ORDER BY entity_id)/100) + 0 AS `batch_number`, `t`.`entity_id` FROM (SELECT `f' at line 1, query was: INSERT INTO `sales_data_exporter_orders_index_batches` (`batch_number`, `entity_id`) SELECT CEILING(ROW_NUMBER() OVER (ORDER BY entity_id)/100) + 0 AS `batch_number`, `t`.`entity_id` FROM (SELECT `f`.`id` AS `entity_id` FROM `sales_data_exporter_orders` AS `f`
 LEFT JOIN `sales_order` AS `s` ON f.id = s.entity_id WHERE (s.entity_id IS NULL) UNION SELECT `s`.`entity_id` FROM `sales_order` AS `s`) AS `t` WHERE (entity_id > 0) AND (entity_id <= 10000000) at /var/www/magento/public/vendor/magento/framework/DB/Statement/Pdo/Mysql.php:109)
[previous exception] [object] (PDOException(code: 42000): SQLSTATE[42000]: Syntax error or access violation: 1064 You have an error in your SQL syntax; check the manual that corresponds to your MySQL server version for the right syntax to use near '(ORDER BY entity_id)/100) + 0 AS `batch_number`, `t`.`entity_id` FROM (SELECT `f' at line 1 at /var/www/magento/public/vendor/magento/framework/DB/Statement/Pdo/Mysql.php:90)"} []
[2025-02-10T13:45:54.764655+00:00] main.INFO: {"feed":"salesOrders","operation":"full reindex(legacy)","status":"Complete","elapsed":"322 ms","pid":"52760","caller":"bin\/magento setup:upgrade"} [] []
[2025-02-10T13:45:54.794568+00:00] main.INFO: {"feed":"salesOrderStatuses","operation":"full reindex(legacy)","status":"Initialize","elapsed":"578 ms","pid":"52760","caller":"bin\/magento setup:upgrade"} [] []
[2025-02-10T13:45:54.864713+00:00] main.DEBUG: cache_invalidate:  {"method":"GET","url":"http:/","invalidateInfo":{"identifier":"DB_PDO_MYSQL_DDL_sales_data_exporter_order_statuses_index_sequence_1"}} []
[2025-02-10T13:45:54.864821+00:00] main.DEBUG: cache_invalidate:  {"method":"GET","url":"http:/","invalidateInfo":{"identifier":"DB_PDO_MYSQL_DDL_sales_data_exporter_order_statuses_index_sequence_2"}} []
[2025-02-10T13:45:54.864871+00:00] main.DEBUG: cache_invalidate:  {"method":"GET","url":"http:/","invalidateInfo":{"identifier":"DB_PDO_MYSQL_DDL_sales_data_exporter_order_statuses_index_sequence_3"}} []
[2025-02-10T13:45:54.864916+00:00] main.DEBUG: cache_invalidate:  {"method":"GET","url":"http:/","invalidateInfo":{"identifier":"DB_PDO_MYSQL_DDL_sales_data_exporter_order_statuses_index_sequence_4"}} []
[2025-02-10T13:45:54.864960+00:00] main.DEBUG: cache_invalidate:  {"method":"GET","url":"http:/","invalidateInfo":{"identifier":"DB_PDO_MYSQL_DDL_sales_data_exporter_order_statuses_index_sequence_5"}} []
[2025-02-10T13:45:54.908470+00:00] main.DEBUG: cache_invalidate:  {"method":"GET","url":"http:/","invalidateInfo":{"identifier":"DB_PDO_MYSQL_DDL_sales_data_exporter_order_statuses_index_sequence_1"}} []
[2025-02-10T13:45:54.908581+00:00] main.DEBUG: cache_invalidate:  {"method":"GET","url":"http:/","invalidateInfo":{"identifier":"DB_PDO_MYSQL_DDL_sales_data_exporter_order_statuses_index_sequence_2"}} []
[2025-02-10T13:45:54.908639+00:00] main.DEBUG: cache_invalidate:  {"method":"GET","url":"http:/","invalidateInfo":{"identifier":"DB_PDO_MYSQL_DDL_sales_data_exporter_order_statuses_index_sequence_3"}} []
[2025-02-10T13:45:54.908681+00:00] main.DEBUG: cache_invalidate:  {"method":"GET","url":"http:/","invalidateInfo":{"identifier":"DB_PDO_MYSQL_DDL_sales_data_exporter_order_statuses_index_sequence_4"}} []
[2025-02-10T13:45:54.908724+00:00] main.DEBUG: cache_invalidate:  {"method":"GET","url":"http:/","invalidateInfo":{"identifier":"DB_PDO_MYSQL_DDL_sales_data_exporter_order_statuses_index_sequence_5"}} []
[2025-02-10T13:45:54.909165+00:00] main.INFO: {"feed":"salesOrderStatuses","operation":"full reindex(legacy)","status":"Creating batch table `sales_data_exporter_order_statuses_index_batches`. Start position: ","elapsed":"693 ms","pid":"52760","caller":"bin\/magento setup:upgrade"} [] []
[2025-02-10T13:45:54.934698+00:00] main.DEBUG: cache_invalidate:  {"method":"GET","url":"http:/","invalidateInfo":{"identifier":"DB_PDO_MYSQL_DDL_sales_data_exporter_order_statuses_index_batches_1"}} []
[2025-02-10T13:45:54.934823+00:00] main.DEBUG: cache_invalidate:  {"method":"GET","url":"http:/","invalidateInfo":{"identifier":"DB_PDO_MYSQL_DDL_sales_data_exporter_order_statuses_index_batches_2"}} []
[2025-02-10T13:45:54.934874+00:00] main.DEBUG: cache_invalidate:  {"method":"GET","url":"http:/","invalidateInfo":{"identifier":"DB_PDO_MYSQL_DDL_sales_data_exporter_order_statuses_index_batches_3"}} []
[2025-02-10T13:45:54.934919+00:00] main.DEBUG: cache_invalidate:  {"method":"GET","url":"http:/","invalidateInfo":{"identifier":"DB_PDO_MYSQL_DDL_sales_data_exporter_order_statuses_index_batches_4"}} []
[2025-02-10T13:45:54.934963+00:00] main.DEBUG: cache_invalidate:  {"method":"GET","url":"http:/","invalidateInfo":{"identifier":"DB_PDO_MYSQL_DDL_sales_data_exporter_order_statuses_index_batches_5"}} []
[2025-02-10T13:45:54.978925+00:00] main.DEBUG: cache_invalidate:  {"method":"GET","url":"http:/","invalidateInfo":{"identifier":"DB_PDO_MYSQL_DDL_sales_data_exporter_order_statuses_index_batches_1"}} []
[2025-02-10T13:45:54.979032+00:00] main.DEBUG: cache_invalidate:  {"method":"GET","url":"http:/","invalidateInfo":{"identifier":"DB_PDO_MYSQL_DDL_sales_data_exporter_order_statuses_index_batches_2"}} []
[2025-02-10T13:45:54.979080+00:00] main.DEBUG: cache_invalidate:  {"method":"GET","url":"http:/","invalidateInfo":{"identifier":"DB_PDO_MYSQL_DDL_sales_data_exporter_order_statuses_index_batches_3"}} []
[2025-02-10T13:45:54.979122+00:00] main.DEBUG: cache_invalidate:  {"method":"GET","url":"http:/","invalidateInfo":{"identifier":"DB_PDO_MYSQL_DDL_sales_data_exporter_order_statuses_index_batches_4"}} []
[2025-02-10T13:45:54.979172+00:00] main.DEBUG: cache_invalidate:  {"method":"GET","url":"http:/","invalidateInfo":{"identifier":"DB_PDO_MYSQL_DDL_sales_data_exporter_order_statuses_index_batches_5"}} []
[2025-02-10T13:45:54.979483+00:00] main.ERROR: {"feed":"salesOrderStatuses","operation":"full reindex(legacy)","status":"salesOrderStatuses feed: error occurred: SQLSTATE[42000]: Syntax error or access violation: 1064 You have an error in your SQL syntax; check the manual that corresponds to your MySQL server version for the right syntax to use near '(ORDER BY status)\/100) + 0 AS `batch_number`, `t`.`status` FROM (SELECT `f`.`sta' at line 1, query was: INSERT INTO `sales_data_exporter_order_statuses_index_batches` (`batch_number`, `status`) SELECT CEILING(ROW_NUMBER() OVER (ORDER BY status)\/100) + 0 AS `batch_number`, `t`.`status` FROM (SELECT `f`.`status` FROM `sales_data_exporter_order_statuses` AS `f`
 LEFT JOIN `sales_order_status` AS `s` ON f.status = s.status WHERE (s.status IS NULL) UNION SELECT `s`.`status` FROM `sales_order_status` AS `s`) AS `t`","elapsed":"763 ms","pid":"52760","caller":"bin\/magento setup:upgrade"} {"exception":"[object] (Zend_Db_Statement_Exception(code: 42000): SQLSTATE[42000]: Syntax error or access violation: 1064 You have an error in your SQL syntax; check the manual that corresponds to your MySQL server version for the right syntax to use near '(ORDER BY status)/100) + 0 AS `batch_number`, `t`.`status` FROM (SELECT `f`.`sta' at line 1, query was: INSERT INTO `sales_data_exporter_order_statuses_index_batches` (`batch_number`, `status`) SELECT CEILING(ROW_NUMBER() OVER (ORDER BY status)/100) + 0 AS `batch_number`, `t`.`status` FROM (SELECT `f`.`status` FROM `sales_data_exporter_order_statuses` AS `f`
 LEFT JOIN `sales_order_status` AS `s` ON f.status = s.status WHERE (s.status IS NULL) UNION SELECT `s`.`status` FROM `sales_order_status` AS `s`) AS `t` at /var/www/magento/public/vendor/magento/framework/DB/Statement/Pdo/Mysql.php:109)
[previous exception] [object] (PDOException(code: 42000): SQLSTATE[42000]: Syntax error or access violation: 1064 You have an error in your SQL syntax; check the manual that corresponds to your MySQL server version for the right syntax to use near '(ORDER BY status)/100) + 0 AS `batch_number`, `t`.`status` FROM (SELECT `f`.`sta' at line 1 at /var/www/magento/public/vendor/magento/framework/DB/Statement/Pdo/Mysql.php:90)"} []
[2025-02-10T13:45:54.979663+00:00] main.ERROR: {"feed":"salesOrderStatuses","operation":"full reindex(legacy)","status":"Data Exporter exception has occurred: SQLSTATE[42000]: Syntax error or access violation: 1064 You have an error in your SQL syntax; check the manual that corresponds to your MySQL server version for the right syntax to use near '(ORDER BY status)\/100) + 0 AS `batch_number`, `t`.`status` FROM (SELECT `f`.`sta' at line 1, query was: INSERT INTO `sales_data_exporter_order_statuses_index_batches` (`batch_number`, `status`) SELECT CEILING(ROW_NUMBER() OVER (ORDER BY status)\/100) + 0 AS `batch_number`, `t`.`status` FROM (SELECT `f`.`status` FROM `sales_data_exporter_order_statuses` AS `f`
 LEFT JOIN `sales_order_status` AS `s` ON f.status = s.status WHERE (s.status IS NULL) UNION SELECT `s`.`status` FROM `sales_order_status` AS `s`) AS `t`","elapsed":"763 ms","pid":"52760","caller":"bin\/magento setup:upgrade"} {"exception":"[object] (Zend_Db_Statement_Exception(code: 42000): SQLSTATE[42000]: Syntax error or access violation: 1064 You have an error in your SQL syntax; check the manual that corresponds to your MySQL server version for the right syntax to use near '(ORDER BY status)/100) + 0 AS `batch_number`, `t`.`status` FROM (SELECT `f`.`sta' at line 1, query was: INSERT INTO `sales_data_exporter_order_statuses_index_batches` (`batch_number`, `status`) SELECT CEILING(ROW_NUMBER() OVER (ORDER BY status)/100) + 0 AS `batch_number`, `t`.`status` FROM (SELECT `f`.`status` FROM `sales_data_exporter_order_statuses` AS `f`
 LEFT JOIN `sales_order_status` AS `s` ON f.status = s.status WHERE (s.status IS NULL) UNION SELECT `s`.`status` FROM `sales_order_status` AS `s`) AS `t` at /var/www/magento/public/vendor/magento/framework/DB/Statement/Pdo/Mysql.php:109)
[previous exception] [object] (PDOException(code: 42000): SQLSTATE[42000]: Syntax error or access violation: 1064 You have an error in your SQL syntax; check the manual that corresponds to your MySQL server version for the right syntax to use near '(ORDER BY status)/100) + 0 AS `batch_number`, `t`.`status` FROM (SELECT `f`.`sta' at line 1 at /var/www/magento/public/vendor/magento/framework/DB/Statement/Pdo/Mysql.php:90)"} []
[2025-02-10T13:45:54.979946+00:00] main.INFO: {"feed":"salesOrderStatuses","operation":"full reindex(legacy)","status":"Complete","elapsed":"763 ms","pid":"52760","caller":"bin\/magento setup:upgrade"} [] []
[2025-02-10T13:45:55.009484+00:00] main.INFO: {"feed":"stores","operation":"full reindex(legacy)","status":"Initialize","elapsed":"00:00:00 8 ms","pid":"52760","caller":"bin\/magento setup:upgrade"} [] []
[2025-02-10T13:45:55.088176+00:00] main.DEBUG: cache_invalidate:  {"method":"GET","url":"http:/","invalidateInfo":{"identifier":"DB_PDO_MYSQL_DDL_stores_data_exporter_index_sequence_1"}} []
[2025-02-10T13:45:55.088421+00:00] main.DEBUG: cache_invalidate:  {"method":"GET","url":"http:/","invalidateInfo":{"identifier":"DB_PDO_MYSQL_DDL_stores_data_exporter_index_sequence_2"}} []
[2025-02-10T13:45:55.088554+00:00] main.DEBUG: cache_invalidate:  {"method":"GET","url":"http:/","invalidateInfo":{"identifier":"DB_PDO_MYSQL_DDL_stores_data_exporter_index_sequence_3"}} []
[2025-02-10T13:45:55.088677+00:00] main.DEBUG: cache_invalidate:  {"method":"GET","url":"http:/","invalidateInfo":{"identifier":"DB_PDO_MYSQL_DDL_stores_data_exporter_index_sequence_4"}} []
[2025-02-10T13:45:55.088778+00:00] main.DEBUG: cache_invalidate:  {"method":"GET","url":"http:/","invalidateInfo":{"identifier":"DB_PDO_MYSQL_DDL_stores_data_exporter_index_sequence_5"}} []
[2025-02-10T13:45:55.138678+00:00] main.DEBUG: cache_invalidate:  {"method":"GET","url":"http:/","invalidateInfo":{"identifier":"DB_PDO_MYSQL_DDL_stores_data_exporter_index_sequence_1"}} []
[2025-02-10T13:45:55.138898+00:00] main.DEBUG: cache_invalidate:  {"method":"GET","url":"http:/","invalidateInfo":{"identifier":"DB_PDO_MYSQL_DDL_stores_data_exporter_index_sequence_2"}} []
[2025-02-10T13:45:55.139010+00:00] main.DEBUG: cache_invalidate:  {"method":"GET","url":"http:/","invalidateInfo":{"identifier":"DB_PDO_MYSQL_DDL_stores_data_exporter_index_sequence_3"}} []
[2025-02-10T13:45:55.139097+00:00] main.DEBUG: cache_invalidate:  {"method":"GET","url":"http:/","invalidateInfo":{"identifier":"DB_PDO_MYSQL_DDL_stores_data_exporter_index_sequence_4"}} []
[2025-02-10T13:45:55.139182+00:00] main.DEBUG: cache_invalidate:  {"method":"GET","url":"http:/","invalidateInfo":{"identifier":"DB_PDO_MYSQL_DDL_stores_data_exporter_index_sequence_5"}} []
[2025-02-10T13:45:55.140227+00:00] main.INFO: {"feed":"stores","operation":"full reindex(legacy)","status":"Creating batch table `stores_data_exporter_index_batches`. Start position: 0","elapsed":"00:00:00 138 ms","pid":"52760","caller":"bin\/magento setup:upgrade"} [] []
[2025-02-10T13:45:55.165974+00:00] main.DEBUG: cache_invalidate:  {"method":"GET","url":"http:/","invalidateInfo":{"identifier":"DB_PDO_MYSQL_DDL_stores_data_exporter_index_batches_1"}} []
[2025-02-10T13:45:55.166216+00:00] main.DEBUG: cache_invalidate:  {"method":"GET","url":"http:/","invalidateInfo":{"identifier":"DB_PDO_MYSQL_DDL_stores_data_exporter_index_batches_2"}} []
[2025-02-10T13:45:55.166337+00:00] main.DEBUG: cache_invalidate:  {"method":"GET","url":"http:/","invalidateInfo":{"identifier":"DB_PDO_MYSQL_DDL_stores_data_exporter_index_batches_3"}} []
[2025-02-10T13:45:55.166436+00:00] main.DEBUG: cache_invalidate:  {"method":"GET","url":"http:/","invalidateInfo":{"identifier":"DB_PDO_MYSQL_DDL_stores_data_exporter_index_batches_4"}} []
[2025-02-10T13:45:55.166530+00:00] main.DEBUG: cache_invalidate:  {"method":"GET","url":"http:/","invalidateInfo":{"identifier":"DB_PDO_MYSQL_DDL_stores_data_exporter_index_batches_5"}} []
[2025-02-10T13:45:55.216550+00:00] main.DEBUG: cache_invalidate:  {"method":"GET","url":"http:/","invalidateInfo":{"identifier":"DB_PDO_MYSQL_DDL_stores_data_exporter_index_batches_1"}} []
[2025-02-10T13:45:55.216783+00:00] main.DEBUG: cache_invalidate:  {"method":"GET","url":"http:/","invalidateInfo":{"identifier":"DB_PDO_MYSQL_DDL_stores_data_exporter_index_batches_2"}} []
[2025-02-10T13:45:55.216908+00:00] main.DEBUG: cache_invalidate:  {"method":"GET","url":"http:/","invalidateInfo":{"identifier":"DB_PDO_MYSQL_DDL_stores_data_exporter_index_batches_3"}} []
[2025-02-10T13:45:55.217003+00:00] main.DEBUG: cache_invalidate:  {"method":"GET","url":"http:/","invalidateInfo":{"identifier":"DB_PDO_MYSQL_DDL_stores_data_exporter_index_batches_4"}} []
[2025-02-10T13:45:55.217099+00:00] main.DEBUG: cache_invalidate:  {"method":"GET","url":"http:/","invalidateInfo":{"identifier":"DB_PDO_MYSQL_DDL_stores_data_exporter_index_batches_5"}} []
[2025-02-10T13:45:55.217602+00:00] main.ERROR: {"feed":"stores","operation":"full reindex(legacy)","status":"stores feed: error occurred: SQLSTATE[42000]: Syntax error or access violation: 1064 You have an error in your SQL syntax; check the manual that corresponds to your MySQL server version for the right syntax to use near '(ORDER BY website_id)\/100) + 0 AS `batch_number`, `t`.`website_id` FROM (SELECT ' at line 1, query was: INSERT INTO `stores_data_exporter_index_batches` (`batch_number`, `website_id`) SELECT CEILING(ROW_NUMBER() OVER (ORDER BY website_id)\/100) + 0 AS `batch_number`, `t`.`website_id` FROM (SELECT `f`.`id` AS `website_id` FROM `stores_data_exporter` AS `f`
 LEFT JOIN `store` AS `s` ON f.id = s.website_id WHERE (s.website_id IS NULL) UNION SELECT `s`.`website_id` FROM `store` AS `s`) AS `t` WHERE (website_id > 0) AND (website_id <= 10000000)","elapsed":"00:00:00 216 ms","pid":"52760","caller":"bin\/magento setup:upgrade"} {"exception":"[object] (Zend_Db_Statement_Exception(code: 42000): SQLSTATE[42000]: Syntax error or access violation: 1064 You have an error in your SQL syntax; check the manual that corresponds to your MySQL server version for the right syntax to use near '(ORDER BY website_id)/100) + 0 AS `batch_number`, `t`.`website_id` FROM (SELECT ' at line 1, query was: INSERT INTO `stores_data_exporter_index_batches` (`batch_number`, `website_id`) SELECT CEILING(ROW_NUMBER() OVER (ORDER BY website_id)/100) + 0 AS `batch_number`, `t`.`website_id` FROM (SELECT `f`.`id` AS `website_id` FROM `stores_data_exporter` AS `f`
 LEFT JOIN `store` AS `s` ON f.id = s.website_id WHERE (s.website_id IS NULL) UNION SELECT `s`.`website_id` FROM `store` AS `s`) AS `t` WHERE (website_id > 0) AND (website_id <= 10000000) at /var/www/magento/public/vendor/magento/framework/DB/Statement/Pdo/Mysql.php:109)
[previous exception] [object] (PDOException(code: 42000): SQLSTATE[42000]: Syntax error or access violation: 1064 You have an error in your SQL syntax; check the manual that corresponds to your MySQL server version for the right syntax to use near '(ORDER BY website_id)/100) + 0 AS `batch_number`, `t`.`website_id` FROM (SELECT ' at line 1 at /var/www/magento/public/vendor/magento/framework/DB/Statement/Pdo/Mysql.php:90)"} []
[2025-02-10T13:45:55.217891+00:00] main.ERROR: {"feed":"stores","operation":"full reindex(legacy)","status":"Data Exporter exception has occurred: SQLSTATE[42000]: Syntax error or access violation: 1064 You have an error in your SQL syntax; check the manual that corresponds to your MySQL server version for the right syntax to use near '(ORDER BY website_id)\/100) + 0 AS `batch_number`, `t`.`website_id` FROM (SELECT ' at line 1, query was: INSERT INTO `stores_data_exporter_index_batches` (`batch_number`, `website_id`) SELECT CEILING(ROW_NUMBER() OVER (ORDER BY website_id)\/100) + 0 AS `batch_number`, `t`.`website_id` FROM (SELECT `f`.`id` AS `website_id` FROM `stores_data_exporter` AS `f`
 LEFT JOIN `store` AS `s` ON f.id = s.website_id WHERE (s.website_id IS NULL) UNION SELECT `s`.`website_id` FROM `store` AS `s`) AS `t` WHERE (website_id > 0) AND (website_id <= 10000000)","elapsed":"00:00:00 216 ms","pid":"52760","caller":"bin\/magento setup:upgrade"} {"exception":"[object] (Zend_Db_Statement_Exception(code: 42000): SQLSTATE[42000]: Syntax error or access violation: 1064 You have an error in your SQL syntax; check the manual that corresponds to your MySQL server version for the right syntax to use near '(ORDER BY website_id)/100) + 0 AS `batch_number`, `t`.`website_id` FROM (SELECT ' at line 1, query was: INSERT INTO `stores_data_exporter_index_batches` (`batch_number`, `website_id`) SELECT CEILING(ROW_NUMBER() OVER (ORDER BY website_id)/100) + 0 AS `batch_number`, `t`.`website_id` FROM (SELECT `f`.`id` AS `website_id` FROM `stores_data_exporter` AS `f`
 LEFT JOIN `store` AS `s` ON f.id = s.website_id WHERE (s.website_id IS NULL) UNION SELECT `s`.`website_id` FROM `store` AS `s`) AS `t` WHERE (website_id > 0) AND (website_id <= 10000000) at /var/www/magento/public/vendor/magento/framework/DB/Statement/Pdo/Mysql.php:109)
[previous exception] [object] (PDOException(code: 42000): SQLSTATE[42000]: Syntax error or access violation: 1064 You have an error in your SQL syntax; check the manual that corresponds to your MySQL server version for the right syntax to use near '(ORDER BY website_id)/100) + 0 AS `batch_number`, `t`.`website_id` FROM (SELECT ' at line 1 at /var/www/magento/public/vendor/magento/framework/DB/Statement/Pdo/Mysql.php:90)"} []
[2025-02-10T13:45:55.218336+00:00] main.INFO: {"feed":"stores","operation":"full reindex(legacy)","status":"Complete","elapsed":"00:00:00 217 ms","pid":"52760","caller":"bin\/magento setup:upgrade"} [] []
[2025-02-10T13:45:56.218205+00:00] main.DEBUG: cache_invalidate:  {"method":"GET","url":"http:/","invalidateInfo":{"tags":[],"mode":"all"}} []
[2025-02-10T13:45:56.224299+00:00] main.DEBUG: cache_invalidate:  {"method":"GET","url":"http:/","invalidateInfo":{"tags":[],"mode":"all"}} []
[2025-02-10T13:46:32.001930+00:00] main.INFO: Broken reference: the 'notification.messages' tries to reorder itself towards 'user', but their parents are different: 'header.inner.right' and 'header' respectively. [] []
[2025-02-10T13:46:32.046301+00:00] main.DEBUG: Item Magento_Backend::system_currency was removed [] []
[2025-02-10T13:46:32.050645+00:00] main.DEBUG: Add of item with id Magento_Config::system_config was processed [] []
[2025-02-10T13:46:32.050716+00:00] main.DEBUG: Add of item with id Magento_AdminNotification::system_adminnotification was processed [] []
[2025-02-10T13:46:32.050749+00:00] main.DEBUG: Add of item with id Magento_Theme::design_config was processed [] []
[2025-02-10T13:46:32.050771+00:00] main.DEBUG: Add of item with id Magento_Theme::system_design_theme was processed [] []
[2025-02-10T13:46:32.050791+00:00] main.DEBUG: Add of item with id Magento_Backend::system_design_schedule was processed [] []
[2025-02-10T13:46:32.050810+00:00] main.DEBUG: Add of item with id Magento_Backend::system_store was processed [] []
[2025-02-10T13:46:32.050829+00:00] main.DEBUG: Add of item with id Magento_Backend::dashboard was processed [] []
[2025-02-10T13:46:32.050847+00:00] main.DEBUG: Add of item with id Magento_Backend::system was processed [] []
[2025-02-10T13:46:32.050870+00:00] main.DEBUG: Add of item with id Magento_Backend::system_tools was processed [] []
[2025-02-10T13:46:32.050893+00:00] main.DEBUG: Add of item with id Magento_Backend::system_design was processed [] []
[2025-02-10T13:46:32.050912+00:00] main.DEBUG: Add of item with id Magento_Backend::system_convert was processed [] []
[2025-02-10T13:46:32.050934+00:00] main.DEBUG: Add of item with id Magento_Backend::system_cache was processed [] []
[2025-02-10T13:46:32.050953+00:00] main.DEBUG: Add of item with id Magento_Backend::marketing was processed [] []
[2025-02-10T13:46:32.050975+00:00] main.DEBUG: Add of item with id Magento_Backend::marketing_communications was processed [] []
[2025-02-10T13:46:32.050993+00:00] main.DEBUG: Add of item with id Magento_Backend::marketing_seo was processed [] []
[2025-02-10T13:46:32.051022+00:00] main.DEBUG: Add of item with id Magento_Backend::marketing_user_content was processed [] []
[2025-02-10T13:46:32.051038+00:00] main.DEBUG: Add of item with id Magento_Backend::content was processed [] []
[2025-02-10T13:46:32.051054+00:00] main.DEBUG: Add of item with id Magento_Backend::content_elements was processed [] []
[2025-02-10T13:46:32.051070+00:00] main.DEBUG: Add of item with id Magento_Backend::stores was processed [] []
[2025-02-10T13:46:32.051090+00:00] main.DEBUG: Add of item with id Magento_Backend::stores_settings was processed [] []
[2025-02-10T13:46:32.051108+00:00] main.DEBUG: Add of item with id Magento_Backend::stores_attributes was processed [] []
[2025-02-10T13:46:32.051124+00:00] main.DEBUG: Add of item with id Magento_Backend::other_settings was processed [] []
[2025-02-10T13:46:32.051140+00:00] main.DEBUG: Add of item with id Magento_Backend::system_other_settings was processed [] []
[2025-02-10T13:46:32.051155+00:00] main.DEBUG: Add of item with id Magento_User::system_acl was processed [] []
[2025-02-10T13:46:32.051176+00:00] main.DEBUG: Add of item with id Magento_User::system_acl_users was processed [] []
[2025-02-10T13:46:32.051193+00:00] main.DEBUG: Add of item with id Magento_User::system_acl_roles was processed [] []
[2025-02-10T13:46:32.051210+00:00] main.DEBUG: Add of item with id Magento_User::system_acl_locks was processed [] []
[2025-02-10T13:46:32.051225+00:00] main.DEBUG: Add of item with id Magento_Customer::customer was processed [] []
[2025-02-10T13:46:32.051245+00:00] main.DEBUG: Add of item with id Magento_Customer::customer_manage was processed [] []
[2025-02-10T13:46:32.051262+00:00] main.DEBUG: Add of item with id Magento_Customer::customer_online was processed [] []
[2025-02-10T13:46:32.051279+00:00] main.DEBUG: Add of item with id Magento_Customer::customer_group was processed [] []
[2025-02-10T13:46:32.051295+00:00] main.DEBUG: Add of item with id Magento_Backup::system_tools_backup was processed [] []
[2025-02-10T13:46:32.051312+00:00] main.DEBUG: Add of item with id Magento_Indexer::system_index was processed [] []
[2025-02-10T13:46:32.051328+00:00] main.DEBUG: Add of item with id Magento_Variable::system_variable was processed [] []
[2025-02-10T13:46:32.051348+00:00] main.DEBUG: Add of item with id Magento_Cms::cms_page was processed [] []
[2025-02-10T13:46:32.051365+00:00] main.DEBUG: Add of item with id Magento_Cms::cms_block was processed [] []
[2025-02-10T13:46:32.051381+00:00] main.DEBUG: Add of item with id Magento_Catalog::catalog was processed [] []
[2025-02-10T13:46:32.051401+00:00] main.DEBUG: Add of item with id Magento_Catalog::catalog_products was processed [] []
[2025-02-10T13:46:32.051418+00:00] main.DEBUG: Add of item with id Magento_Catalog::catalog_categories was processed [] []
[2025-02-10T13:46:32.051438+00:00] main.DEBUG: Add of item with id Magento_Catalog::catalog_attributes_attributes was processed [] []
[2025-02-10T13:46:32.051456+00:00] main.DEBUG: Add of item with id Magento_Catalog::catalog_attributes_sets was processed [] []
[2025-02-10T13:46:32.051476+00:00] main.DEBUG: Add of item with id Magento_Catalog::inventory was processed [] []
[2025-02-10T13:46:32.051493+00:00] main.DEBUG: Add of item with id Magento_Integration::system_extensions was processed [] []
[2025-02-10T13:46:32.051513+00:00] main.DEBUG: Add of item with id Magento_Integration::system_integrations was processed [] []
[2025-02-10T13:46:32.051532+00:00] main.DEBUG: Add of item with id Magento_Search::search_terms was processed [] []
[2025-02-10T13:46:32.051549+00:00] main.DEBUG: Add of item with id Magento_Search::search_synonyms was processed [] []
[2025-02-10T13:46:32.051564+00:00] main.DEBUG: Add of item with id Magento_CatalogRule::promo was processed [] []
[2025-02-10T13:46:32.051583+00:00] main.DEBUG: Add of item with id Magento_CatalogRule::promo_catalog was processed [] []
[2025-02-10T13:46:32.051611+00:00] main.DEBUG: Add of item with id Magento_Sales::sales was processed [] []
[2025-02-10T13:46:32.051636+00:00] main.DEBUG: Add of item with id Magento_Sales::sales_operation was processed [] []
[2025-02-10T13:46:32.051658+00:00] main.DEBUG: Add of item with id Magento_Sales::sales_order was processed [] []
[2025-02-10T13:46:32.051676+00:00] main.DEBUG: Add of item with id Magento_Sales::sales_invoice was processed [] []
[2025-02-10T13:46:32.051692+00:00] main.DEBUG: Add of item with id Magento_Sales::sales_shipment was processed [] []
[2025-02-10T13:46:32.051708+00:00] main.DEBUG: Add of item with id Magento_Sales::sales_creditmemo was processed [] []
[2025-02-10T13:46:32.051723+00:00] main.DEBUG: Add of item with id Magento_Sales::sales_transactions was processed [] []
[2025-02-10T13:46:32.051738+00:00] main.DEBUG: Add of item with id Magento_Sales::system_order_statuses was processed [] []
[2025-02-10T13:46:32.051753+00:00] main.DEBUG: Add of item with id Magento_MediaGalleryUi::media was processed [] []
[2025-02-10T13:46:32.051773+00:00] main.DEBUG: Add of item with id Magento_MediaGalleryUi::media_gallery was processed [] []
[2025-02-10T13:46:32.051793+00:00] main.DEBUG: Add of item with id Magento_Downloadable::report_products_downloads was processed [] []
[2025-02-10T13:46:32.051810+00:00] main.DEBUG: Add of item with id Magento_UrlRewrite::urlrewrite was processed [] []
[2025-02-10T13:46:32.051826+00:00] main.DEBUG: Add of item with id Magento_Tax::sales_tax was processed [] []
[2025-02-10T13:46:32.051846+00:00] main.DEBUG: Add of item with id Magento_Tax::sales_tax_rules was processed [] []
[2025-02-10T13:46:32.051864+00:00] main.DEBUG: Add of item with id Magento_Tax::sales_tax_rates was processed [] []
[2025-02-10T13:46:32.051880+00:00] main.DEBUG: Add of item with id Magento_Widget::cms_widget_instance was processed [] []
[2025-02-10T13:46:32.051900+00:00] main.DEBUG: Add of item with id Magento_Analytics::business_intelligence was processed [] []
[2025-02-10T13:46:32.051920+00:00] main.DEBUG: Add of item with id Magento_Analytics::advanced_reporting was processed [] []
[2025-02-10T13:46:32.051937+00:00] main.DEBUG: Add of item with id Magento_Analytics::bi_essentials was processed [] []
[2025-02-10T13:46:32.051957+00:00] main.DEBUG: Add of item with id Magento_Newsletter::newsletter_template was processed [] []
[2025-02-10T13:46:32.051974+00:00] main.DEBUG: Add of item with id Magento_Newsletter::newsletter_queue was processed [] []
[2025-02-10T13:46:32.051990+00:00] main.DEBUG: Add of item with id Magento_Newsletter::newsletter_subscriber was processed [] []
[2025-02-10T13:46:32.052009+00:00] main.DEBUG: Add of item with id Magento_Newsletter::newsletter_problem was processed [] []
[2025-02-10T13:46:32.052029+00:00] main.DEBUG: Add of item with id Magento_ImportExport::system_convert_import was processed [] []
[2025-02-10T13:46:32.052045+00:00] main.DEBUG: Add of item with id Magento_ImportExport::system_convert_export was processed [] []
[2025-02-10T13:46:32.052061+00:00] main.DEBUG: Add of item with id Magento_ImportExport::system_convert_history was processed [] []
[2025-02-10T13:46:32.052077+00:00] main.DEBUG: Add of item with id Magento_Email::template was processed [] []
[2025-02-10T13:46:32.052092+00:00] main.DEBUG: Add of item with id Magento_EncryptionKey::system_crypt_key was processed [] []
[2025-02-10T13:46:32.052108+00:00] main.DEBUG: Add of item with id Magento_InventoryAdminUi::inventory was processed [] []
[2025-02-10T13:46:32.052127+00:00] main.DEBUG: Add of item with id Magento_InventoryAdminUi::source was processed [] []
[2025-02-10T13:46:32.052144+00:00] main.DEBUG: Add of item with id Magento_InventoryAdminUi::stock was processed [] []
[2025-02-10T13:46:32.052160+00:00] main.DEBUG: Add of item with id Magento_Reports::report was processed [] []
[2025-02-10T13:46:32.052177+00:00] main.DEBUG: Add of item with id Magento_Reports::report_marketing was processed [] []
[2025-02-10T13:46:32.052192+00:00] main.DEBUG: Add of item with id Magento_Reports::report_salesroot was processed [] []
[2025-02-10T13:46:32.052211+00:00] main.DEBUG: Add of item with id Magento_Reports::report_salesroot_sales was processed [] []
[2025-02-10T13:46:32.052232+00:00] main.DEBUG: Add of item with id Magento_Reports::report_salesroot_tax was processed [] []
[2025-02-10T13:46:32.052249+00:00] main.DEBUG: Add of item with id Magento_Reports::report_salesroot_invoiced was processed [] []
[2025-02-10T13:46:32.052265+00:00] main.DEBUG: Add of item with id Magento_Reports::report_salesroot_shipping was processed [] []
[2025-02-10T13:46:32.052280+00:00] main.DEBUG: Add of item with id Magento_Reports::report_salesroot_refunded was processed [] []
[2025-02-10T13:46:32.052299+00:00] main.DEBUG: Add of item with id Magento_Reports::report_salesroot_coupons was processed [] []
[2025-02-10T13:46:32.052322+00:00] main.DEBUG: Add of item with id Magento_Reports::report_shopcart_product was processed [] []
[2025-02-10T13:46:32.052339+00:00] main.DEBUG: Add of item with id Magento_Reports::report_shopcart_abandoned was processed [] []
[2025-02-10T13:46:32.052354+00:00] main.DEBUG: Add of item with id Magento_Reports::report_products was processed [] []
[2025-02-10T13:46:32.052370+00:00] main.DEBUG: Add of item with id Magento_Reports::report_products_bestsellers was processed [] []
[2025-02-10T13:46:32.052385+00:00] main.DEBUG: Add of item with id Magento_Reports::report_products_sold was processed [] []
[2025-02-10T13:46:32.052401+00:00] main.DEBUG: Add of item with id Magento_Reports::report_products_viewed was processed [] []
[2025-02-10T13:46:32.052416+00:00] main.DEBUG: Add of item with id Magento_Reports::report_products_lowstock was processed [] []
[2025-02-10T13:46:32.052431+00:00] main.DEBUG: Add of item with id Magento_Reports::report_customers was processed [] []
[2025-02-10T13:46:32.052452+00:00] main.DEBUG: Add of item with id Magento_Reports::report_customers_accounts was processed [] []
[2025-02-10T13:46:32.052470+00:00] main.DEBUG: Add of item with id Magento_Reports::report_customers_totals was processed [] []
[2025-02-10T13:46:32.052487+00:00] main.DEBUG: Add of item with id Magento_Reports::report_customers_orders was processed [] []
[2025-02-10T13:46:32.052502+00:00] main.DEBUG: Add of item with id Magento_Reports::report_statistics was processed [] []
[2025-02-10T13:46:32.052522+00:00] main.DEBUG: Add of item with id Magento_Reports::report_statistics_refresh was processed [] []
[2025-02-10T13:46:32.052539+00:00] main.DEBUG: Add of item with id Magento_Search::report_search_term was processed [] []
[2025-02-10T13:46:32.052556+00:00] main.DEBUG: Add of item with id Magento_LoginAsCustomerLog::login_log was processed [] []
[2025-02-10T13:46:32.052572+00:00] main.DEBUG: Add of item with id Magento_Marketplace::partners was processed [] []
[2025-02-10T13:46:32.052592+00:00] main.DEBUG: Add of item with id Magento_SalesRule::promo_quote was processed [] []
[2025-02-10T13:46:32.052610+00:00] main.DEBUG: Add of item with id Magento_Sitemap::catalog_sitemap was processed [] []
[2025-02-10T13:46:32.052627+00:00] main.DEBUG: Add of item with id Magento_PageBuilder::templates was processed [] []
[2025-02-10T13:46:32.052642+00:00] main.DEBUG: Add of item with id Magento_PaymentServicesDashboard::paymentservicesdashboard was processed [] []
[2025-02-10T13:46:32.052658+00:00] main.DEBUG: Add of item with id Magento_Paypal::report_salesroot_paypal_settlement_reports was processed [] []
[2025-02-10T13:46:32.052674+00:00] main.DEBUG: Add of item with id Magento_Paypal::paypal_billing_agreement was processed [] []
[2025-02-10T13:46:32.052689+00:00] main.DEBUG: Add of item with id Magento_Review::catalog_reviews_ratings_ratings was processed [] []
[2025-02-10T13:46:32.052709+00:00] main.DEBUG: Add of item with id Magento_Review::catalog_reviews_ratings_pending was processed [] []
[2025-02-10T13:46:32.052726+00:00] main.DEBUG: Add of item with id Magento_Review::catalog_reviews_ratings_reviews_all was processed [] []
[2025-02-10T13:46:32.052743+00:00] main.DEBUG: Add of item with id Magento_Review::report_review was processed [] []
[2025-02-10T13:46:32.052763+00:00] main.DEBUG: Add of item with id Magento_Review::report_review_customer was processed [] []
[2025-02-10T13:46:32.052783+00:00] main.DEBUG: Add of item with id Magento_Review::report_review_product was processed [] []
[2025-02-10T13:46:32.052800+00:00] main.DEBUG: Add of item with id Magento_ServicesId::configuration was processed [] []
[2025-02-10T13:46:32.052820+00:00] main.DEBUG: Add of item with id Magento_ServicesId::services_id was processed [] []
[2025-02-10T13:46:32.052838+00:00] main.DEBUG: Add of item with id Magento_CheckoutAgreements::sales_checkoutagreement was processed [] []
[2025-02-10T13:46:32.052854+00:00] main.DEBUG: Add of item with id Magento_TaxImportExport::system_convert_tax was processed [] []
[2025-02-10T13:46:32.052871+00:00] main.DEBUG: Add of item with id Magento_AsynchronousOperations::system_magento_logging was processed [] []
[2025-02-10T13:46:32.052891+00:00] main.DEBUG: Add of item with id Magento_AsynchronousOperations::system_magento_logging_bulk_operations was processed [] []
[2025-02-10T13:46:32.052910+00:00] main.DEBUG: Add of item with id Magento_CurrencySymbol::system_currency was processed [] []
[2025-02-10T13:46:32.052930+00:00] main.DEBUG: Add of item with id Magento_CurrencySymbol::system_currency_rates was processed [] []
[2025-02-10T13:46:32.052948+00:00] main.DEBUG: Add of item with id Magento_CurrencySymbol::system_currency_symbols was processed [] []
[2025-02-10T13:46:32.052965+00:00] main.DEBUG: Add of item with id Magebit_Faq::faq was processed [] []
[2025-02-10T13:46:32.052982+00:00] main.DEBUG: Add of item with id Magebit_GridRender::content_elements was processed [] []
[2025-02-10T13:46:32.053003+00:00] main.DEBUG: Add of item with id Magebit_GridRender::post was processed [] []
[2025-02-10T13:46:32.053021+00:00] main.DEBUG: Add of item with id PayPal_Braintree::settlement_report was processed [] []
[2025-02-10T13:46:32.053037+00:00] main.DEBUG: Add of item with id PayPal_Braintree::virtual_terminal was processed [] []
[2025-02-10T13:47:12.012850+00:00] main.INFO: Broken reference: the 'notification.messages' tries to reorder itself towards 'user', but their parents are different: 'header.inner.right' and 'header' respectively. [] []
[2025-02-10T13:47:15.841254+00:00] main.INFO: Broken reference: the 'notification.messages' tries to reorder itself towards 'user', but their parents are different: 'header.inner.right' and 'header' respectively. [] []
[2025-02-10T13:47:18.212450+00:00] main.INFO: Broken reference: the 'notification.messages' tries to reorder itself towards 'user', but their parents are different: 'header.inner.right' and 'header' respectively. [] []
[2025-02-10T13:50:02.291874+00:00] main.INFO: Broken reference: the 'notification.messages' tries to reorder itself towards 'user', but their parents are different: 'header.inner.right' and 'header' respectively. [] []
[2025-02-10T13:52:24.442216+00:00] main.DEBUG: cache_invalidate:  {"method":"GET","url":"http:/","invalidateInfo":{"tags":["FPC"],"mode":"matchingTag"}} []
[2025-02-10T13:52:27.590623+00:00] main.INFO: Broken reference: the 'notification.messages' tries to reorder itself towards 'user', but their parents are different: 'header.inner.right' and 'header' respectively. [] []
[2025-02-10T13:52:27.613633+00:00] main.DEBUG: Item Magento_Backend::system_currency was removed [] []
[2025-02-10T13:52:27.614848+00:00] main.DEBUG: Add of item with id Magento_Config::system_config was processed [] []
[2025-02-10T13:52:27.614882+00:00] main.DEBUG: Add of item with id Magento_AdminNotification::system_adminnotification was processed [] []
[2025-02-10T13:52:27.614901+00:00] main.DEBUG: Add of item with id Magento_Theme::design_config was processed [] []
[2025-02-10T13:52:27.614915+00:00] main.DEBUG: Add of item with id Magento_Theme::system_design_theme was processed [] []
[2025-02-10T13:52:27.614928+00:00] main.DEBUG: Add of item with id Magento_Backend::system_design_schedule was processed [] []
[2025-02-10T13:52:27.614940+00:00] main.DEBUG: Add of item with id Magento_Backend::system_store was processed [] []
[2025-02-10T13:52:27.614953+00:00] main.DEBUG: Add of item with id Magento_Backend::dashboard was processed [] []
[2025-02-10T13:52:27.614973+00:00] main.DEBUG: Add of item with id Magento_Backend::system was processed [] []
[2025-02-10T13:52:27.614989+00:00] main.DEBUG: Add of item with id Magento_Backend::system_tools was processed [] []
[2025-02-10T13:52:27.615004+00:00] main.DEBUG: Add of item with id Magento_Backend::system_design was processed [] []
[2025-02-10T13:52:27.615016+00:00] main.DEBUG: Add of item with id Magento_Backend::system_convert was processed [] []
[2025-02-10T13:52:27.615031+00:00] main.DEBUG: Add of item with id Magento_Backend::system_cache was processed [] []
[2025-02-10T13:52:27.615043+00:00] main.DEBUG: Add of item with id Magento_Backend::marketing was processed [] []
[2025-02-10T13:52:27.615058+00:00] main.DEBUG: Add of item with id Magento_Backend::marketing_communications was processed [] []
[2025-02-10T13:52:27.615070+00:00] main.DEBUG: Add of item with id Magento_Backend::marketing_seo was processed [] []
[2025-02-10T13:52:27.615081+00:00] main.DEBUG: Add of item with id Magento_Backend::marketing_user_content was processed [] []
[2025-02-10T13:52:27.615094+00:00] main.DEBUG: Add of item with id Magento_Backend::content was processed [] []
[2025-02-10T13:52:27.615104+00:00] main.DEBUG: Add of item with id Magento_Backend::content_elements was processed [] []
[2025-02-10T13:52:27.615115+00:00] main.DEBUG: Add of item with id Magento_Backend::stores was processed [] []
[2025-02-10T13:52:27.615128+00:00] main.DEBUG: Add of item with id Magento_Backend::stores_settings was processed [] []
[2025-02-10T13:52:27.615139+00:00] main.DEBUG: Add of item with id Magento_Backend::stores_attributes was processed [] []
[2025-02-10T13:52:27.615150+00:00] main.DEBUG: Add of item with id Magento_Backend::other_settings was processed [] []
[2025-02-10T13:52:27.615161+00:00] main.DEBUG: Add of item with id Magento_Backend::system_other_settings was processed [] []
[2025-02-10T13:52:27.615171+00:00] main.DEBUG: Add of item with id Magento_User::system_acl was processed [] []
[2025-02-10T13:52:27.615184+00:00] main.DEBUG: Add of item with id Magento_User::system_acl_users was processed [] []
[2025-02-10T13:52:27.615196+00:00] main.DEBUG: Add of item with id Magento_User::system_acl_roles was processed [] []
[2025-02-10T13:52:27.615207+00:00] main.DEBUG: Add of item with id Magento_User::system_acl_locks was processed [] []
[2025-02-10T13:52:27.615217+00:00] main.DEBUG: Add of item with id Magento_Customer::customer was processed [] []
[2025-02-10T13:52:27.615231+00:00] main.DEBUG: Add of item with id Magento_Customer::customer_manage was processed [] []
[2025-02-10T13:52:27.615242+00:00] main.DEBUG: Add of item with id Magento_Customer::customer_online was processed [] []
[2025-02-10T13:52:27.615252+00:00] main.DEBUG: Add of item with id Magento_Customer::customer_group was processed [] []
[2025-02-10T13:52:27.615263+00:00] main.DEBUG: Add of item with id Magento_Backup::system_tools_backup was processed [] []
[2025-02-10T13:52:27.615274+00:00] main.DEBUG: Add of item with id Magento_Indexer::system_index was processed [] []
[2025-02-10T13:52:27.615284+00:00] main.DEBUG: Add of item with id Magento_Variable::system_variable was processed [] []
[2025-02-10T13:52:27.615298+00:00] main.DEBUG: Add of item with id Magento_Cms::cms_page was processed [] []
[2025-02-10T13:52:27.615309+00:00] main.DEBUG: Add of item with id Magento_Cms::cms_block was processed [] []
[2025-02-10T13:52:27.615320+00:00] main.DEBUG: Add of item with id Magento_Catalog::catalog was processed [] []
[2025-02-10T13:52:27.615333+00:00] main.DEBUG: Add of item with id Magento_Catalog::catalog_products was processed [] []
[2025-02-10T13:52:27.615345+00:00] main.DEBUG: Add of item with id Magento_Catalog::catalog_categories was processed [] []
[2025-02-10T13:52:27.615358+00:00] main.DEBUG: Add of item with id Magento_Catalog::catalog_attributes_attributes was processed [] []
[2025-02-10T13:52:27.615370+00:00] main.DEBUG: Add of item with id Magento_Catalog::catalog_attributes_sets was processed [] []
[2025-02-10T13:52:27.615385+00:00] main.DEBUG: Add of item with id Magento_Catalog::inventory was processed [] []
[2025-02-10T13:52:27.615397+00:00] main.DEBUG: Add of item with id Magento_Integration::system_extensions was processed [] []
[2025-02-10T13:52:27.615411+00:00] main.DEBUG: Add of item with id Magento_Integration::system_integrations was processed [] []
[2025-02-10T13:52:27.615425+00:00] main.DEBUG: Add of item with id Magento_Search::search_terms was processed [] []
[2025-02-10T13:52:27.615436+00:00] main.DEBUG: Add of item with id Magento_Search::search_synonyms was processed [] []
[2025-02-10T13:52:27.615447+00:00] main.DEBUG: Add of item with id Magento_CatalogRule::promo was processed [] []
[2025-02-10T13:52:27.615460+00:00] main.DEBUG: Add of item with id Magento_CatalogRule::promo_catalog was processed [] []
[2025-02-10T13:52:27.615471+00:00] main.DEBUG: Add of item with id Magento_Sales::sales was processed [] []
[2025-02-10T13:52:27.615484+00:00] main.DEBUG: Add of item with id Magento_Sales::sales_operation was processed [] []
[2025-02-10T13:52:27.615498+00:00] main.DEBUG: Add of item with id Magento_Sales::sales_order was processed [] []
[2025-02-10T13:52:27.615510+00:00] main.DEBUG: Add of item with id Magento_Sales::sales_invoice was processed [] []
[2025-02-10T13:52:27.615521+00:00] main.DEBUG: Add of item with id Magento_Sales::sales_shipment was processed [] []
[2025-02-10T13:52:27.615531+00:00] main.DEBUG: Add of item with id Magento_Sales::sales_creditmemo was processed [] []
[2025-02-10T13:52:27.615542+00:00] main.DEBUG: Add of item with id Magento_Sales::sales_transactions was processed [] []
[2025-02-10T13:52:27.615552+00:00] main.DEBUG: Add of item with id Magento_Sales::system_order_statuses was processed [] []
[2025-02-10T13:52:27.615563+00:00] main.DEBUG: Add of item with id Magento_MediaGalleryUi::media was processed [] []
[2025-02-10T13:52:27.615576+00:00] main.DEBUG: Add of item with id Magento_MediaGalleryUi::media_gallery was processed [] []
[2025-02-10T13:52:27.615593+00:00] main.DEBUG: Add of item with id Magento_Downloadable::report_products_downloads was processed [] []
[2025-02-10T13:52:27.615606+00:00] main.DEBUG: Add of item with id Magento_UrlRewrite::urlrewrite was processed [] []
[2025-02-10T13:52:27.615619+00:00] main.DEBUG: Add of item with id Magento_Tax::sales_tax was processed [] []
[2025-02-10T13:52:27.615635+00:00] main.DEBUG: Add of item with id Magento_Tax::sales_tax_rules was processed [] []
[2025-02-10T13:52:27.615647+00:00] main.DEBUG: Add of item with id Magento_Tax::sales_tax_rates was processed [] []
[2025-02-10T13:52:27.615660+00:00] main.DEBUG: Add of item with id Magento_Widget::cms_widget_instance was processed [] []
[2025-02-10T13:52:27.615673+00:00] main.DEBUG: Add of item with id Magento_Analytics::business_intelligence was processed [] []
[2025-02-10T13:52:27.615686+00:00] main.DEBUG: Add of item with id Magento_Analytics::advanced_reporting was processed [] []
[2025-02-10T13:52:27.615698+00:00] main.DEBUG: Add of item with id Magento_Analytics::bi_essentials was processed [] []
[2025-02-10T13:52:27.615710+00:00] main.DEBUG: Add of item with id Magento_Newsletter::newsletter_template was processed [] []
[2025-02-10T13:52:27.615722+00:00] main.DEBUG: Add of item with id Magento_Newsletter::newsletter_queue was processed [] []
[2025-02-10T13:52:27.615732+00:00] main.DEBUG: Add of item with id Magento_Newsletter::newsletter_subscriber was processed [] []
[2025-02-10T13:52:27.615745+00:00] main.DEBUG: Add of item with id Magento_Newsletter::newsletter_problem was processed [] []
[2025-02-10T13:52:27.615759+00:00] main.DEBUG: Add of item with id Magento_ImportExport::system_convert_import was processed [] []
[2025-02-10T13:52:27.615770+00:00] main.DEBUG: Add of item with id Magento_ImportExport::system_convert_export was processed [] []
[2025-02-10T13:52:27.615781+00:00] main.DEBUG: Add of item with id Magento_ImportExport::system_convert_history was processed [] []
[2025-02-10T13:52:27.615791+00:00] main.DEBUG: Add of item with id Magento_Email::template was processed [] []
[2025-02-10T13:52:27.615806+00:00] main.DEBUG: Add of item with id Magento_EncryptionKey::system_crypt_key was processed [] []
[2025-02-10T13:52:27.615817+00:00] main.DEBUG: Add of item with id Magento_InventoryAdminUi::inventory was processed [] []
[2025-02-10T13:52:27.615830+00:00] main.DEBUG: Add of item with id Magento_InventoryAdminUi::source was processed [] []
[2025-02-10T13:52:27.615842+00:00] main.DEBUG: Add of item with id Magento_InventoryAdminUi::stock was processed [] []
[2025-02-10T13:52:27.615853+00:00] main.DEBUG: Add of item with id Magento_Reports::report was processed [] []
[2025-02-10T13:52:27.615864+00:00] main.DEBUG: Add of item with id Magento_Reports::report_marketing was processed [] []
[2025-02-10T13:52:27.615875+00:00] main.DEBUG: Add of item with id Magento_Reports::report_salesroot was processed [] []
[2025-02-10T13:52:27.615888+00:00] main.DEBUG: Add of item with id Magento_Reports::report_salesroot_sales was processed [] []
[2025-02-10T13:52:27.615899+00:00] main.DEBUG: Add of item with id Magento_Reports::report_salesroot_tax was processed [] []
[2025-02-10T13:52:27.615910+00:00] main.DEBUG: Add of item with id Magento_Reports::report_salesroot_invoiced was processed [] []
[2025-02-10T13:52:27.615920+00:00] main.DEBUG: Add of item with id Magento_Reports::report_salesroot_shipping was processed [] []
[2025-02-10T13:52:27.615930+00:00] main.DEBUG: Add of item with id Magento_Reports::report_salesroot_refunded was processed [] []
[2025-02-10T13:52:27.615940+00:00] main.DEBUG: Add of item with id Magento_Reports::report_salesroot_coupons was processed [] []
[2025-02-10T13:52:27.615950+00:00] main.DEBUG: Add of item with id Magento_Reports::report_shopcart_product was processed [] []
[2025-02-10T13:52:27.615960+00:00] main.DEBUG: Add of item with id Magento_Reports::report_shopcart_abandoned was processed [] []
[2025-02-10T13:52:27.615970+00:00] main.DEBUG: Add of item with id Magento_Reports::report_products was processed [] []
[2025-02-10T13:52:27.615980+00:00] main.DEBUG: Add of item with id Magento_Reports::report_products_bestsellers was processed [] []
[2025-02-10T13:52:27.615990+00:00] main.DEBUG: Add of item with id Magento_Reports::report_products_sold was processed [] []
[2025-02-10T13:52:27.616000+00:00] main.DEBUG: Add of item with id Magento_Reports::report_products_viewed was processed [] []
[2025-02-10T13:52:27.616009+00:00] main.DEBUG: Add of item with id Magento_Reports::report_products_lowstock was processed [] []
[2025-02-10T13:52:27.616019+00:00] main.DEBUG: Add of item with id Magento_Reports::report_customers was processed [] []
[2025-02-10T13:52:27.616032+00:00] main.DEBUG: Add of item with id Magento_Reports::report_customers_accounts was processed [] []
[2025-02-10T13:52:27.616043+00:00] main.DEBUG: Add of item with id Magento_Reports::report_customers_totals was processed [] []
[2025-02-10T13:52:27.616054+00:00] main.DEBUG: Add of item with id Magento_Reports::report_customers_orders was processed [] []
[2025-02-10T13:52:27.616064+00:00] main.DEBUG: Add of item with id Magento_Reports::report_statistics was processed [] []
[2025-02-10T13:52:27.616077+00:00] main.DEBUG: Add of item with id Magento_Reports::report_statistics_refresh was processed [] []
[2025-02-10T13:52:27.616089+00:00] main.DEBUG: Add of item with id Magento_Search::report_search_term was processed [] []
[2025-02-10T13:52:27.616100+00:00] main.DEBUG: Add of item with id Magento_LoginAsCustomerLog::login_log was processed [] []
[2025-02-10T13:52:27.616110+00:00] main.DEBUG: Add of item with id Magento_Marketplace::partners was processed [] []
[2025-02-10T13:52:27.616121+00:00] main.DEBUG: Add of item with id Magento_SalesRule::promo_quote was processed [] []
[2025-02-10T13:52:27.616131+00:00] main.DEBUG: Add of item with id Magento_Sitemap::catalog_sitemap was processed [] []
[2025-02-10T13:52:27.616142+00:00] main.DEBUG: Add of item with id Magento_PageBuilder::templates was processed [] []
[2025-02-10T13:52:27.616152+00:00] main.DEBUG: Add of item with id Magento_PaymentServicesDashboard::paymentservicesdashboard was processed [] []
[2025-02-10T13:52:27.616165+00:00] main.DEBUG: Add of item with id Magento_Paypal::report_salesroot_paypal_settlement_reports was processed [] []
[2025-02-10T13:52:27.616176+00:00] main.DEBUG: Add of item with id Magento_Paypal::paypal_billing_agreement was processed [] []
[2025-02-10T13:52:27.616186+00:00] main.DEBUG: Add of item with id Magento_Review::catalog_reviews_ratings_ratings was processed [] []
[2025-02-10T13:52:27.616200+00:00] main.DEBUG: Add of item with id Magento_Review::catalog_reviews_ratings_pending was processed [] []
[2025-02-10T13:52:27.616211+00:00] main.DEBUG: Add of item with id Magento_Review::catalog_reviews_ratings_reviews_all was processed [] []
[2025-02-10T13:52:27.616222+00:00] main.DEBUG: Add of item with id Magento_Review::report_review was processed [] []
[2025-02-10T13:52:27.616236+00:00] main.DEBUG: Add of item with id Magento_Review::report_review_customer was processed [] []
[2025-02-10T13:52:27.616247+00:00] main.DEBUG: Add of item with id Magento_Review::report_review_product was processed [] []
[2025-02-10T13:52:27.616258+00:00] main.DEBUG: Add of item with id Magento_ServicesId::configuration was processed [] []
[2025-02-10T13:52:27.616271+00:00] main.DEBUG: Add of item with id Magento_ServicesId::services_id was processed [] []
[2025-02-10T13:52:27.616282+00:00] main.DEBUG: Add of item with id Magento_CheckoutAgreements::sales_checkoutagreement was processed [] []
[2025-02-10T13:52:27.616293+00:00] main.DEBUG: Add of item with id Magento_TaxImportExport::system_convert_tax was processed [] []
[2025-02-10T13:52:27.616303+00:00] main.DEBUG: Add of item with id Magento_AsynchronousOperations::system_magento_logging was processed [] []
[2025-02-10T13:52:27.616316+00:00] main.DEBUG: Add of item with id Magento_AsynchronousOperations::system_magento_logging_bulk_operations was processed [] []
[2025-02-10T13:52:27.616328+00:00] main.DEBUG: Add of item with id Magento_CurrencySymbol::system_currency was processed [] []
[2025-02-10T13:52:27.616341+00:00] main.DEBUG: Add of item with id Magento_CurrencySymbol::system_currency_rates was processed [] []
[2025-02-10T13:52:27.616353+00:00] main.DEBUG: Add of item with id Magento_CurrencySymbol::system_currency_symbols was processed [] []
[2025-02-10T13:52:27.616364+00:00] main.DEBUG: Add of item with id Magebit_Faq::faq was processed [] []
[2025-02-10T13:52:27.616375+00:00] main.DEBUG: Add of item with id Magebit_GridRender::content_elements was processed [] []
[2025-02-10T13:52:27.616388+00:00] main.DEBUG: Add of item with id Magebit_GridRender::post was processed [] []
[2025-02-10T13:52:27.616399+00:00] main.DEBUG: Add of item with id PayPal_Braintree::settlement_report was processed [] []
[2025-02-10T13:52:27.616410+00:00] main.DEBUG: Add of item with id PayPal_Braintree::virtual_terminal was processed [] []
[2025-02-10T14:12:00.580106+00:00] main.DEBUG: cache_invalidate:  {"method":"GET","url":"http:/","invalidateInfo":{"tags":["FPC"],"mode":"matchingTag"}} []
[2025-02-10T14:12:03.350055+00:00] main.INFO: Broken reference: the 'tracking' element cannot be added as child to 'header', because the latter doesn't exist [] []
[2025-02-10T14:12:03.350161+00:00] main.INFO: Broken reference: the 'notification_area' element cannot be added as child to 'notifications', because the latter doesn't exist [] []
[2025-02-10T14:12:03.350191+00:00] main.INFO: Broken reference: the 'unread_system_messages' element cannot be added as child to 'notifications', because the latter doesn't exist [] []
[2025-02-10T14:12:03.350216+00:00] main.INFO: Broken reference: the 'notification_window' element cannot be added as child to 'notifications', because the latter doesn't exist [] []
[2025-02-10T14:12:03.350240+00:00] main.INFO: Broken reference: the 'notification.messages' element cannot be added as child to 'header', because the latter doesn't exist [] []
[2025-02-10T14:12:03.350266+00:00] main.INFO: Broken reference: the 'global_notices' element cannot be added as child to 'global.notices', because the latter doesn't exist [] []
[2025-02-10T14:12:03.350295+00:00] main.INFO: Broken reference: the 'logo' element cannot be added as child to 'header', because the latter doesn't exist [] []
[2025-02-10T14:12:03.350319+00:00] main.INFO: Broken reference: the 'global.search' element cannot be added as child to 'header', because the latter doesn't exist [] []
[2025-02-10T14:12:03.350342+00:00] main.INFO: Broken reference: the 'user' element cannot be added as child to 'header', because the latter doesn't exist [] []
[2025-02-10T14:12:03.350365+00:00] main.INFO: Broken reference: the 'menu' element cannot be added as child to 'page.menu', because the latter doesn't exist [] []
[2025-02-10T14:12:03.350387+00:00] main.INFO: Broken reference: the 'breadcrumbs' element cannot be added as child to 'page.breadcrumbs', because the latter doesn't exist [] []
[2025-02-10T14:12:03.350410+00:00] main.INFO: Broken reference: the 'formkey' element cannot be added as child to 'page.formkey', because the latter doesn't exist [] []
[2025-02-10T14:12:03.350433+00:00] main.INFO: Broken reference: the 'page.title' element cannot be added as child to 'main.top', because the latter doesn't exist [] []
[2025-02-10T14:12:03.350454+00:00] main.INFO: Broken reference: the 'messages' element cannot be added as child to 'page.messages', because the latter doesn't exist [] []
[2025-02-10T14:12:03.350476+00:00] main.INFO: Broken reference: the 'page.actions.toolbar' element cannot be added as child to 'page.main.actions', because the latter doesn't exist [] []
[2025-02-10T14:12:03.350499+00:00] main.INFO: Broken reference: the 'legal' element cannot be added as child to 'footer', because the latter doesn't exist [] []
[2025-02-10T14:12:03.350553+00:00] main.INFO: Broken reference: the 'header.inner.left' element cannot be added as child to 'header', because the latter doesn't exist [] []
[2025-02-10T14:12:03.350583+00:00] main.INFO: Broken reference: the 'header.inner.right' element cannot be added as child to 'header', because the latter doesn't exist [] []
[2025-02-10T14:12:03.350658+00:00] main.INFO: Broken reference: the 'user' tries to reorder itself towards '', but their parents are different: 'header' and '' respectively. [] []
[2025-02-10T14:12:03.350684+00:00] main.INFO: Broken reference: the 'notification.messages' tries to reorder itself towards 'user', but their parents are different: 'header' and '' respectively. [] []
[2025-02-10T14:12:03.350708+00:00] main.INFO: Broken reference: the 'logo' tries to reorder itself towards '', but their parents are different: 'header' and '' respectively. [] []
[2025-02-10T14:12:03.350732+00:00] main.INFO: Broken reference: the 'global.search' tries to reorder itself towards 'logo', but their parents are different: 'header' and '' respectively. [] []
[2025-02-10T14:12:03.350753+00:00] main.INFO: Broken reference: the 'page.actions.toolbar' tries to reorder itself towards '', but their parents are different: 'page.main.actions' and '' respectively. [] []
[2025-02-10T14:12:03.350782+00:00] main.INFO: Broken reference: the 'header.inner.left' tries to reorder itself towards '', but their parents are different: 'header' and '' respectively. [] []
[2025-02-10T14:12:03.350805+00:00] main.INFO: Broken reference: the 'header.inner.right' tries to reorder itself towards 'header.inner.left', but their parents are different: 'header' and '' respectively. [] []
[2025-02-10T14:12:03.350832+00:00] main.INFO: Broken reference: the 'notification.messages' tries to reorder itself towards 'user', but their parents are different: 'header.inner.right' and '' respectively. [] []
[2025-02-10T14:12:06.310898+00:00] main.DEBUG: cache_invalidate:  {"method":"POST","url":"http://magento.local/admin_xepp7u1/faq/index/index/key/120840b9b06cedfa41745ada82fb6af23c98d63555367fbd6d431a293a0231fa/","invalidateInfo":{"tags":["BACKEND_MAINMENU"],"mode":"matchingAnyTag"}} []
[2025-02-10T14:12:06.357170+00:00] main.DEBUG: cache_invalidate:  {"method":"POST","url":"http://magento.local/admin_xepp7u1/faq/index/index/key/120840b9b06cedfa41745ada82fb6af23c98d63555367fbd6d431a293a0231fa/","invalidateInfo":{"tags":["PB_EDITOR_CONFIG","CONFIG"],"mode":"matchingTag"}} []
[2025-02-10T14:12:06.364597+00:00] main.DEBUG: Item Magento_Backend::system_currency was removed [] []
[2025-02-10T14:12:06.365795+00:00] main.DEBUG: Add of item with id Magento_Config::system_config was processed [] []
[2025-02-10T14:12:06.365831+00:00] main.DEBUG: Add of item with id Magento_AdminNotification::system_adminnotification was processed [] []
[2025-02-10T14:12:06.365852+00:00] main.DEBUG: Add of item with id Magento_Theme::design_config was processed [] []
[2025-02-10T14:12:06.365869+00:00] main.DEBUG: Add of item with id Magento_Theme::system_design_theme was processed [] []
[2025-02-10T14:12:06.365884+00:00] main.DEBUG: Add of item with id Magento_Backend::system_design_schedule was processed [] []
[2025-02-10T14:12:06.365896+00:00] main.DEBUG: Add of item with id Magento_Backend::system_store was processed [] []
[2025-02-10T14:12:06.365908+00:00] main.DEBUG: Add of item with id Magento_Backend::dashboard was processed [] []
[2025-02-10T14:12:06.365919+00:00] main.DEBUG: Add of item with id Magento_Backend::system was processed [] []
[2025-02-10T14:12:06.365934+00:00] main.DEBUG: Add of item with id Magento_Backend::system_tools was processed [] []
[2025-02-10T14:12:06.365950+00:00] main.DEBUG: Add of item with id Magento_Backend::system_design was processed [] []
[2025-02-10T14:12:06.365962+00:00] main.DEBUG: Add of item with id Magento_Backend::system_convert was processed [] []
[2025-02-10T14:12:06.365976+00:00] main.DEBUG: Add of item with id Magento_Backend::system_cache was processed [] []
[2025-02-10T14:12:06.365988+00:00] main.DEBUG: Add of item with id Magento_Backend::marketing was processed [] []
[2025-02-10T14:12:06.366003+00:00] main.DEBUG: Add of item with id Magento_Backend::marketing_communications was processed [] []
[2025-02-10T14:12:06.366015+00:00] main.DEBUG: Add of item with id Magento_Backend::marketing_seo was processed [] []
[2025-02-10T14:12:06.366026+00:00] main.DEBUG: Add of item with id Magento_Backend::marketing_user_content was processed [] []
[2025-02-10T14:12:06.366037+00:00] main.DEBUG: Add of item with id Magento_Backend::content was processed [] []
[2025-02-10T14:12:06.366048+00:00] main.DEBUG: Add of item with id Magento_Backend::content_elements was processed [] []
[2025-02-10T14:12:06.366059+00:00] main.DEBUG: Add of item with id Magento_Backend::stores was processed [] []
[2025-02-10T14:12:06.366073+00:00] main.DEBUG: Add of item with id Magento_Backend::stores_settings was processed [] []
[2025-02-10T14:12:06.366085+00:00] main.DEBUG: Add of item with id Magento_Backend::stores_attributes was processed [] []
[2025-02-10T14:12:06.366096+00:00] main.DEBUG: Add of item with id Magento_Backend::other_settings was processed [] []
[2025-02-10T14:12:06.366107+00:00] main.DEBUG: Add of item with id Magento_Backend::system_other_settings was processed [] []
[2025-02-10T14:12:06.366118+00:00] main.DEBUG: Add of item with id Magento_User::system_acl was processed [] []
[2025-02-10T14:12:06.366131+00:00] main.DEBUG: Add of item with id Magento_User::system_acl_users was processed [] []
[2025-02-10T14:12:06.366143+00:00] main.DEBUG: Add of item with id Magento_User::system_acl_roles was processed [] []
[2025-02-10T14:12:06.366154+00:00] main.DEBUG: Add of item with id Magento_User::system_acl_locks was processed [] []
[2025-02-10T14:12:06.366165+00:00] main.DEBUG: Add of item with id Magento_Customer::customer was processed [] []
[2025-02-10T14:12:06.366178+00:00] main.DEBUG: Add of item with id Magento_Customer::customer_manage was processed [] []
[2025-02-10T14:12:06.366190+00:00] main.DEBUG: Add of item with id Magento_Customer::customer_online was processed [] []
[2025-02-10T14:12:06.366201+00:00] main.DEBUG: Add of item with id Magento_Customer::customer_group was processed [] []
[2025-02-10T14:12:06.366212+00:00] main.DEBUG: Add of item with id Magento_Backup::system_tools_backup was processed [] []
[2025-02-10T14:12:06.366223+00:00] main.DEBUG: Add of item with id Magento_Indexer::system_index was processed [] []
[2025-02-10T14:12:06.366243+00:00] main.DEBUG: Add of item with id Magento_Variable::system_variable was processed [] []
[2025-02-10T14:12:06.366257+00:00] main.DEBUG: Add of item with id Magento_Cms::cms_page was processed [] []
[2025-02-10T14:12:06.366270+00:00] main.DEBUG: Add of item with id Magento_Cms::cms_block was processed [] []
[2025-02-10T14:12:06.366281+00:00] main.DEBUG: Add of item with id Magento_Catalog::catalog was processed [] []
[2025-02-10T14:12:06.366295+00:00] main.DEBUG: Add of item with id Magento_Catalog::catalog_products was processed [] []
[2025-02-10T14:12:06.366307+00:00] main.DEBUG: Add of item with id Magento_Catalog::catalog_categories was processed [] []
[2025-02-10T14:12:06.366321+00:00] main.DEBUG: Add of item with id Magento_Catalog::catalog_attributes_attributes was processed [] []
[2025-02-10T14:12:06.366333+00:00] main.DEBUG: Add of item with id Magento_Catalog::catalog_attributes_sets was processed [] []
[2025-02-10T14:12:06.366347+00:00] main.DEBUG: Add of item with id Magento_Catalog::inventory was processed [] []
[2025-02-10T14:12:06.366358+00:00] main.DEBUG: Add of item with id Magento_Integration::system_extensions was processed [] []
[2025-02-10T14:12:06.366372+00:00] main.DEBUG: Add of item with id Magento_Integration::system_integrations was processed [] []
[2025-02-10T14:12:06.366386+00:00] main.DEBUG: Add of item with id Magento_Search::search_terms was processed [] []
[2025-02-10T14:12:06.366397+00:00] main.DEBUG: Add of item with id Magento_Search::search_synonyms was processed [] []
[2025-02-10T14:12:06.366408+00:00] main.DEBUG: Add of item with id Magento_CatalogRule::promo was processed [] []
[2025-02-10T14:12:06.366422+00:00] main.DEBUG: Add of item with id Magento_CatalogRule::promo_catalog was processed [] []
[2025-02-10T14:12:06.366433+00:00] main.DEBUG: Add of item with id Magento_Sales::sales was processed [] []
[2025-02-10T14:12:06.366447+00:00] main.DEBUG: Add of item with id Magento_Sales::sales_operation was processed [] []
[2025-02-10T14:12:06.366461+00:00] main.DEBUG: Add of item with id Magento_Sales::sales_order was processed [] []
[2025-02-10T14:12:06.366473+00:00] main.DEBUG: Add of item with id Magento_Sales::sales_invoice was processed [] []
[2025-02-10T14:12:06.366484+00:00] main.DEBUG: Add of item with id Magento_Sales::sales_shipment was processed [] []
[2025-02-10T14:12:06.366495+00:00] main.DEBUG: Add of item with id Magento_Sales::sales_creditmemo was processed [] []
[2025-02-10T14:12:06.366506+00:00] main.DEBUG: Add of item with id Magento_Sales::sales_transactions was processed [] []
[2025-02-10T14:12:06.366516+00:00] main.DEBUG: Add of item with id Magento_Sales::system_order_statuses was processed [] []
[2025-02-10T14:12:06.366527+00:00] main.DEBUG: Add of item with id Magento_MediaGalleryUi::media was processed [] []
[2025-02-10T14:12:06.366540+00:00] main.DEBUG: Add of item with id Magento_MediaGalleryUi::media_gallery was processed [] []
[2025-02-10T14:12:06.366554+00:00] main.DEBUG: Add of item with id Magento_Downloadable::report_products_downloads was processed [] []
[2025-02-10T14:12:06.366566+00:00] main.DEBUG: Add of item with id Magento_UrlRewrite::urlrewrite was processed [] []
[2025-02-10T14:12:06.366577+00:00] main.DEBUG: Add of item with id Magento_Tax::sales_tax was processed [] []
[2025-02-10T14:12:06.366595+00:00] main.DEBUG: Add of item with id Magento_Tax::sales_tax_rules was processed [] []
[2025-02-10T14:12:06.366611+00:00] main.DEBUG: Add of item with id Magento_Tax::sales_tax_rates was processed [] []
[2025-02-10T14:12:06.366622+00:00] main.DEBUG: Add of item with id Magento_Widget::cms_widget_instance was processed [] []
[2025-02-10T14:12:06.366636+00:00] main.DEBUG: Add of item with id Magento_Analytics::business_intelligence was processed [] []
[2025-02-10T14:12:06.366650+00:00] main.DEBUG: Add of item with id Magento_Analytics::advanced_reporting was processed [] []
[2025-02-10T14:12:06.366662+00:00] main.DEBUG: Add of item with id Magento_Analytics::bi_essentials was processed [] []
[2025-02-10T14:12:06.366678+00:00] main.DEBUG: Add of item with id Magento_Newsletter::newsletter_template was processed [] []
[2025-02-10T14:12:06.366690+00:00] main.DEBUG: Add of item with id Magento_Newsletter::newsletter_queue was processed [] []
[2025-02-10T14:12:06.366701+00:00] main.DEBUG: Add of item with id Magento_Newsletter::newsletter_subscriber was processed [] []
[2025-02-10T14:12:06.366714+00:00] main.DEBUG: Add of item with id Magento_Newsletter::newsletter_problem was processed [] []
[2025-02-10T14:12:06.366728+00:00] main.DEBUG: Add of item with id Magento_ImportExport::system_convert_import was processed [] []
[2025-02-10T14:12:06.366739+00:00] main.DEBUG: Add of item with id Magento_ImportExport::system_convert_export was processed [] []
[2025-02-10T14:12:06.366750+00:00] main.DEBUG: Add of item with id Magento_ImportExport::system_convert_history was processed [] []
[2025-02-10T14:12:06.366761+00:00] main.DEBUG: Add of item with id Magento_Email::template was processed [] []
[2025-02-10T14:12:06.366771+00:00] main.DEBUG: Add of item with id Magento_EncryptionKey::system_crypt_key was processed [] []
[2025-02-10T14:12:06.366782+00:00] main.DEBUG: Add of item with id Magento_InventoryAdminUi::inventory was processed [] []
[2025-02-10T14:12:06.366796+00:00] main.DEBUG: Add of item with id Magento_InventoryAdminUi::source was processed [] []
[2025-02-10T14:12:06.366807+00:00] main.DEBUG: Add of item with id Magento_InventoryAdminUi::stock was processed [] []
[2025-02-10T14:12:06.366819+00:00] main.DEBUG: Add of item with id Magento_Reports::report was processed [] []
[2025-02-10T14:12:06.366830+00:00] main.DEBUG: Add of item with id Magento_Reports::report_marketing was processed [] []
[2025-02-10T14:12:06.366840+00:00] main.DEBUG: Add of item with id Magento_Reports::report_salesroot was processed [] []
[2025-02-10T14:12:06.366854+00:00] main.DEBUG: Add of item with id Magento_Reports::report_salesroot_sales was processed [] []
[2025-02-10T14:12:06.366865+00:00] main.DEBUG: Add of item with id Magento_Reports::report_salesroot_tax was processed [] []
[2025-02-10T14:12:06.366876+00:00] main.DEBUG: Add of item with id Magento_Reports::report_salesroot_invoiced was processed [] []
[2025-02-10T14:12:06.366886+00:00] main.DEBUG: Add of item with id Magento_Reports::report_salesroot_shipping was processed [] []
[2025-02-10T14:12:06.366897+00:00] main.DEBUG: Add of item with id Magento_Reports::report_salesroot_refunded was processed [] []
[2025-02-10T14:12:06.366907+00:00] main.DEBUG: Add of item with id Magento_Reports::report_salesroot_coupons was processed [] []
[2025-02-10T14:12:06.366917+00:00] main.DEBUG: Add of item with id Magento_Reports::report_shopcart_product was processed [] []
[2025-02-10T14:12:06.366927+00:00] main.DEBUG: Add of item with id Magento_Reports::report_shopcart_abandoned was processed [] []
[2025-02-10T14:12:06.366937+00:00] main.DEBUG: Add of item with id Magento_Reports::report_products was processed [] []
[2025-02-10T14:12:06.366947+00:00] main.DEBUG: Add of item with id Magento_Reports::report_products_bestsellers was processed [] []
[2025-02-10T14:12:06.366958+00:00] main.DEBUG: Add of item with id Magento_Reports::report_products_sold was processed [] []
[2025-02-10T14:12:06.366967+00:00] main.DEBUG: Add of item with id Magento_Reports::report_products_viewed was processed [] []
[2025-02-10T14:12:06.366977+00:00] main.DEBUG: Add of item with id Magento_Reports::report_products_lowstock was processed [] []
[2025-02-10T14:12:06.366987+00:00] main.DEBUG: Add of item with id Magento_Reports::report_customers was processed [] []
[2025-02-10T14:12:06.367000+00:00] main.DEBUG: Add of item with id Magento_Reports::report_customers_accounts was processed [] []
[2025-02-10T14:12:06.367012+00:00] main.DEBUG: Add of item with id Magento_Reports::report_customers_totals was processed [] []
[2025-02-10T14:12:06.367023+00:00] main.DEBUG: Add of item with id Magento_Reports::report_customers_orders was processed [] []
[2025-02-10T14:12:06.367033+00:00] main.DEBUG: Add of item with id Magento_Reports::report_statistics was processed [] []
[2025-02-10T14:12:06.367048+00:00] main.DEBUG: Add of item with id Magento_Reports::report_statistics_refresh was processed [] []
[2025-02-10T14:12:06.367060+00:00] main.DEBUG: Add of item with id Magento_Search::report_search_term was processed [] []
[2025-02-10T14:12:06.367071+00:00] main.DEBUG: Add of item with id Magento_LoginAsCustomerLog::login_log was processed [] []
[2025-02-10T14:12:06.367082+00:00] main.DEBUG: Add of item with id Magento_Marketplace::partners was processed [] []
[2025-02-10T14:12:06.367093+00:00] main.DEBUG: Add of item with id Magento_SalesRule::promo_quote was processed [] []
[2025-02-10T14:12:06.367104+00:00] main.DEBUG: Add of item with id Magento_Sitemap::catalog_sitemap was processed [] []
[2025-02-10T14:12:06.367114+00:00] main.DEBUG: Add of item with id Magento_PageBuilder::templates was processed [] []
[2025-02-10T14:12:06.367125+00:00] main.DEBUG: Add of item with id Magento_PaymentServicesDashboard::paymentservicesdashboard was processed [] []
[2025-02-10T14:12:06.367136+00:00] main.DEBUG: Add of item with id Magento_Paypal::report_salesroot_paypal_settlement_reports was processed [] []
[2025-02-10T14:12:06.367146+00:00] main.DEBUG: Add of item with id Magento_Paypal::paypal_billing_agreement was processed [] []
[2025-02-10T14:12:06.367156+00:00] main.DEBUG: Add of item with id Magento_Review::catalog_reviews_ratings_ratings was processed [] []
[2025-02-10T14:12:06.367170+00:00] main.DEBUG: Add of item with id Magento_Review::catalog_reviews_ratings_pending was processed [] []
[2025-02-10T14:12:06.367181+00:00] main.DEBUG: Add of item with id Magento_Review::catalog_reviews_ratings_reviews_all was processed [] []
[2025-02-10T14:12:06.367192+00:00] main.DEBUG: Add of item with id Magento_Review::report_review was processed [] []
[2025-02-10T14:12:06.367206+00:00] main.DEBUG: Add of item with id Magento_Review::report_review_customer was processed [] []
[2025-02-10T14:12:06.367218+00:00] main.DEBUG: Add of item with id Magento_Review::report_review_product was processed [] []
[2025-02-10T14:12:06.367230+00:00] main.DEBUG: Add of item with id Magento_ServicesId::configuration was processed [] []
[2025-02-10T14:12:06.367243+00:00] main.DEBUG: Add of item with id Magento_ServicesId::services_id was processed [] []
[2025-02-10T14:12:06.367255+00:00] main.DEBUG: Add of item with id Magento_CheckoutAgreements::sales_checkoutagreement was processed [] []
[2025-02-10T14:12:06.367266+00:00] main.DEBUG: Add of item with id Magento_TaxImportExport::system_convert_tax was processed [] []
[2025-02-10T14:12:06.367277+00:00] main.DEBUG: Add of item with id Magento_AsynchronousOperations::system_magento_logging was processed [] []
[2025-02-10T14:12:06.367290+00:00] main.DEBUG: Add of item with id Magento_AsynchronousOperations::system_magento_logging_bulk_operations was processed [] []
[2025-02-10T14:12:06.367302+00:00] main.DEBUG: Add of item with id Magento_CurrencySymbol::system_currency was processed [] []
[2025-02-10T14:12:06.367316+00:00] main.DEBUG: Add of item with id Magento_CurrencySymbol::system_currency_rates was processed [] []
[2025-02-10T14:12:06.367327+00:00] main.DEBUG: Add of item with id Magento_CurrencySymbol::system_currency_symbols was processed [] []
[2025-02-10T14:12:06.367338+00:00] main.DEBUG: Add of item with id Magebit_Faq::faq was processed [] []
[2025-02-10T14:12:06.367350+00:00] main.DEBUG: Add of item with id Magebit_GridRender::content_elements was processed [] []
[2025-02-10T14:12:06.367363+00:00] main.DEBUG: Add of item with id Magebit_GridRender::post was processed [] []
[2025-02-10T14:12:06.367375+00:00] main.DEBUG: Add of item with id PayPal_Braintree::settlement_report was processed [] []
[2025-02-10T14:12:06.367386+00:00] main.DEBUG: Add of item with id PayPal_Braintree::virtual_terminal was processed [] []
[2025-02-10T14:12:07.372861+00:00] main.INFO: Broken reference: the 'notification.messages' tries to reorder itself towards 'user', but their parents are different: 'header.inner.right' and 'header' respectively. [] []
[2025-02-10T14:12:11.234365+00:00] main.INFO: Broken reference: the 'notification.messages' tries to reorder itself towards 'user', but their parents are different: 'header.inner.right' and 'header' respectively. [] []
[2025-02-10T14:15:57.715996+00:00] main.DEBUG: cache_invalidate:  {"method":"GET","url":"http:/","invalidateInfo":{"tags":["FPC"],"mode":"matchingTag"}} []
[2025-02-10T14:16:01.026609+00:00] main.INFO: Broken reference: the 'notification.messages' tries to reorder itself towards 'user', but their parents are different: 'header.inner.right' and 'header' respectively. [] []
[2025-02-10T14:16:01.048197+00:00] main.DEBUG: Item Magento_Backend::system_currency was removed [] []
[2025-02-10T14:16:01.049362+00:00] main.DEBUG: Add of item with id Magento_Config::system_config was processed [] []
[2025-02-10T14:16:01.049400+00:00] main.DEBUG: Add of item with id Magento_AdminNotification::system_adminnotification was processed [] []
[2025-02-10T14:16:01.049420+00:00] main.DEBUG: Add of item with id Magento_Theme::design_config was processed [] []
[2025-02-10T14:16:01.049435+00:00] main.DEBUG: Add of item with id Magento_Theme::system_design_theme was processed [] []
[2025-02-10T14:16:01.049448+00:00] main.DEBUG: Add of item with id Magento_Backend::system_design_schedule was processed [] []
[2025-02-10T14:16:01.049460+00:00] main.DEBUG: Add of item with id Magento_Backend::system_store was processed [] []
[2025-02-10T14:16:01.049472+00:00] main.DEBUG: Add of item with id Magento_Backend::dashboard was processed [] []
[2025-02-10T14:16:01.049484+00:00] main.DEBUG: Add of item with id Magento_Backend::system was processed [] []
[2025-02-10T14:16:01.049500+00:00] main.DEBUG: Add of item with id Magento_Backend::system_tools was processed [] []
[2025-02-10T14:16:01.049515+00:00] main.DEBUG: Add of item with id Magento_Backend::system_design was processed [] []
[2025-02-10T14:16:01.049528+00:00] main.DEBUG: Add of item with id Magento_Backend::system_convert was processed [] []
[2025-02-10T14:16:01.049543+00:00] main.DEBUG: Add of item with id Magento_Backend::system_cache was processed [] []
[2025-02-10T14:16:01.049556+00:00] main.DEBUG: Add of item with id Magento_Backend::marketing was processed [] []
[2025-02-10T14:16:01.049573+00:00] main.DEBUG: Add of item with id Magento_Backend::marketing_communications was processed [] []
[2025-02-10T14:16:01.049590+00:00] main.DEBUG: Add of item with id Magento_Backend::marketing_seo was processed [] []
[2025-02-10T14:16:01.049604+00:00] main.DEBUG: Add of item with id Magento_Backend::marketing_user_content was processed [] []
[2025-02-10T14:16:01.049616+00:00] main.DEBUG: Add of item with id Magento_Backend::content was processed [] []
[2025-02-10T14:16:01.049628+00:00] main.DEBUG: Add of item with id Magento_Backend::content_elements was processed [] []
[2025-02-10T14:16:01.049639+00:00] main.DEBUG: Add of item with id Magento_Backend::stores was processed [] []
[2025-02-10T14:16:01.049654+00:00] main.DEBUG: Add of item with id Magento_Backend::stores_settings was processed [] []
[2025-02-10T14:16:01.049667+00:00] main.DEBUG: Add of item with id Magento_Backend::stores_attributes was processed [] []
[2025-02-10T14:16:01.049679+00:00] main.DEBUG: Add of item with id Magento_Backend::other_settings was processed [] []
[2025-02-10T14:16:01.049690+00:00] main.DEBUG: Add of item with id Magento_Backend::system_other_settings was processed [] []
[2025-02-10T14:16:01.049702+00:00] main.DEBUG: Add of item with id Magento_User::system_acl was processed [] []
[2025-02-10T14:16:01.049716+00:00] main.DEBUG: Add of item with id Magento_User::system_acl_users was processed [] []
[2025-02-10T14:16:01.049729+00:00] main.DEBUG: Add of item with id Magento_User::system_acl_roles was processed [] []
[2025-02-10T14:16:01.049741+00:00] main.DEBUG: Add of item with id Magento_User::system_acl_locks was processed [] []
[2025-02-10T14:16:01.049753+00:00] main.DEBUG: Add of item with id Magento_Customer::customer was processed [] []
[2025-02-10T14:16:01.049767+00:00] main.DEBUG: Add of item with id Magento_Customer::customer_manage was processed [] []
[2025-02-10T14:16:01.049787+00:00] main.DEBUG: Add of item with id Magento_Customer::customer_online was processed [] []
[2025-02-10T14:16:01.049799+00:00] main.DEBUG: Add of item with id Magento_Customer::customer_group was processed [] []
[2025-02-10T14:16:01.049811+00:00] main.DEBUG: Add of item with id Magento_Backup::system_tools_backup was processed [] []
[2025-02-10T14:16:01.049822+00:00] main.DEBUG: Add of item with id Magento_Indexer::system_index was processed [] []
[2025-02-10T14:16:01.049834+00:00] main.DEBUG: Add of item with id Magento_Variable::system_variable was processed [] []
[2025-02-10T14:16:01.049848+00:00] main.DEBUG: Add of item with id Magento_Cms::cms_page was processed [] []
[2025-02-10T14:16:01.049861+00:00] main.DEBUG: Add of item with id Magento_Cms::cms_block was processed [] []
[2025-02-10T14:16:01.049872+00:00] main.DEBUG: Add of item with id Magento_Catalog::catalog was processed [] []
[2025-02-10T14:16:01.049887+00:00] main.DEBUG: Add of item with id Magento_Catalog::catalog_products was processed [] []
[2025-02-10T14:16:01.049899+00:00] main.DEBUG: Add of item with id Magento_Catalog::catalog_categories was processed [] []
[2025-02-10T14:16:01.049914+00:00] main.DEBUG: Add of item with id Magento_Catalog::catalog_attributes_attributes was processed [] []
[2025-02-10T14:16:01.049926+00:00] main.DEBUG: Add of item with id Magento_Catalog::catalog_attributes_sets was processed [] []
[2025-02-10T14:16:01.049940+00:00] main.DEBUG: Add of item with id Magento_Catalog::inventory was processed [] []
[2025-02-10T14:16:01.049953+00:00] main.DEBUG: Add of item with id Magento_Integration::system_extensions was processed [] []
[2025-02-10T14:16:01.049969+00:00] main.DEBUG: Add of item with id Magento_Integration::system_integrations was processed [] []
[2025-02-10T14:16:01.049983+00:00] main.DEBUG: Add of item with id Magento_Search::search_terms was processed [] []
[2025-02-10T14:16:01.049996+00:00] main.DEBUG: Add of item with id Magento_Search::search_synonyms was processed [] []
[2025-02-10T14:16:01.050007+00:00] main.DEBUG: Add of item with id Magento_CatalogRule::promo was processed [] []
[2025-02-10T14:16:01.050021+00:00] main.DEBUG: Add of item with id Magento_CatalogRule::promo_catalog was processed [] []
[2025-02-10T14:16:01.050033+00:00] main.DEBUG: Add of item with id Magento_Sales::sales was processed [] []
[2025-02-10T14:16:01.050047+00:00] main.DEBUG: Add of item with id Magento_Sales::sales_operation was processed [] []
[2025-02-10T14:16:01.050060+00:00] main.DEBUG: Add of item with id Magento_Sales::sales_order was processed [] []
[2025-02-10T14:16:01.050072+00:00] main.DEBUG: Add of item with id Magento_Sales::sales_invoice was processed [] []
[2025-02-10T14:16:01.050084+00:00] main.DEBUG: Add of item with id Magento_Sales::sales_shipment was processed [] []
[2025-02-10T14:16:01.050095+00:00] main.DEBUG: Add of item with id Magento_Sales::sales_creditmemo was processed [] []
[2025-02-10T14:16:01.050105+00:00] main.DEBUG: Add of item with id Magento_Sales::sales_transactions was processed [] []
[2025-02-10T14:16:01.050116+00:00] main.DEBUG: Add of item with id Magento_Sales::system_order_statuses was processed [] []
[2025-02-10T14:16:01.050127+00:00] main.DEBUG: Add of item with id Magento_MediaGalleryUi::media was processed [] []
[2025-02-10T14:16:01.050141+00:00] main.DEBUG: Add of item with id Magento_MediaGalleryUi::media_gallery was processed [] []
[2025-02-10T14:16:01.050155+00:00] main.DEBUG: Add of item with id Magento_Downloadable::report_products_downloads was processed [] []
[2025-02-10T14:16:01.050167+00:00] main.DEBUG: Add of item with id Magento_UrlRewrite::urlrewrite was processed [] []
[2025-02-10T14:16:01.050178+00:00] main.DEBUG: Add of item with id Magento_Tax::sales_tax was processed [] []
[2025-02-10T14:16:01.050192+00:00] main.DEBUG: Add of item with id Magento_Tax::sales_tax_rules was processed [] []
[2025-02-10T14:16:01.050204+00:00] main.DEBUG: Add of item with id Magento_Tax::sales_tax_rates was processed [] []
[2025-02-10T14:16:01.050217+00:00] main.DEBUG: Add of item with id Magento_Widget::cms_widget_instance was processed [] []
[2025-02-10T14:16:01.050232+00:00] main.DEBUG: Add of item with id Magento_Analytics::business_intelligence was processed [] []
[2025-02-10T14:16:01.050247+00:00] main.DEBUG: Add of item with id Magento_Analytics::advanced_reporting was processed [] []
[2025-02-10T14:16:01.050259+00:00] main.DEBUG: Add of item with id Magento_Analytics::bi_essentials was processed [] []
[2025-02-10T14:16:01.050273+00:00] main.DEBUG: Add of item with id Magento_Newsletter::newsletter_template was processed [] []
[2025-02-10T14:16:01.050286+00:00] main.DEBUG: Add of item with id Magento_Newsletter::newsletter_queue was processed [] []
[2025-02-10T14:16:01.050297+00:00] main.DEBUG: Add of item with id Magento_Newsletter::newsletter_subscriber was processed [] []
[2025-02-10T14:16:01.050310+00:00] main.DEBUG: Add of item with id Magento_Newsletter::newsletter_problem was processed [] []
[2025-02-10T14:16:01.050324+00:00] main.DEBUG: Add of item with id Magento_ImportExport::system_convert_import was processed [] []
[2025-02-10T14:16:01.050337+00:00] main.DEBUG: Add of item with id Magento_ImportExport::system_convert_export was processed [] []
[2025-02-10T14:16:01.050349+00:00] main.DEBUG: Add of item with id Magento_ImportExport::system_convert_history was processed [] []
[2025-02-10T14:16:01.050360+00:00] main.DEBUG: Add of item with id Magento_Email::template was processed [] []
[2025-02-10T14:16:01.050371+00:00] main.DEBUG: Add of item with id Magento_EncryptionKey::system_crypt_key was processed [] []
[2025-02-10T14:16:01.050381+00:00] main.DEBUG: Add of item with id Magento_InventoryAdminUi::inventory was processed [] []
[2025-02-10T14:16:01.050394+00:00] main.DEBUG: Add of item with id Magento_InventoryAdminUi::source was processed [] []
[2025-02-10T14:16:01.050406+00:00] main.DEBUG: Add of item with id Magento_InventoryAdminUi::stock was processed [] []
[2025-02-10T14:16:01.050417+00:00] main.DEBUG: Add of item with id Magento_Reports::report was processed [] []
[2025-02-10T14:16:01.050428+00:00] main.DEBUG: Add of item with id Magento_Reports::report_marketing was processed [] []
[2025-02-10T14:16:01.050439+00:00] main.DEBUG: Add of item with id Magento_Reports::report_salesroot was processed [] []
[2025-02-10T14:16:01.050452+00:00] main.DEBUG: Add of item with id Magento_Reports::report_salesroot_sales was processed [] []
[2025-02-10T14:16:01.050464+00:00] main.DEBUG: Add of item with id Magento_Reports::report_salesroot_tax was processed [] []
[2025-02-10T14:16:01.050475+00:00] main.DEBUG: Add of item with id Magento_Reports::report_salesroot_invoiced was processed [] []
[2025-02-10T14:16:01.050486+00:00] main.DEBUG: Add of item with id Magento_Reports::report_salesroot_shipping was processed [] []
[2025-02-10T14:16:01.050496+00:00] main.DEBUG: Add of item with id Magento_Reports::report_salesroot_refunded was processed [] []
[2025-02-10T14:16:01.050507+00:00] main.DEBUG: Add of item with id Magento_Reports::report_salesroot_coupons was processed [] []
[2025-02-10T14:16:01.050517+00:00] main.DEBUG: Add of item with id Magento_Reports::report_shopcart_product was processed [] []
[2025-02-10T14:16:01.050528+00:00] main.DEBUG: Add of item with id Magento_Reports::report_shopcart_abandoned was processed [] []
[2025-02-10T14:16:01.050538+00:00] main.DEBUG: Add of item with id Magento_Reports::report_products was processed [] []
[2025-02-10T14:16:01.050548+00:00] main.DEBUG: Add of item with id Magento_Reports::report_products_bestsellers was processed [] []
[2025-02-10T14:16:01.050558+00:00] main.DEBUG: Add of item with id Magento_Reports::report_products_sold was processed [] []
[2025-02-10T14:16:01.050569+00:00] main.DEBUG: Add of item with id Magento_Reports::report_products_viewed was processed [] []
[2025-02-10T14:16:01.050579+00:00] main.DEBUG: Add of item with id Magento_Reports::report_products_lowstock was processed [] []
[2025-02-10T14:16:01.050594+00:00] main.DEBUG: Add of item with id Magento_Reports::report_customers was processed [] []
[2025-02-10T14:16:01.050612+00:00] main.DEBUG: Add of item with id Magento_Reports::report_customers_accounts was processed [] []
[2025-02-10T14:16:01.050626+00:00] main.DEBUG: Add of item with id Magento_Reports::report_customers_totals was processed [] []
[2025-02-10T14:16:01.050639+00:00] main.DEBUG: Add of item with id Magento_Reports::report_customers_orders was processed [] []
[2025-02-10T14:16:01.050651+00:00] main.DEBUG: Add of item with id Magento_Reports::report_statistics was processed [] []
[2025-02-10T14:16:01.050666+00:00] main.DEBUG: Add of item with id Magento_Reports::report_statistics_refresh was processed [] []
[2025-02-10T14:16:01.050680+00:00] main.DEBUG: Add of item with id Magento_Search::report_search_term was processed [] []
[2025-02-10T14:16:01.050693+00:00] main.DEBUG: Add of item with id Magento_LoginAsCustomerLog::login_log was processed [] []
[2025-02-10T14:16:01.050705+00:00] main.DEBUG: Add of item with id Magento_Marketplace::partners was processed [] []
[2025-02-10T14:16:01.050718+00:00] main.DEBUG: Add of item with id Magento_SalesRule::promo_quote was processed [] []
[2025-02-10T14:16:01.050730+00:00] main.DEBUG: Add of item with id Magento_Sitemap::catalog_sitemap was processed [] []
[2025-02-10T14:16:01.050742+00:00] main.DEBUG: Add of item with id Magento_PageBuilder::templates was processed [] []
[2025-02-10T14:16:01.050753+00:00] main.DEBUG: Add of item with id Magento_PaymentServicesDashboard::paymentservicesdashboard was processed [] []
[2025-02-10T14:16:01.050764+00:00] main.DEBUG: Add of item with id Magento_Paypal::report_salesroot_paypal_settlement_reports was processed [] []
[2025-02-10T14:16:01.050775+00:00] main.DEBUG: Add of item with id Magento_Paypal::paypal_billing_agreement was processed [] []
[2025-02-10T14:16:01.050785+00:00] main.DEBUG: Add of item with id Magento_Review::catalog_reviews_ratings_ratings was processed [] []
[2025-02-10T14:16:01.050799+00:00] main.DEBUG: Add of item with id Magento_Review::catalog_reviews_ratings_pending was processed [] []
[2025-02-10T14:16:01.050810+00:00] main.DEBUG: Add of item with id Magento_Review::catalog_reviews_ratings_reviews_all was processed [] []
[2025-02-10T14:16:01.050821+00:00] main.DEBUG: Add of item with id Magento_Review::report_review was processed [] []
[2025-02-10T14:16:01.050835+00:00] main.DEBUG: Add of item with id Magento_Review::report_review_customer was processed [] []
[2025-02-10T14:16:01.050847+00:00] main.DEBUG: Add of item with id Magento_Review::report_review_product was processed [] []
[2025-02-10T14:16:01.050858+00:00] main.DEBUG: Add of item with id Magento_ServicesId::configuration was processed [] []
[2025-02-10T14:16:01.050871+00:00] main.DEBUG: Add of item with id Magento_ServicesId::services_id was processed [] []
[2025-02-10T14:16:01.050883+00:00] main.DEBUG: Add of item with id Magento_CheckoutAgreements::sales_checkoutagreement was processed [] []
[2025-02-10T14:16:01.050894+00:00] main.DEBUG: Add of item with id Magento_TaxImportExport::system_convert_tax was processed [] []
[2025-02-10T14:16:01.050904+00:00] main.DEBUG: Add of item with id Magento_AsynchronousOperations::system_magento_logging was processed [] []
[2025-02-10T14:16:01.050918+00:00] main.DEBUG: Add of item with id Magento_AsynchronousOperations::system_magento_logging_bulk_operations was processed [] []
[2025-02-10T14:16:01.050930+00:00] main.DEBUG: Add of item with id Magento_CurrencySymbol::system_currency was processed [] []
[2025-02-10T14:16:01.050944+00:00] main.DEBUG: Add of item with id Magento_CurrencySymbol::system_currency_rates was processed [] []
[2025-02-10T14:16:01.050956+00:00] main.DEBUG: Add of item with id Magento_CurrencySymbol::system_currency_symbols was processed [] []
[2025-02-10T14:16:01.050967+00:00] main.DEBUG: Add of item with id Magebit_Faq::faq was processed [] []
[2025-02-10T14:16:01.050979+00:00] main.DEBUG: Add of item with id Magebit_GridRender::content_elements was processed [] []
[2025-02-10T14:16:01.050993+00:00] main.DEBUG: Add of item with id Magebit_GridRender::post was processed [] []
[2025-02-10T14:16:01.051007+00:00] main.DEBUG: Add of item with id PayPal_Braintree::settlement_report was processed [] []
[2025-02-10T14:16:01.051019+00:00] main.DEBUG: Add of item with id PayPal_Braintree::virtual_terminal was processed [] []
[2025-02-10T14:16:12.585093+00:00] main.DEBUG: cache_invalidate:  {"method":"GET","url":"http:/","invalidateInfo":{"tags":["FPC"],"mode":"matchingTag"}} []
[2025-02-10T14:16:15.053704+00:00] main.INFO: Broken reference: the 'notification.messages' tries to reorder itself towards 'user', but their parents are different: 'header.inner.right' and 'header' respectively. [] []
[2025-02-10T14:16:15.075392+00:00] main.DEBUG: Item Magento_Backend::system_currency was removed [] []
[2025-02-10T14:16:15.076557+00:00] main.DEBUG: Add of item with id Magento_Config::system_config was processed [] []
[2025-02-10T14:16:15.076598+00:00] main.DEBUG: Add of item with id Magento_AdminNotification::system_adminnotification was processed [] []
[2025-02-10T14:16:15.076631+00:00] main.DEBUG: Add of item with id Magento_Theme::design_config was processed [] []
[2025-02-10T14:16:15.076646+00:00] main.DEBUG: Add of item with id Magento_Theme::system_design_theme was processed [] []
[2025-02-10T14:16:15.076660+00:00] main.DEBUG: Add of item with id Magento_Backend::system_design_schedule was processed [] []
[2025-02-10T14:16:15.076673+00:00] main.DEBUG: Add of item with id Magento_Backend::system_store was processed [] []
[2025-02-10T14:16:15.076685+00:00] main.DEBUG: Add of item with id Magento_Backend::dashboard was processed [] []
[2025-02-10T14:16:15.076697+00:00] main.DEBUG: Add of item with id Magento_Backend::system was processed [] []
[2025-02-10T14:16:15.076724+00:00] main.DEBUG: Add of item with id Magento_Backend::system_tools was processed [] []
[2025-02-10T14:16:15.076741+00:00] main.DEBUG: Add of item with id Magento_Backend::system_design was processed [] []
[2025-02-10T14:16:15.076754+00:00] main.DEBUG: Add of item with id Magento_Backend::system_convert was processed [] []
[2025-02-10T14:16:15.076770+00:00] main.DEBUG: Add of item with id Magento_Backend::system_cache was processed [] []
[2025-02-10T14:16:15.076781+00:00] main.DEBUG: Add of item with id Magento_Backend::marketing was processed [] []
[2025-02-10T14:16:15.076795+00:00] main.DEBUG: Add of item with id Magento_Backend::marketing_communications was processed [] []
[2025-02-10T14:16:15.076807+00:00] main.DEBUG: Add of item with id Magento_Backend::marketing_seo was processed [] []
[2025-02-10T14:16:15.076818+00:00] main.DEBUG: Add of item with id Magento_Backend::marketing_user_content was processed [] []
[2025-02-10T14:16:15.076829+00:00] main.DEBUG: Add of item with id Magento_Backend::content was processed [] []
[2025-02-10T14:16:15.076840+00:00] main.DEBUG: Add of item with id Magento_Backend::content_elements was processed [] []
[2025-02-10T14:16:15.076850+00:00] main.DEBUG: Add of item with id Magento_Backend::stores was processed [] []
[2025-02-10T14:16:15.076863+00:00] main.DEBUG: Add of item with id Magento_Backend::stores_settings was processed [] []
[2025-02-10T14:16:15.076875+00:00] main.DEBUG: Add of item with id Magento_Backend::stores_attributes was processed [] []
[2025-02-10T14:16:15.076886+00:00] main.DEBUG: Add of item with id Magento_Backend::other_settings was processed [] []
[2025-02-10T14:16:15.076896+00:00] main.DEBUG: Add of item with id Magento_Backend::system_other_settings was processed [] []
[2025-02-10T14:16:15.076907+00:00] main.DEBUG: Add of item with id Magento_User::system_acl was processed [] []
[2025-02-10T14:16:15.076920+00:00] main.DEBUG: Add of item with id Magento_User::system_acl_users was processed [] []
[2025-02-10T14:16:15.076932+00:00] main.DEBUG: Add of item with id Magento_User::system_acl_roles was processed [] []
[2025-02-10T14:16:15.076943+00:00] main.DEBUG: Add of item with id Magento_User::system_acl_locks was processed [] []
[2025-02-10T14:16:15.076953+00:00] main.DEBUG: Add of item with id Magento_Customer::customer was processed [] []
[2025-02-10T14:16:15.076976+00:00] main.DEBUG: Add of item with id Magento_Customer::customer_manage was processed [] []
[2025-02-10T14:16:15.076988+00:00] main.DEBUG: Add of item with id Magento_Customer::customer_online was processed [] []
[2025-02-10T14:16:15.076999+00:00] main.DEBUG: Add of item with id Magento_Customer::customer_group was processed [] []
[2025-02-10T14:16:15.077009+00:00] main.DEBUG: Add of item with id Magento_Backup::system_tools_backup was processed [] []
[2025-02-10T14:16:15.077020+00:00] main.DEBUG: Add of item with id Magento_Indexer::system_index was processed [] []
[2025-02-10T14:16:15.077031+00:00] main.DEBUG: Add of item with id Magento_Variable::system_variable was processed [] []
[2025-02-10T14:16:15.077045+00:00] main.DEBUG: Add of item with id Magento_Cms::cms_page was processed [] []
[2025-02-10T14:16:15.077057+00:00] main.DEBUG: Add of item with id Magento_Cms::cms_block was processed [] []
[2025-02-10T14:16:15.077068+00:00] main.DEBUG: Add of item with id Magento_Catalog::catalog was processed [] []
[2025-02-10T14:16:15.077084+00:00] main.DEBUG: Add of item with id Magento_Catalog::catalog_products was processed [] []
[2025-02-10T14:16:15.077096+00:00] main.DEBUG: Add of item with id Magento_Catalog::catalog_categories was processed [] []
[2025-02-10T14:16:15.077110+00:00] main.DEBUG: Add of item with id Magento_Catalog::catalog_attributes_attributes was processed [] []
[2025-02-10T14:16:15.077122+00:00] main.DEBUG: Add of item with id Magento_Catalog::catalog_attributes_sets was processed [] []
[2025-02-10T14:16:15.077136+00:00] main.DEBUG: Add of item with id Magento_Catalog::inventory was processed [] []
[2025-02-10T14:16:15.077147+00:00] main.DEBUG: Add of item with id Magento_Integration::system_extensions was processed [] []
[2025-02-10T14:16:15.077161+00:00] main.DEBUG: Add of item with id Magento_Integration::system_integrations was processed [] []
[2025-02-10T14:16:15.077176+00:00] main.DEBUG: Add of item with id Magento_Search::search_terms was processed [] []
[2025-02-10T14:16:15.077187+00:00] main.DEBUG: Add of item with id Magento_Search::search_synonyms was processed [] []
[2025-02-10T14:16:15.077198+00:00] main.DEBUG: Add of item with id Magento_CatalogRule::promo was processed [] []
[2025-02-10T14:16:15.077212+00:00] main.DEBUG: Add of item with id Magento_CatalogRule::promo_catalog was processed [] []
[2025-02-10T14:16:15.077223+00:00] main.DEBUG: Add of item with id Magento_Sales::sales was processed [] []
[2025-02-10T14:16:15.077236+00:00] main.DEBUG: Add of item with id Magento_Sales::sales_operation was processed [] []
[2025-02-10T14:16:15.077250+00:00] main.DEBUG: Add of item with id Magento_Sales::sales_order was processed [] []
[2025-02-10T14:16:15.077262+00:00] main.DEBUG: Add of item with id Magento_Sales::sales_invoice was processed [] []
[2025-02-10T14:16:15.077273+00:00] main.DEBUG: Add of item with id Magento_Sales::sales_shipment was processed [] []
[2025-02-10T14:16:15.077284+00:00] main.DEBUG: Add of item with id Magento_Sales::sales_creditmemo was processed [] []
[2025-02-10T14:16:15.077295+00:00] main.DEBUG: Add of item with id Magento_Sales::sales_transactions was processed [] []
[2025-02-10T14:16:15.077305+00:00] main.DEBUG: Add of item with id Magento_Sales::system_order_statuses was processed [] []
[2025-02-10T14:16:15.077316+00:00] main.DEBUG: Add of item with id Magento_MediaGalleryUi::media was processed [] []
[2025-02-10T14:16:15.077329+00:00] main.DEBUG: Add of item with id Magento_MediaGalleryUi::media_gallery was processed [] []
[2025-02-10T14:16:15.077344+00:00] main.DEBUG: Add of item with id Magento_Downloadable::report_products_downloads was processed [] []
[2025-02-10T14:16:15.077355+00:00] main.DEBUG: Add of item with id Magento_UrlRewrite::urlrewrite was processed [] []
[2025-02-10T14:16:15.077366+00:00] main.DEBUG: Add of item with id Magento_Tax::sales_tax was processed [] []
[2025-02-10T14:16:15.077380+00:00] main.DEBUG: Add of item with id Magento_Tax::sales_tax_rules was processed [] []
[2025-02-10T14:16:15.077394+00:00] main.DEBUG: Add of item with id Magento_Tax::sales_tax_rates was processed [] []
[2025-02-10T14:16:15.077405+00:00] main.DEBUG: Add of item with id Magento_Widget::cms_widget_instance was processed [] []
[2025-02-10T14:16:15.077418+00:00] main.DEBUG: Add of item with id Magento_Analytics::business_intelligence was processed [] []
[2025-02-10T14:16:15.077433+00:00] main.DEBUG: Add of item with id Magento_Analytics::advanced_reporting was processed [] []
[2025-02-10T14:16:15.077445+00:00] main.DEBUG: Add of item with id Magento_Analytics::bi_essentials was processed [] []
[2025-02-10T14:16:15.077458+00:00] main.DEBUG: Add of item with id Magento_Newsletter::newsletter_template was processed [] []
[2025-02-10T14:16:15.077470+00:00] main.DEBUG: Add of item with id Magento_Newsletter::newsletter_queue was processed [] []
[2025-02-10T14:16:15.077481+00:00] main.DEBUG: Add of item with id Magento_Newsletter::newsletter_subscriber was processed [] []
[2025-02-10T14:16:15.077494+00:00] main.DEBUG: Add of item with id Magento_Newsletter::newsletter_problem was processed [] []
[2025-02-10T14:16:15.077508+00:00] main.DEBUG: Add of item with id Magento_ImportExport::system_convert_import was processed [] []
[2025-02-10T14:16:15.077519+00:00] main.DEBUG: Add of item with id Magento_ImportExport::system_convert_export was processed [] []
[2025-02-10T14:16:15.077530+00:00] main.DEBUG: Add of item with id Magento_ImportExport::system_convert_history was processed [] []
[2025-02-10T14:16:15.077541+00:00] main.DEBUG: Add of item with id Magento_Email::template was processed [] []
[2025-02-10T14:16:15.077552+00:00] main.DEBUG: Add of item with id Magento_EncryptionKey::system_crypt_key was processed [] []
[2025-02-10T14:16:15.077562+00:00] main.DEBUG: Add of item with id Magento_InventoryAdminUi::inventory was processed [] []
[2025-02-10T14:16:15.077576+00:00] main.DEBUG: Add of item with id Magento_InventoryAdminUi::source was processed [] []
[2025-02-10T14:16:15.077590+00:00] main.DEBUG: Add of item with id Magento_InventoryAdminUi::stock was processed [] []
[2025-02-10T14:16:15.077602+00:00] main.DEBUG: Add of item with id Magento_Reports::report was processed [] []
[2025-02-10T14:16:15.077615+00:00] main.DEBUG: Add of item with id Magento_Reports::report_marketing was processed [] []
[2025-02-10T14:16:15.077627+00:00] main.DEBUG: Add of item with id Magento_Reports::report_salesroot was processed [] []
[2025-02-10T14:16:15.077641+00:00] main.DEBUG: Add of item with id Magento_Reports::report_salesroot_sales was processed [] []
[2025-02-10T14:16:15.077654+00:00] main.DEBUG: Add of item with id Magento_Reports::report_salesroot_tax was processed [] []
[2025-02-10T14:16:15.077666+00:00] main.DEBUG: Add of item with id Magento_Reports::report_salesroot_invoiced was processed [] []
[2025-02-10T14:16:15.077678+00:00] main.DEBUG: Add of item with id Magento_Reports::report_salesroot_shipping was processed [] []
[2025-02-10T14:16:15.077689+00:00] main.DEBUG: Add of item with id Magento_Reports::report_salesroot_refunded was processed [] []
[2025-02-10T14:16:15.077701+00:00] main.DEBUG: Add of item with id Magento_Reports::report_salesroot_coupons was processed [] []
[2025-02-10T14:16:15.077713+00:00] main.DEBUG: Add of item with id Magento_Reports::report_shopcart_product was processed [] []
[2025-02-10T14:16:15.077724+00:00] main.DEBUG: Add of item with id Magento_Reports::report_shopcart_abandoned was processed [] []
[2025-02-10T14:16:15.077735+00:00] main.DEBUG: Add of item with id Magento_Reports::report_products was processed [] []
[2025-02-10T14:16:15.077747+00:00] main.DEBUG: Add of item with id Magento_Reports::report_products_bestsellers was processed [] []
[2025-02-10T14:16:15.077757+00:00] main.DEBUG: Add of item with id Magento_Reports::report_products_sold was processed [] []
[2025-02-10T14:16:15.077767+00:00] main.DEBUG: Add of item with id Magento_Reports::report_products_viewed was processed [] []
[2025-02-10T14:16:15.077777+00:00] main.DEBUG: Add of item with id Magento_Reports::report_products_lowstock was processed [] []
[2025-02-10T14:16:15.077789+00:00] main.DEBUG: Add of item with id Magento_Reports::report_customers was processed [] []
[2025-02-10T14:16:15.077803+00:00] main.DEBUG: Add of item with id Magento_Reports::report_customers_accounts was processed [] []
[2025-02-10T14:16:15.077815+00:00] main.DEBUG: Add of item with id Magento_Reports::report_customers_totals was processed [] []
[2025-02-10T14:16:15.077826+00:00] main.DEBUG: Add of item with id Magento_Reports::report_customers_orders was processed [] []
[2025-02-10T14:16:15.077836+00:00] main.DEBUG: Add of item with id Magento_Reports::report_statistics was processed [] []
[2025-02-10T14:16:15.077850+00:00] main.DEBUG: Add of item with id Magento_Reports::report_statistics_refresh was processed [] []
[2025-02-10T14:16:15.077862+00:00] main.DEBUG: Add of item with id Magento_Search::report_search_term was processed [] []
[2025-02-10T14:16:15.077873+00:00] main.DEBUG: Add of item with id Magento_LoginAsCustomerLog::login_log was processed [] []
[2025-02-10T14:16:15.077883+00:00] main.DEBUG: Add of item with id Magento_Marketplace::partners was processed [] []
[2025-02-10T14:16:15.077894+00:00] main.DEBUG: Add of item with id Magento_SalesRule::promo_quote was processed [] []
[2025-02-10T14:16:15.077905+00:00] main.DEBUG: Add of item with id Magento_Sitemap::catalog_sitemap was processed [] []
[2025-02-10T14:16:15.077915+00:00] main.DEBUG: Add of item with id Magento_PageBuilder::templates was processed [] []
[2025-02-10T14:16:15.077925+00:00] main.DEBUG: Add of item with id Magento_PaymentServicesDashboard::paymentservicesdashboard was processed [] []
[2025-02-10T14:16:15.077936+00:00] main.DEBUG: Add of item with id Magento_Paypal::report_salesroot_paypal_settlement_reports was processed [] []
[2025-02-10T14:16:15.077947+00:00] main.DEBUG: Add of item with id Magento_Paypal::paypal_billing_agreement was processed [] []
[2025-02-10T14:16:15.077958+00:00] main.DEBUG: Add of item with id Magento_Review::catalog_reviews_ratings_ratings was processed [] []
[2025-02-10T14:16:15.077972+00:00] main.DEBUG: Add of item with id Magento_Review::catalog_reviews_ratings_pending was processed [] []
[2025-02-10T14:16:15.077983+00:00] main.DEBUG: Add of item with id Magento_Review::catalog_reviews_ratings_reviews_all was processed [] []
[2025-02-10T14:16:15.077995+00:00] main.DEBUG: Add of item with id Magento_Review::report_review was processed [] []
[2025-02-10T14:16:15.078008+00:00] main.DEBUG: Add of item with id Magento_Review::report_review_customer was processed [] []
[2025-02-10T14:16:15.078029+00:00] main.DEBUG: Add of item with id Magento_Review::report_review_product was processed [] []
[2025-02-10T14:16:15.078044+00:00] main.DEBUG: Add of item with id Magento_ServicesId::configuration was processed [] []
[2025-02-10T14:16:15.078059+00:00] main.DEBUG: Add of item with id Magento_ServicesId::services_id was processed [] []
[2025-02-10T14:16:15.078072+00:00] main.DEBUG: Add of item with id Magento_CheckoutAgreements::sales_checkoutagreement was processed [] []
[2025-02-10T14:16:15.078085+00:00] main.DEBUG: Add of item with id Magento_TaxImportExport::system_convert_tax was processed [] []
[2025-02-10T14:16:15.078096+00:00] main.DEBUG: Add of item with id Magento_AsynchronousOperations::system_magento_logging was processed [] []
[2025-02-10T14:16:15.078111+00:00] main.DEBUG: Add of item with id Magento_AsynchronousOperations::system_magento_logging_bulk_operations was processed [] []
[2025-02-10T14:16:15.078124+00:00] main.DEBUG: Add of item with id Magento_CurrencySymbol::system_currency was processed [] []
[2025-02-10T14:16:15.078140+00:00] main.DEBUG: Add of item with id Magento_CurrencySymbol::system_currency_rates was processed [] []
[2025-02-10T14:16:15.078153+00:00] main.DEBUG: Add of item with id Magento_CurrencySymbol::system_currency_symbols was processed [] []
[2025-02-10T14:16:15.078166+00:00] main.DEBUG: Add of item with id Magebit_Faq::faq was processed [] []
[2025-02-10T14:16:15.078178+00:00] main.DEBUG: Add of item with id Magebit_GridRender::content_elements was processed [] []
[2025-02-10T14:16:15.078196+00:00] main.DEBUG: Add of item with id Magebit_GridRender::post was processed [] []
[2025-02-10T14:16:15.078210+00:00] main.DEBUG: Add of item with id PayPal_Braintree::settlement_report was processed [] []
[2025-02-10T14:16:15.078222+00:00] main.DEBUG: Add of item with id PayPal_Braintree::virtual_terminal was processed [] []
[2025-02-10T14:16:31.052506+00:00] main.INFO: Broken reference: the 'notification.messages' tries to reorder itself towards 'user', but their parents are different: 'header.inner.right' and 'header' respectively. [] []
[2025-02-10T14:16:46.406436+00:00] main.INFO: Broken reference: the 'catalog.compare.sidebar' element cannot be added as child to 'sidebar.additional', because the latter doesn't exist [] []
[2025-02-10T14:16:46.406557+00:00] main.INFO: Broken reference: the 'sale.reorder.sidebar' element cannot be added as child to 'sidebar.additional', because the latter doesn't exist [] []
[2025-02-10T14:16:46.406647+00:00] main.INFO: Broken reference: the 'wishlist_sidebar' element cannot be added as child to 'sidebar.additional', because the latter doesn't exist [] []
[2025-02-10T14:16:47.633439+00:00] main.ERROR: The "/var/www/magento/public/var/tmp/alternative-source-css.lock" file can't be deleted.  [] []
[2025-02-10T14:16:47.633573+00:00] main.CRITICAL: The "/var/www/magento/public/var/tmp/alternative-source-css.lock" file can't be deleted.  [] []
[2025-02-10T14:16:47.964846+00:00] main.ERROR: The "/var/www/magento/public/var/tmp/alternative-source-css.lock" file can't be deleted.  [] []
[2025-02-10T14:16:47.965011+00:00] main.CRITICAL: The "/var/www/magento/public/var/tmp/alternative-source-css.lock" file can't be deleted.  [] []
[2025-02-10T14:16:54.579403+00:00] main.DEBUG: cache_invalidate:  {"method":"GET","url":"http:/","invalidateInfo":{"tags":["FPC"],"mode":"matchingTag"}} []
[2025-02-10T14:16:56.320283+00:00] main.INFO: Broken reference: the 'catalog.compare.sidebar' element cannot be added as child to 'sidebar.additional', because the latter doesn't exist [] []
[2025-02-10T14:16:56.320443+00:00] main.INFO: Broken reference: the 'sale.reorder.sidebar' element cannot be added as child to 'sidebar.additional', because the latter doesn't exist [] []
[2025-02-10T14:16:56.320546+00:00] main.INFO: Broken reference: the 'wishlist_sidebar' element cannot be added as child to 'sidebar.additional', because the latter doesn't exist [] []
[2025-02-10T14:17:03.565968+00:00] main.DEBUG: cache_invalidate:  {"method":"GET","url":"http:/","invalidateInfo":{"identifier":"INTEGRITY_base"}} []
[2025-02-10T14:17:03.566118+00:00] main.DEBUG: cache_invalidate:  {"method":"GET","url":"http:/","invalidateInfo":{"identifier":"INTEGRITY_frontend"}} []
[2025-02-10T14:17:03.566177+00:00] main.DEBUG: cache_invalidate:  {"method":"GET","url":"http:/","invalidateInfo":{"identifier":"INTEGRITY_adminhtml"}} []
[2025-02-10T14:17:25.816578+00:00] main.DEBUG: cache_invalidate:  {"method":"GET","url":"http:/","invalidateInfo":{"tags":[],"mode":"all"}} []
[2025-02-10T14:17:25.819591+00:00] main.DEBUG: cache_invalidate:  {"method":"GET","url":"http:/","invalidateInfo":{"tags":[],"mode":"all"}} []
[2025-02-10T14:19:41.921195+00:00] main.INFO: Broken reference: the 'catalog.compare.sidebar' element cannot be added as child to 'sidebar.additional', because the latter doesn't exist [] []
[2025-02-10T14:19:41.921328+00:00] main.INFO: Broken reference: the 'sale.reorder.sidebar' element cannot be added as child to 'sidebar.additional', because the latter doesn't exist [] []
[2025-02-10T14:19:41.921427+00:00] main.INFO: Broken reference: the 'wishlist_sidebar' element cannot be added as child to 'sidebar.additional', because the latter doesn't exist [] []
[2025-02-10T14:19:46.868208+00:00] main.INFO: Broken reference: the 'notification.messages' tries to reorder itself towards 'user', but their parents are different: 'header.inner.right' and 'header' respectively. [] []
[2025-02-10T14:19:46.910434+00:00] main.DEBUG: Item Magento_Backend::system_currency was removed [] []
[2025-02-10T14:19:46.913405+00:00] main.DEBUG: Add of item with id Magento_Config::system_config was processed [] []
[2025-02-10T14:19:46.913456+00:00] main.DEBUG: Add of item with id Magento_AdminNotification::system_adminnotification was processed [] []
[2025-02-10T14:19:46.913475+00:00] main.DEBUG: Add of item with id Magento_Theme::design_config was processed [] []
[2025-02-10T14:19:46.913489+00:00] main.DEBUG: Add of item with id Magento_Theme::system_design_theme was processed [] []
[2025-02-10T14:19:46.913501+00:00] main.DEBUG: Add of item with id Magento_Backend::system_design_schedule was processed [] []
[2025-02-10T14:19:46.913513+00:00] main.DEBUG: Add of item with id Magento_Backend::system_store was processed [] []
[2025-02-10T14:19:46.913524+00:00] main.DEBUG: Add of item with id Magento_Backend::dashboard was processed [] []
[2025-02-10T14:19:46.913536+00:00] main.DEBUG: Add of item with id Magento_Backend::system was processed [] []
[2025-02-10T14:19:46.913550+00:00] main.DEBUG: Add of item with id Magento_Backend::system_tools was processed [] []
[2025-02-10T14:19:46.913564+00:00] main.DEBUG: Add of item with id Magento_Backend::system_design was processed [] []
[2025-02-10T14:19:46.913576+00:00] main.DEBUG: Add of item with id Magento_Backend::system_convert was processed [] []
[2025-02-10T14:19:46.913593+00:00] main.DEBUG: Add of item with id Magento_Backend::system_cache was processed [] []
[2025-02-10T14:19:46.913608+00:00] main.DEBUG: Add of item with id Magento_Backend::marketing was processed [] []
[2025-02-10T14:19:46.913623+00:00] main.DEBUG: Add of item with id Magento_Backend::marketing_communications was processed [] []
[2025-02-10T14:19:46.913637+00:00] main.DEBUG: Add of item with id Magento_Backend::marketing_seo was processed [] []
[2025-02-10T14:19:46.913649+00:00] main.DEBUG: Add of item with id Magento_Backend::marketing_user_content was processed [] []
[2025-02-10T14:19:46.913661+00:00] main.DEBUG: Add of item with id Magento_Backend::content was processed [] []
[2025-02-10T14:19:46.913673+00:00] main.DEBUG: Add of item with id Magento_Backend::content_elements was processed [] []
[2025-02-10T14:19:46.913685+00:00] main.DEBUG: Add of item with id Magento_Backend::stores was processed [] []
[2025-02-10T14:19:46.913700+00:00] main.DEBUG: Add of item with id Magento_Backend::stores_settings was processed [] []
[2025-02-10T14:19:46.913714+00:00] main.DEBUG: Add of item with id Magento_Backend::stores_attributes was processed [] []
[2025-02-10T14:19:46.913726+00:00] main.DEBUG: Add of item with id Magento_Backend::other_settings was processed [] []
[2025-02-10T14:19:46.913737+00:00] main.DEBUG: Add of item with id Magento_Backend::system_other_settings was processed [] []
[2025-02-10T14:19:46.913748+00:00] main.DEBUG: Add of item with id Magento_User::system_acl was processed [] []
[2025-02-10T14:19:46.913761+00:00] main.DEBUG: Add of item with id Magento_User::system_acl_users was processed [] []
[2025-02-10T14:19:46.913773+00:00] main.DEBUG: Add of item with id Magento_User::system_acl_roles was processed [] []
[2025-02-10T14:19:46.913784+00:00] main.DEBUG: Add of item with id Magento_User::system_acl_locks was processed [] []
[2025-02-10T14:19:46.913794+00:00] main.DEBUG: Add of item with id Magento_Customer::customer was processed [] []
[2025-02-10T14:19:46.913807+00:00] main.DEBUG: Add of item with id Magento_Customer::customer_manage was processed [] []
[2025-02-10T14:19:46.913819+00:00] main.DEBUG: Add of item with id Magento_Customer::customer_online was processed [] []
[2025-02-10T14:19:46.913830+00:00] main.DEBUG: Add of item with id Magento_Customer::customer_group was processed [] []
[2025-02-10T14:19:46.913840+00:00] main.DEBUG: Add of item with id Magento_Backup::system_tools_backup was processed [] []
[2025-02-10T14:19:46.913851+00:00] main.DEBUG: Add of item with id Magento_Indexer::system_index was processed [] []
[2025-02-10T14:19:46.913862+00:00] main.DEBUG: Add of item with id Magento_Variable::system_variable was processed [] []
[2025-02-10T14:19:46.913875+00:00] main.DEBUG: Add of item with id Magento_Cms::cms_page was processed [] []
[2025-02-10T14:19:46.913893+00:00] main.DEBUG: Add of item with id Magento_Cms::cms_block was processed [] []
[2025-02-10T14:19:46.913905+00:00] main.DEBUG: Add of item with id Magento_Catalog::catalog was processed [] []
[2025-02-10T14:19:46.913919+00:00] main.DEBUG: Add of item with id Magento_Catalog::catalog_products was processed [] []
[2025-02-10T14:19:46.913931+00:00] main.DEBUG: Add of item with id Magento_Catalog::catalog_categories was processed [] []
[2025-02-10T14:19:46.913945+00:00] main.DEBUG: Add of item with id Magento_Catalog::catalog_attributes_attributes was processed [] []
[2025-02-10T14:19:46.913958+00:00] main.DEBUG: Add of item with id Magento_Catalog::catalog_attributes_sets was processed [] []
[2025-02-10T14:19:46.913971+00:00] main.DEBUG: Add of item with id Magento_Catalog::inventory was processed [] []
[2025-02-10T14:19:46.913983+00:00] main.DEBUG: Add of item with id Magento_Integration::system_extensions was processed [] []
[2025-02-10T14:19:46.913996+00:00] main.DEBUG: Add of item with id Magento_Integration::system_integrations was processed [] []
[2025-02-10T14:19:46.914010+00:00] main.DEBUG: Add of item with id Magento_Search::search_terms was processed [] []
[2025-02-10T14:19:46.914022+00:00] main.DEBUG: Add of item with id Magento_Search::search_synonyms was processed [] []
[2025-02-10T14:19:46.914033+00:00] main.DEBUG: Add of item with id Magento_CatalogRule::promo was processed [] []
[2025-02-10T14:19:46.914046+00:00] main.DEBUG: Add of item with id Magento_CatalogRule::promo_catalog was processed [] []
[2025-02-10T14:19:46.914057+00:00] main.DEBUG: Add of item with id Magento_Sales::sales was processed [] []
[2025-02-10T14:19:46.914070+00:00] main.DEBUG: Add of item with id Magento_Sales::sales_operation was processed [] []
[2025-02-10T14:19:46.914084+00:00] main.DEBUG: Add of item with id Magento_Sales::sales_order was processed [] []
[2025-02-10T14:19:46.914095+00:00] main.DEBUG: Add of item with id Magento_Sales::sales_invoice was processed [] []
[2025-02-10T14:19:46.914106+00:00] main.DEBUG: Add of item with id Magento_Sales::sales_shipment was processed [] []
[2025-02-10T14:19:46.914116+00:00] main.DEBUG: Add of item with id Magento_Sales::sales_creditmemo was processed [] []
[2025-02-10T14:19:46.914126+00:00] main.DEBUG: Add of item with id Magento_Sales::sales_transactions was processed [] []
[2025-02-10T14:19:46.914137+00:00] main.DEBUG: Add of item with id Magento_Sales::system_order_statuses was processed [] []
[2025-02-10T14:19:46.914147+00:00] main.DEBUG: Add of item with id Magento_MediaGalleryUi::media was processed [] []
[2025-02-10T14:19:46.914160+00:00] main.DEBUG: Add of item with id Magento_MediaGalleryUi::media_gallery was processed [] []
[2025-02-10T14:19:46.914173+00:00] main.DEBUG: Add of item with id Magento_Downloadable::report_products_downloads was processed [] []
[2025-02-10T14:19:46.914185+00:00] main.DEBUG: Add of item with id Magento_UrlRewrite::urlrewrite was processed [] []
[2025-02-10T14:19:46.914196+00:00] main.DEBUG: Add of item with id Magento_Tax::sales_tax was processed [] []
[2025-02-10T14:19:46.914209+00:00] main.DEBUG: Add of item with id Magento_Tax::sales_tax_rules was processed [] []
[2025-02-10T14:19:46.914220+00:00] main.DEBUG: Add of item with id Magento_Tax::sales_tax_rates was processed [] []
[2025-02-10T14:19:46.914231+00:00] main.DEBUG: Add of item with id Magento_Widget::cms_widget_instance was processed [] []
[2025-02-10T14:19:46.914244+00:00] main.DEBUG: Add of item with id Magento_Analytics::business_intelligence was processed [] []
[2025-02-10T14:19:46.914257+00:00] main.DEBUG: Add of item with id Magento_Analytics::advanced_reporting was processed [] []
[2025-02-10T14:19:46.914268+00:00] main.DEBUG: Add of item with id Magento_Analytics::bi_essentials was processed [] []
[2025-02-10T14:19:46.914281+00:00] main.DEBUG: Add of item with id Magento_Newsletter::newsletter_template was processed [] []
[2025-02-10T14:19:46.914292+00:00] main.DEBUG: Add of item with id Magento_Newsletter::newsletter_queue was processed [] []
[2025-02-10T14:19:46.914305+00:00] main.DEBUG: Add of item with id Magento_Newsletter::newsletter_subscriber was processed [] []
[2025-02-10T14:19:46.914319+00:00] main.DEBUG: Add of item with id Magento_Newsletter::newsletter_problem was processed [] []
[2025-02-10T14:19:46.914332+00:00] main.DEBUG: Add of item with id Magento_ImportExport::system_convert_import was processed [] []
[2025-02-10T14:19:46.914344+00:00] main.DEBUG: Add of item with id Magento_ImportExport::system_convert_export was processed [] []
[2025-02-10T14:19:46.914354+00:00] main.DEBUG: Add of item with id Magento_ImportExport::system_convert_history was processed [] []
[2025-02-10T14:19:46.914365+00:00] main.DEBUG: Add of item with id Magento_Email::template was processed [] []
[2025-02-10T14:19:46.914375+00:00] main.DEBUG: Add of item with id Magento_EncryptionKey::system_crypt_key was processed [] []
[2025-02-10T14:19:46.914385+00:00] main.DEBUG: Add of item with id Magento_InventoryAdminUi::inventory was processed [] []
[2025-02-10T14:19:46.914398+00:00] main.DEBUG: Add of item with id Magento_InventoryAdminUi::source was processed [] []
[2025-02-10T14:19:46.914409+00:00] main.DEBUG: Add of item with id Magento_InventoryAdminUi::stock was processed [] []
[2025-02-10T14:19:46.914419+00:00] main.DEBUG: Add of item with id Magento_Reports::report was processed [] []
[2025-02-10T14:19:46.914430+00:00] main.DEBUG: Add of item with id Magento_Reports::report_marketing was processed [] []
[2025-02-10T14:19:46.914441+00:00] main.DEBUG: Add of item with id Magento_Reports::report_salesroot was processed [] []
[2025-02-10T14:19:46.914454+00:00] main.DEBUG: Add of item with id Magento_Reports::report_salesroot_sales was processed [] []
[2025-02-10T14:19:46.914465+00:00] main.DEBUG: Add of item with id Magento_Reports::report_salesroot_tax was processed [] []
[2025-02-10T14:19:46.914476+00:00] main.DEBUG: Add of item with id Magento_Reports::report_salesroot_invoiced was processed [] []
[2025-02-10T14:19:46.914486+00:00] main.DEBUG: Add of item with id Magento_Reports::report_salesroot_shipping was processed [] []
[2025-02-10T14:19:46.914497+00:00] main.DEBUG: Add of item with id Magento_Reports::report_salesroot_refunded was processed [] []
[2025-02-10T14:19:46.914507+00:00] main.DEBUG: Add of item with id Magento_Reports::report_salesroot_coupons was processed [] []
[2025-02-10T14:19:46.914517+00:00] main.DEBUG: Add of item with id Magento_Reports::report_shopcart_product was processed [] []
[2025-02-10T14:19:46.914527+00:00] main.DEBUG: Add of item with id Magento_Reports::report_shopcart_abandoned was processed [] []
[2025-02-10T14:19:46.914537+00:00] main.DEBUG: Add of item with id Magento_Reports::report_products was processed [] []
[2025-02-10T14:19:46.914547+00:00] main.DEBUG: Add of item with id Magento_Reports::report_products_bestsellers was processed [] []
[2025-02-10T14:19:46.914557+00:00] main.DEBUG: Add of item with id Magento_Reports::report_products_sold was processed [] []
[2025-02-10T14:19:46.914567+00:00] main.DEBUG: Add of item with id Magento_Reports::report_products_viewed was processed [] []
[2025-02-10T14:19:46.914577+00:00] main.DEBUG: Add of item with id Magento_Reports::report_products_lowstock was processed [] []
[2025-02-10T14:19:46.914589+00:00] main.DEBUG: Add of item with id Magento_Reports::report_customers was processed [] []
[2025-02-10T14:19:46.914605+00:00] main.DEBUG: Add of item with id Magento_Reports::report_customers_accounts was processed [] []
[2025-02-10T14:19:46.914618+00:00] main.DEBUG: Add of item with id Magento_Reports::report_customers_totals was processed [] []
[2025-02-10T14:19:46.914631+00:00] main.DEBUG: Add of item with id Magento_Reports::report_customers_orders was processed [] []
[2025-02-10T14:19:46.914642+00:00] main.DEBUG: Add of item with id Magento_Reports::report_statistics was processed [] []
[2025-02-10T14:19:46.914657+00:00] main.DEBUG: Add of item with id Magento_Reports::report_statistics_refresh was processed [] []
[2025-02-10T14:19:46.914673+00:00] main.DEBUG: Add of item with id Magento_Search::report_search_term was processed [] []
[2025-02-10T14:19:46.914686+00:00] main.DEBUG: Add of item with id Magento_LoginAsCustomerLog::login_log was processed [] []
[2025-02-10T14:19:46.914699+00:00] main.DEBUG: Add of item with id Magento_Marketplace::partners was processed [] []
[2025-02-10T14:19:46.914711+00:00] main.DEBUG: Add of item with id Magento_SalesRule::promo_quote was processed [] []
[2025-02-10T14:19:46.914723+00:00] main.DEBUG: Add of item with id Magento_Sitemap::catalog_sitemap was processed [] []
[2025-02-10T14:19:46.914734+00:00] main.DEBUG: Add of item with id Magento_PageBuilder::templates was processed [] []
[2025-02-10T14:19:46.914747+00:00] main.DEBUG: Add of item with id Magento_PaymentServicesDashboard::paymentservicesdashboard was processed [] []
[2025-02-10T14:19:46.914759+00:00] main.DEBUG: Add of item with id Magento_Paypal::report_salesroot_paypal_settlement_reports was processed [] []
[2025-02-10T14:19:46.914770+00:00] main.DEBUG: Add of item with id Magento_Paypal::paypal_billing_agreement was processed [] []
[2025-02-10T14:19:46.914782+00:00] main.DEBUG: Add of item with id Magento_Review::catalog_reviews_ratings_ratings was processed [] []
[2025-02-10T14:19:46.914797+00:00] main.DEBUG: Add of item with id Magento_Review::catalog_reviews_ratings_pending was processed [] []
[2025-02-10T14:19:46.914810+00:00] main.DEBUG: Add of item with id Magento_Review::catalog_reviews_ratings_reviews_all was processed [] []
[2025-02-10T14:19:46.914823+00:00] main.DEBUG: Add of item with id Magento_Review::report_review was processed [] []
[2025-02-10T14:19:46.914838+00:00] main.DEBUG: Add of item with id Magento_Review::report_review_customer was processed [] []
[2025-02-10T14:19:46.914851+00:00] main.DEBUG: Add of item with id Magento_Review::report_review_product was processed [] []
[2025-02-10T14:19:46.914863+00:00] main.DEBUG: Add of item with id Magento_ServicesId::configuration was processed [] []
[2025-02-10T14:19:46.914878+00:00] main.DEBUG: Add of item with id Magento_ServicesId::services_id was processed [] []
[2025-02-10T14:19:46.914891+00:00] main.DEBUG: Add of item with id Magento_CheckoutAgreements::sales_checkoutagreement was processed [] []
[2025-02-10T14:19:46.914903+00:00] main.DEBUG: Add of item with id Magento_TaxImportExport::system_convert_tax was processed [] []
[2025-02-10T14:19:46.914915+00:00] main.DEBUG: Add of item with id Magento_AsynchronousOperations::system_magento_logging was processed [] []
[2025-02-10T14:19:46.914929+00:00] main.DEBUG: Add of item with id Magento_AsynchronousOperations::system_magento_logging_bulk_operations was processed [] []
[2025-02-10T14:19:46.914943+00:00] main.DEBUG: Add of item with id Magento_CurrencySymbol::system_currency was processed [] []
[2025-02-10T14:19:46.914958+00:00] main.DEBUG: Add of item with id Magento_CurrencySymbol::system_currency_rates was processed [] []
[2025-02-10T14:19:46.914971+00:00] main.DEBUG: Add of item with id Magento_CurrencySymbol::system_currency_symbols was processed [] []
[2025-02-10T14:19:46.914983+00:00] main.DEBUG: Add of item with id Magebit_Faq::faq was processed [] []
[2025-02-10T14:19:46.914996+00:00] main.DEBUG: Add of item with id Magebit_GridRender::content_elements was processed [] []
[2025-02-10T14:19:46.915012+00:00] main.DEBUG: Add of item with id Magebit_GridRender::post was processed [] []
[2025-02-10T14:19:46.915025+00:00] main.DEBUG: Add of item with id PayPal_Braintree::settlement_report was processed [] []
[2025-02-10T14:19:46.915038+00:00] main.DEBUG: Add of item with id PayPal_Braintree::virtual_terminal was processed [] []
[2025-02-10T14:19:49.837505+00:00] main.INFO: Broken reference: the 'notification.messages' tries to reorder itself towards 'user', but their parents are different: 'header.inner.right' and 'header' respectively. [] []
[2025-02-10T14:19:53.443871+00:00] main.INFO: Broken reference: the 'notification.messages' tries to reorder itself towards 'user', but their parents are different: 'header.inner.right' and 'header' respectively. [] []
[2025-02-10T14:19:59.657695+00:00] main.DEBUG: cache_invalidate:  {"method":"GET","url":"http:/","invalidateInfo":{"tags":["FPC"],"mode":"matchingTag"}} []
[2025-02-10T14:20:01.457980+00:00] main.INFO: Broken reference: the 'catalog.compare.sidebar' element cannot be added as child to 'sidebar.additional', because the latter doesn't exist [] []
[2025-02-10T14:20:01.458209+00:00] main.INFO: Broken reference: the 'sale.reorder.sidebar' element cannot be added as child to 'sidebar.additional', because the latter doesn't exist [] []
[2025-02-10T14:20:01.458369+00:00] main.INFO: Broken reference: the 'wishlist_sidebar' element cannot be added as child to 'sidebar.additional', because the latter doesn't exist [] []
[2025-02-10T14:21:20.896945+00:00] main.DEBUG: cache_invalidate:  {"method":"GET","url":"http:/","invalidateInfo":{"tags":["FPC"],"mode":"matchingTag"}} []
[2025-02-10T14:21:22.633412+00:00] main.INFO: Broken reference: the 'catalog.compare.sidebar' element cannot be added as child to 'sidebar.additional', because the latter doesn't exist [] []
[2025-02-10T14:21:22.633576+00:00] main.INFO: Broken reference: the 'sale.reorder.sidebar' element cannot be added as child to 'sidebar.additional', because the latter doesn't exist [] []
[2025-02-10T14:21:22.633673+00:00] main.INFO: Broken reference: the 'wishlist_sidebar' element cannot be added as child to 'sidebar.additional', because the latter doesn't exist [] []
[2025-02-10T14:21:59.406503+00:00] main.DEBUG: cache_invalidate:  {"method":"GET","url":"http:/","invalidateInfo":{"tags":["FPC"],"mode":"matchingTag"}} []
[2025-02-10T14:22:01.102490+00:00] main.INFO: Broken reference: the 'catalog.compare.sidebar' element cannot be added as child to 'sidebar.additional', because the latter doesn't exist [] []
[2025-02-10T14:22:01.102680+00:00] main.INFO: Broken reference: the 'sale.reorder.sidebar' element cannot be added as child to 'sidebar.additional', because the latter doesn't exist [] []
[2025-02-10T14:22:01.102810+00:00] main.INFO: Broken reference: the 'wishlist_sidebar' element cannot be added as child to 'sidebar.additional', because the latter doesn't exist [] []
[2025-02-10T14:23:04.414700+00:00] main.INFO: Broken reference: the 'catalog.compare.sidebar' element cannot be added as child to 'sidebar.additional', because the latter doesn't exist [] []
[2025-02-10T14:23:04.414847+00:00] main.INFO: Broken reference: the 'sale.reorder.sidebar' element cannot be added as child to 'sidebar.additional', because the latter doesn't exist [] []
[2025-02-10T14:23:04.414936+00:00] main.INFO: Broken reference: the 'wishlist_sidebar' element cannot be added as child to 'sidebar.additional', because the latter doesn't exist [] []
[2025-02-10T14:23:38.354887+00:00] main.DEBUG: cache_invalidate:  {"method":"GET","url":"http:/","invalidateInfo":{"tags":["FPC"],"mode":"matchingTag"}} []
[2025-02-10T14:23:39.841990+00:00] main.INFO: Broken reference: the 'catalog.compare.sidebar' element cannot be added as child to 'sidebar.additional', because the latter doesn't exist [] []
[2025-02-10T14:23:39.842135+00:00] main.INFO: Broken reference: the 'sale.reorder.sidebar' element cannot be added as child to 'sidebar.additional', because the latter doesn't exist [] []
[2025-02-10T14:23:39.842232+00:00] main.INFO: Broken reference: the 'wishlist_sidebar' element cannot be added as child to 'sidebar.additional', because the latter doesn't exist [] []
[2025-02-10T14:25:45.333871+00:00] main.DEBUG: cache_invalidate:  {"method":"GET","url":"http:/","invalidateInfo":{"tags":["FPC"],"mode":"matchingTag"}} []
[2025-02-10T14:25:47.246754+00:00] main.INFO: Broken reference: the 'catalog.compare.sidebar' element cannot be added as child to 'sidebar.additional', because the latter doesn't exist [] []
[2025-02-10T14:25:47.246872+00:00] main.INFO: Broken reference: the 'sale.reorder.sidebar' element cannot be added as child to 'sidebar.additional', because the latter doesn't exist [] []
[2025-02-10T14:25:47.246957+00:00] main.INFO: Broken reference: the 'wishlist_sidebar' element cannot be added as child to 'sidebar.additional', because the latter doesn't exist [] []
[2025-02-10T14:25:58.973305+00:00] main.INFO: Broken reference: the 'notification.messages' tries to reorder itself towards 'user', but their parents are different: 'header.inner.right' and 'header' respectively. [] []
[2025-02-10T14:25:58.995513+00:00] main.DEBUG: Item Magento_Backend::system_currency was removed [] []
[2025-02-10T14:25:58.996772+00:00] main.DEBUG: Add of item with id Magento_Config::system_config was processed [] []
[2025-02-10T14:25:58.996810+00:00] main.DEBUG: Add of item with id Magento_AdminNotification::system_adminnotification was processed [] []
[2025-02-10T14:25:58.996830+00:00] main.DEBUG: Add of item with id Magento_Theme::design_config was processed [] []
[2025-02-10T14:25:58.996844+00:00] main.DEBUG: Add of item with id Magento_Theme::system_design_theme was processed [] []
[2025-02-10T14:25:58.996857+00:00] main.DEBUG: Add of item with id Magento_Backend::system_design_schedule was processed [] []
[2025-02-10T14:25:58.996869+00:00] main.DEBUG: Add of item with id Magento_Backend::system_store was processed [] []
[2025-02-10T14:25:58.996881+00:00] main.DEBUG: Add of item with id Magento_Backend::dashboard was processed [] []
[2025-02-10T14:25:58.996892+00:00] main.DEBUG: Add of item with id Magento_Backend::system was processed [] []
[2025-02-10T14:25:58.996907+00:00] main.DEBUG: Add of item with id Magento_Backend::system_tools was processed [] []
[2025-02-10T14:25:58.996922+00:00] main.DEBUG: Add of item with id Magento_Backend::system_design was processed [] []
[2025-02-10T14:25:58.996935+00:00] main.DEBUG: Add of item with id Magento_Backend::system_convert was processed [] []
[2025-02-10T14:25:58.996950+00:00] main.DEBUG: Add of item with id Magento_Backend::system_cache was processed [] []
[2025-02-10T14:25:58.996962+00:00] main.DEBUG: Add of item with id Magento_Backend::marketing was processed [] []
[2025-02-10T14:25:58.996977+00:00] main.DEBUG: Add of item with id Magento_Backend::marketing_communications was processed [] []
[2025-02-10T14:25:58.996989+00:00] main.DEBUG: Add of item with id Magento_Backend::marketing_seo was processed [] []
[2025-02-10T14:25:58.997001+00:00] main.DEBUG: Add of item with id Magento_Backend::marketing_user_content was processed [] []
[2025-02-10T14:25:58.997012+00:00] main.DEBUG: Add of item with id Magento_Backend::content was processed [] []
[2025-02-10T14:25:58.997023+00:00] main.DEBUG: Add of item with id Magento_Backend::content_elements was processed [] []
[2025-02-10T14:25:58.997034+00:00] main.DEBUG: Add of item with id Magento_Backend::stores was processed [] []
[2025-02-10T14:25:58.997048+00:00] main.DEBUG: Add of item with id Magento_Backend::stores_settings was processed [] []
[2025-02-10T14:25:58.997060+00:00] main.DEBUG: Add of item with id Magento_Backend::stores_attributes was processed [] []
[2025-02-10T14:25:58.997072+00:00] main.DEBUG: Add of item with id Magento_Backend::other_settings was processed [] []
[2025-02-10T14:25:58.997083+00:00] main.DEBUG: Add of item with id Magento_Backend::system_other_settings was processed [] []
[2025-02-10T14:25:58.997094+00:00] main.DEBUG: Add of item with id Magento_User::system_acl was processed [] []
[2025-02-10T14:25:58.997108+00:00] main.DEBUG: Add of item with id Magento_User::system_acl_users was processed [] []
[2025-02-10T14:25:58.997120+00:00] main.DEBUG: Add of item with id Magento_User::system_acl_roles was processed [] []
[2025-02-10T14:25:58.997132+00:00] main.DEBUG: Add of item with id Magento_User::system_acl_locks was processed [] []
[2025-02-10T14:25:58.997143+00:00] main.DEBUG: Add of item with id Magento_Customer::customer was processed [] []
[2025-02-10T14:25:58.997157+00:00] main.DEBUG: Add of item with id Magento_Customer::customer_manage was processed [] []
[2025-02-10T14:25:58.997168+00:00] main.DEBUG: Add of item with id Magento_Customer::customer_online was processed [] []
[2025-02-10T14:25:58.997179+00:00] main.DEBUG: Add of item with id Magento_Customer::customer_group was processed [] []
[2025-02-10T14:25:58.997198+00:00] main.DEBUG: Add of item with id Magento_Backup::system_tools_backup was processed [] []
[2025-02-10T14:25:58.997208+00:00] main.DEBUG: Add of item with id Magento_Indexer::system_index was processed [] []
[2025-02-10T14:25:58.997219+00:00] main.DEBUG: Add of item with id Magento_Variable::system_variable was processed [] []
[2025-02-10T14:25:58.997232+00:00] main.DEBUG: Add of item with id Magento_Cms::cms_page was processed [] []
[2025-02-10T14:25:58.997245+00:00] main.DEBUG: Add of item with id Magento_Cms::cms_block was processed [] []
[2025-02-10T14:25:58.997255+00:00] main.DEBUG: Add of item with id Magento_Catalog::catalog was processed [] []
[2025-02-10T14:25:58.997269+00:00] main.DEBUG: Add of item with id Magento_Catalog::catalog_products was processed [] []
[2025-02-10T14:25:58.997280+00:00] main.DEBUG: Add of item with id Magento_Catalog::catalog_categories was processed [] []
[2025-02-10T14:25:58.997294+00:00] main.DEBUG: Add of item with id Magento_Catalog::catalog_attributes_attributes was processed [] []
[2025-02-10T14:25:58.997305+00:00] main.DEBUG: Add of item with id Magento_Catalog::catalog_attributes_sets was processed [] []
[2025-02-10T14:25:58.997319+00:00] main.DEBUG: Add of item with id Magento_Catalog::inventory was processed [] []
[2025-02-10T14:25:58.997330+00:00] main.DEBUG: Add of item with id Magento_Integration::system_extensions was processed [] []
[2025-02-10T14:25:58.997343+00:00] main.DEBUG: Add of item with id Magento_Integration::system_integrations was processed [] []
[2025-02-10T14:25:58.997356+00:00] main.DEBUG: Add of item with id Magento_Search::search_terms was processed [] []
[2025-02-10T14:25:58.997367+00:00] main.DEBUG: Add of item with id Magento_Search::search_synonyms was processed [] []
[2025-02-10T14:25:58.997378+00:00] main.DEBUG: Add of item with id Magento_CatalogRule::promo was processed [] []
[2025-02-10T14:25:58.997391+00:00] main.DEBUG: Add of item with id Magento_CatalogRule::promo_catalog was processed [] []
[2025-02-10T14:25:58.997402+00:00] main.DEBUG: Add of item with id Magento_Sales::sales was processed [] []
[2025-02-10T14:25:58.997415+00:00] main.DEBUG: Add of item with id Magento_Sales::sales_operation was processed [] []
[2025-02-10T14:25:58.997428+00:00] main.DEBUG: Add of item with id Magento_Sales::sales_order was processed [] []
[2025-02-10T14:25:58.997439+00:00] main.DEBUG: Add of item with id Magento_Sales::sales_invoice was processed [] []
[2025-02-10T14:25:58.997450+00:00] main.DEBUG: Add of item with id Magento_Sales::sales_shipment was processed [] []
[2025-02-10T14:25:58.997460+00:00] main.DEBUG: Add of item with id Magento_Sales::sales_creditmemo was processed [] []
[2025-02-10T14:25:58.997470+00:00] main.DEBUG: Add of item with id Magento_Sales::sales_transactions was processed [] []
[2025-02-10T14:25:58.997480+00:00] main.DEBUG: Add of item with id Magento_Sales::system_order_statuses was processed [] []
[2025-02-10T14:25:58.997490+00:00] main.DEBUG: Add of item with id Magento_MediaGalleryUi::media was processed [] []
[2025-02-10T14:25:58.997503+00:00] main.DEBUG: Add of item with id Magento_MediaGalleryUi::media_gallery was processed [] []
[2025-02-10T14:25:58.997517+00:00] main.DEBUG: Add of item with id Magento_Downloadable::report_products_downloads was processed [] []
[2025-02-10T14:25:58.997528+00:00] main.DEBUG: Add of item with id Magento_UrlRewrite::urlrewrite was processed [] []
[2025-02-10T14:25:58.997539+00:00] main.DEBUG: Add of item with id Magento_Tax::sales_tax was processed [] []
[2025-02-10T14:25:58.997552+00:00] main.DEBUG: Add of item with id Magento_Tax::sales_tax_rules was processed [] []
[2025-02-10T14:25:58.997563+00:00] main.DEBUG: Add of item with id Magento_Tax::sales_tax_rates was processed [] []
[2025-02-10T14:25:58.997574+00:00] main.DEBUG: Add of item with id Magento_Widget::cms_widget_instance was processed [] []
[2025-02-10T14:25:58.997591+00:00] main.DEBUG: Add of item with id Magento_Analytics::business_intelligence was processed [] []
[2025-02-10T14:25:58.997612+00:00] main.DEBUG: Add of item with id Magento_Analytics::advanced_reporting was processed [] []
[2025-02-10T14:25:58.997624+00:00] main.DEBUG: Add of item with id Magento_Analytics::bi_essentials was processed [] []
[2025-02-10T14:25:58.997637+00:00] main.DEBUG: Add of item with id Magento_Newsletter::newsletter_template was processed [] []
[2025-02-10T14:25:58.997648+00:00] main.DEBUG: Add of item with id Magento_Newsletter::newsletter_queue was processed [] []
[2025-02-10T14:25:58.997659+00:00] main.DEBUG: Add of item with id Magento_Newsletter::newsletter_subscriber was processed [] []
[2025-02-10T14:25:58.997672+00:00] main.DEBUG: Add of item with id Magento_Newsletter::newsletter_problem was processed [] []
[2025-02-10T14:25:58.997685+00:00] main.DEBUG: Add of item with id Magento_ImportExport::system_convert_import was processed [] []
[2025-02-10T14:25:58.997697+00:00] main.DEBUG: Add of item with id Magento_ImportExport::system_convert_export was processed [] []
[2025-02-10T14:25:58.997708+00:00] main.DEBUG: Add of item with id Magento_ImportExport::system_convert_history was processed [] []
[2025-02-10T14:25:58.997718+00:00] main.DEBUG: Add of item with id Magento_Email::template was processed [] []
[2025-02-10T14:25:58.997729+00:00] main.DEBUG: Add of item with id Magento_EncryptionKey::system_crypt_key was processed [] []
[2025-02-10T14:25:58.997739+00:00] main.DEBUG: Add of item with id Magento_InventoryAdminUi::inventory was processed [] []
[2025-02-10T14:25:58.997753+00:00] main.DEBUG: Add of item with id Magento_InventoryAdminUi::source was processed [] []
[2025-02-10T14:25:58.997764+00:00] main.DEBUG: Add of item with id Magento_InventoryAdminUi::stock was processed [] []
[2025-02-10T14:25:58.997775+00:00] main.DEBUG: Add of item with id Magento_Reports::report was processed [] []
[2025-02-10T14:25:58.997786+00:00] main.DEBUG: Add of item with id Magento_Reports::report_marketing was processed [] []
[2025-02-10T14:25:58.997796+00:00] main.DEBUG: Add of item with id Magento_Reports::report_salesroot was processed [] []
[2025-02-10T14:25:58.997809+00:00] main.DEBUG: Add of item with id Magento_Reports::report_salesroot_sales was processed [] []
[2025-02-10T14:25:58.997821+00:00] main.DEBUG: Add of item with id Magento_Reports::report_salesroot_tax was processed [] []
[2025-02-10T14:25:58.997831+00:00] main.DEBUG: Add of item with id Magento_Reports::report_salesroot_invoiced was processed [] []
[2025-02-10T14:25:58.997842+00:00] main.DEBUG: Add of item with id Magento_Reports::report_salesroot_shipping was processed [] []
[2025-02-10T14:25:58.997852+00:00] main.DEBUG: Add of item with id Magento_Reports::report_salesroot_refunded was processed [] []
[2025-02-10T14:25:58.997862+00:00] main.DEBUG: Add of item with id Magento_Reports::report_salesroot_coupons was processed [] []
[2025-02-10T14:25:58.997872+00:00] main.DEBUG: Add of item with id Magento_Reports::report_shopcart_product was processed [] []
[2025-02-10T14:25:58.997882+00:00] main.DEBUG: Add of item with id Magento_Reports::report_shopcart_abandoned was processed [] []
[2025-02-10T14:25:58.997892+00:00] main.DEBUG: Add of item with id Magento_Reports::report_products was processed [] []
[2025-02-10T14:25:58.997902+00:00] main.DEBUG: Add of item with id Magento_Reports::report_products_bestsellers was processed [] []
[2025-02-10T14:25:58.997912+00:00] main.DEBUG: Add of item with id Magento_Reports::report_products_sold was processed [] []
[2025-02-10T14:25:58.997922+00:00] main.DEBUG: Add of item with id Magento_Reports::report_products_viewed was processed [] []
[2025-02-10T14:25:58.997932+00:00] main.DEBUG: Add of item with id Magento_Reports::report_products_lowstock was processed [] []
[2025-02-10T14:25:58.997941+00:00] main.DEBUG: Add of item with id Magento_Reports::report_customers was processed [] []
[2025-02-10T14:25:58.997954+00:00] main.DEBUG: Add of item with id Magento_Reports::report_customers_accounts was processed [] []
[2025-02-10T14:25:58.997965+00:00] main.DEBUG: Add of item with id Magento_Reports::report_customers_totals was processed [] []
[2025-02-10T14:25:58.997978+00:00] main.DEBUG: Add of item with id Magento_Reports::report_customers_orders was processed [] []
[2025-02-10T14:25:58.997988+00:00] main.DEBUG: Add of item with id Magento_Reports::report_statistics was processed [] []
[2025-02-10T14:25:58.998001+00:00] main.DEBUG: Add of item with id Magento_Reports::report_statistics_refresh was processed [] []
[2025-02-10T14:25:58.998013+00:00] main.DEBUG: Add of item with id Magento_Search::report_search_term was processed [] []
[2025-02-10T14:25:58.998024+00:00] main.DEBUG: Add of item with id Magento_LoginAsCustomerLog::login_log was processed [] []
[2025-02-10T14:25:58.998034+00:00] main.DEBUG: Add of item with id Magento_Marketplace::partners was processed [] []
[2025-02-10T14:25:58.998045+00:00] main.DEBUG: Add of item with id Magento_SalesRule::promo_quote was processed [] []
[2025-02-10T14:25:58.998055+00:00] main.DEBUG: Add of item with id Magento_Sitemap::catalog_sitemap was processed [] []
[2025-02-10T14:25:58.998065+00:00] main.DEBUG: Add of item with id Magento_PageBuilder::templates was processed [] []
[2025-02-10T14:25:58.998075+00:00] main.DEBUG: Add of item with id Magento_PaymentServicesDashboard::paymentservicesdashboard was processed [] []
[2025-02-10T14:25:58.998086+00:00] main.DEBUG: Add of item with id Magento_Paypal::report_salesroot_paypal_settlement_reports was processed [] []
[2025-02-10T14:25:58.998096+00:00] main.DEBUG: Add of item with id Magento_Paypal::paypal_billing_agreement was processed [] []
[2025-02-10T14:25:58.998106+00:00] main.DEBUG: Add of item with id Magento_Review::catalog_reviews_ratings_ratings was processed [] []
[2025-02-10T14:25:58.998119+00:00] main.DEBUG: Add of item with id Magento_Review::catalog_reviews_ratings_pending was processed [] []
[2025-02-10T14:25:58.998131+00:00] main.DEBUG: Add of item with id Magento_Review::catalog_reviews_ratings_reviews_all was processed [] []
[2025-02-10T14:25:58.998142+00:00] main.DEBUG: Add of item with id Magento_Review::report_review was processed [] []
[2025-02-10T14:25:58.998155+00:00] main.DEBUG: Add of item with id Magento_Review::report_review_customer was processed [] []
[2025-02-10T14:25:58.998167+00:00] main.DEBUG: Add of item with id Magento_Review::report_review_product was processed [] []
[2025-02-10T14:25:58.998177+00:00] main.DEBUG: Add of item with id Magento_ServicesId::configuration was processed [] []
[2025-02-10T14:25:58.998190+00:00] main.DEBUG: Add of item with id Magento_ServicesId::services_id was processed [] []
[2025-02-10T14:25:58.998202+00:00] main.DEBUG: Add of item with id Magento_CheckoutAgreements::sales_checkoutagreement was processed [] []
[2025-02-10T14:25:58.998212+00:00] main.DEBUG: Add of item with id Magento_TaxImportExport::system_convert_tax was processed [] []
[2025-02-10T14:25:58.998223+00:00] main.DEBUG: Add of item with id Magento_AsynchronousOperations::system_magento_logging was processed [] []
[2025-02-10T14:25:58.998236+00:00] main.DEBUG: Add of item with id Magento_AsynchronousOperations::system_magento_logging_bulk_operations was processed [] []
[2025-02-10T14:25:58.998248+00:00] main.DEBUG: Add of item with id Magento_CurrencySymbol::system_currency was processed [] []
[2025-02-10T14:25:58.998261+00:00] main.DEBUG: Add of item with id Magento_CurrencySymbol::system_currency_rates was processed [] []
[2025-02-10T14:25:58.998273+00:00] main.DEBUG: Add of item with id Magento_CurrencySymbol::system_currency_symbols was processed [] []
[2025-02-10T14:25:58.998284+00:00] main.DEBUG: Add of item with id Magebit_Faq::faq was processed [] []
[2025-02-10T14:25:58.998295+00:00] main.DEBUG: Add of item with id Magebit_GridRender::content_elements was processed [] []
[2025-02-10T14:25:58.998308+00:00] main.DEBUG: Add of item with id Magebit_GridRender::post was processed [] []
[2025-02-10T14:25:58.998320+00:00] main.DEBUG: Add of item with id PayPal_Braintree::settlement_report was processed [] []
[2025-02-10T14:25:58.998330+00:00] main.DEBUG: Add of item with id PayPal_Braintree::virtual_terminal was processed [] []
[2025-02-10T14:26:19.799681+00:00] main.DEBUG: cache_invalidate:  {"method":"GET","url":"http:/","invalidateInfo":{"tags":["FPC"],"mode":"matchingTag"}} []
[2025-02-10T14:26:22.374861+00:00] main.INFO: Broken reference: the 'catalog.compare.sidebar' element cannot be added as child to 'sidebar.additional', because the latter doesn't exist [] []
[2025-02-10T14:26:22.374958+00:00] main.INFO: Broken reference: the 'sale.reorder.sidebar' element cannot be added as child to 'sidebar.additional', because the latter doesn't exist [] []
[2025-02-10T14:26:22.375032+00:00] main.INFO: Broken reference: the 'wishlist_sidebar' element cannot be added as child to 'sidebar.additional', because the latter doesn't exist [] []
[2025-02-10T14:27:13.762041+00:00] main.DEBUG: cache_invalidate:  {"method":"GET","url":"http:/","invalidateInfo":{"tags":["FPC"],"mode":"matchingTag"}} []
[2025-02-10T14:27:17.280282+00:00] main.INFO: Broken reference: the 'notification.messages' tries to reorder itself towards 'user', but their parents are different: 'header.inner.right' and 'header' respectively. [] []
[2025-02-10T14:27:17.302074+00:00] main.DEBUG: Item Magento_Backend::system_currency was removed [] []
[2025-02-10T14:27:17.303232+00:00] main.DEBUG: Add of item with id Magento_Config::system_config was processed [] []
[2025-02-10T14:27:17.303264+00:00] main.DEBUG: Add of item with id Magento_AdminNotification::system_adminnotification was processed [] []
[2025-02-10T14:27:17.303285+00:00] main.DEBUG: Add of item with id Magento_Theme::design_config was processed [] []
[2025-02-10T14:27:17.303299+00:00] main.DEBUG: Add of item with id Magento_Theme::system_design_theme was processed [] []
[2025-02-10T14:27:17.303313+00:00] main.DEBUG: Add of item with id Magento_Backend::system_design_schedule was processed [] []
[2025-02-10T14:27:17.303326+00:00] main.DEBUG: Add of item with id Magento_Backend::system_store was processed [] []
[2025-02-10T14:27:17.303338+00:00] main.DEBUG: Add of item with id Magento_Backend::dashboard was processed [] []
[2025-02-10T14:27:17.303350+00:00] main.DEBUG: Add of item with id Magento_Backend::system was processed [] []
[2025-02-10T14:27:17.303365+00:00] main.DEBUG: Add of item with id Magento_Backend::system_tools was processed [] []
[2025-02-10T14:27:17.303381+00:00] main.DEBUG: Add of item with id Magento_Backend::system_design was processed [] []
[2025-02-10T14:27:17.303394+00:00] main.DEBUG: Add of item with id Magento_Backend::system_convert was processed [] []
[2025-02-10T14:27:17.303410+00:00] main.DEBUG: Add of item with id Magento_Backend::system_cache was processed [] []
[2025-02-10T14:27:17.303424+00:00] main.DEBUG: Add of item with id Magento_Backend::marketing was processed [] []
[2025-02-10T14:27:17.303439+00:00] main.DEBUG: Add of item with id Magento_Backend::marketing_communications was processed [] []
[2025-02-10T14:27:17.303452+00:00] main.DEBUG: Add of item with id Magento_Backend::marketing_seo was processed [] []
[2025-02-10T14:27:17.303464+00:00] main.DEBUG: Add of item with id Magento_Backend::marketing_user_content was processed [] []
[2025-02-10T14:27:17.303476+00:00] main.DEBUG: Add of item with id Magento_Backend::content was processed [] []
[2025-02-10T14:27:17.303488+00:00] main.DEBUG: Add of item with id Magento_Backend::content_elements was processed [] []
[2025-02-10T14:27:17.303499+00:00] main.DEBUG: Add of item with id Magento_Backend::stores was processed [] []
[2025-02-10T14:27:17.303514+00:00] main.DEBUG: Add of item with id Magento_Backend::stores_settings was processed [] []
[2025-02-10T14:27:17.303526+00:00] main.DEBUG: Add of item with id Magento_Backend::stores_attributes was processed [] []
[2025-02-10T14:27:17.303538+00:00] main.DEBUG: Add of item with id Magento_Backend::other_settings was processed [] []
[2025-02-10T14:27:17.303550+00:00] main.DEBUG: Add of item with id Magento_Backend::system_other_settings was processed [] []
[2025-02-10T14:27:17.303561+00:00] main.DEBUG: Add of item with id Magento_User::system_acl was processed [] []
[2025-02-10T14:27:17.303583+00:00] main.DEBUG: Add of item with id Magento_User::system_acl_users was processed [] []
[2025-02-10T14:27:17.303608+00:00] main.DEBUG: Add of item with id Magento_User::system_acl_roles was processed [] []
[2025-02-10T14:27:17.303621+00:00] main.DEBUG: Add of item with id Magento_User::system_acl_locks was processed [] []
[2025-02-10T14:27:17.303633+00:00] main.DEBUG: Add of item with id Magento_Customer::customer was processed [] []
[2025-02-10T14:27:17.303651+00:00] main.DEBUG: Add of item with id Magento_Customer::customer_manage was processed [] []
[2025-02-10T14:27:17.303665+00:00] main.DEBUG: Add of item with id Magento_Customer::customer_online was processed [] []
[2025-02-10T14:27:17.303677+00:00] main.DEBUG: Add of item with id Magento_Customer::customer_group was processed [] []
[2025-02-10T14:27:17.303689+00:00] main.DEBUG: Add of item with id Magento_Backup::system_tools_backup was processed [] []
[2025-02-10T14:27:17.303701+00:00] main.DEBUG: Add of item with id Magento_Indexer::system_index was processed [] []
[2025-02-10T14:27:17.303713+00:00] main.DEBUG: Add of item with id Magento_Variable::system_variable was processed [] []
[2025-02-10T14:27:17.303729+00:00] main.DEBUG: Add of item with id Magento_Cms::cms_page was processed [] []
[2025-02-10T14:27:17.303743+00:00] main.DEBUG: Add of item with id Magento_Cms::cms_block was processed [] []
[2025-02-10T14:27:17.303755+00:00] main.DEBUG: Add of item with id Magento_Catalog::catalog was processed [] []
[2025-02-10T14:27:17.303771+00:00] main.DEBUG: Add of item with id Magento_Catalog::catalog_products was processed [] []
[2025-02-10T14:27:17.303784+00:00] main.DEBUG: Add of item with id Magento_Catalog::catalog_categories was processed [] []
[2025-02-10T14:27:17.303799+00:00] main.DEBUG: Add of item with id Magento_Catalog::catalog_attributes_attributes was processed [] []
[2025-02-10T14:27:17.303812+00:00] main.DEBUG: Add of item with id Magento_Catalog::catalog_attributes_sets was processed [] []
[2025-02-10T14:27:17.303827+00:00] main.DEBUG: Add of item with id Magento_Catalog::inventory was processed [] []
[2025-02-10T14:27:17.303841+00:00] main.DEBUG: Add of item with id Magento_Integration::system_extensions was processed [] []
[2025-02-10T14:27:17.303856+00:00] main.DEBUG: Add of item with id Magento_Integration::system_integrations was processed [] []
[2025-02-10T14:27:17.303872+00:00] main.DEBUG: Add of item with id Magento_Search::search_terms was processed [] []
[2025-02-10T14:27:17.303885+00:00] main.DEBUG: Add of item with id Magento_Search::search_synonyms was processed [] []
[2025-02-10T14:27:17.303897+00:00] main.DEBUG: Add of item with id Magento_CatalogRule::promo was processed [] []
[2025-02-10T14:27:17.303912+00:00] main.DEBUG: Add of item with id Magento_CatalogRule::promo_catalog was processed [] []
[2025-02-10T14:27:17.303925+00:00] main.DEBUG: Add of item with id Magento_Sales::sales was processed [] []
[2025-02-10T14:27:17.303940+00:00] main.DEBUG: Add of item with id Magento_Sales::sales_operation was processed [] []
[2025-02-10T14:27:17.303956+00:00] main.DEBUG: Add of item with id Magento_Sales::sales_order was processed [] []
[2025-02-10T14:27:17.303969+00:00] main.DEBUG: Add of item with id Magento_Sales::sales_invoice was processed [] []
[2025-02-10T14:27:17.303981+00:00] main.DEBUG: Add of item with id Magento_Sales::sales_shipment was processed [] []
[2025-02-10T14:27:17.303993+00:00] main.DEBUG: Add of item with id Magento_Sales::sales_creditmemo was processed [] []
[2025-02-10T14:27:17.304004+00:00] main.DEBUG: Add of item with id Magento_Sales::sales_transactions was processed [] []
[2025-02-10T14:27:17.304016+00:00] main.DEBUG: Add of item with id Magento_Sales::system_order_statuses was processed [] []
[2025-02-10T14:27:17.304028+00:00] main.DEBUG: Add of item with id Magento_MediaGalleryUi::media was processed [] []
[2025-02-10T14:27:17.304042+00:00] main.DEBUG: Add of item with id Magento_MediaGalleryUi::media_gallery was processed [] []
[2025-02-10T14:27:17.304058+00:00] main.DEBUG: Add of item with id Magento_Downloadable::report_products_downloads was processed [] []
[2025-02-10T14:27:17.304074+00:00] main.DEBUG: Add of item with id Magento_UrlRewrite::urlrewrite was processed [] []
[2025-02-10T14:27:17.304086+00:00] main.DEBUG: Add of item with id Magento_Tax::sales_tax was processed [] []
[2025-02-10T14:27:17.304101+00:00] main.DEBUG: Add of item with id Magento_Tax::sales_tax_rules was processed [] []
[2025-02-10T14:27:17.304114+00:00] main.DEBUG: Add of item with id Magento_Tax::sales_tax_rates was processed [] []
[2025-02-10T14:27:17.304126+00:00] main.DEBUG: Add of item with id Magento_Widget::cms_widget_instance was processed [] []
[2025-02-10T14:27:17.304141+00:00] main.DEBUG: Add of item with id Magento_Analytics::business_intelligence was processed [] []
[2025-02-10T14:27:17.304157+00:00] main.DEBUG: Add of item with id Magento_Analytics::advanced_reporting was processed [] []
[2025-02-10T14:27:17.304170+00:00] main.DEBUG: Add of item with id Magento_Analytics::bi_essentials was processed [] []
[2025-02-10T14:27:17.304185+00:00] main.DEBUG: Add of item with id Magento_Newsletter::newsletter_template was processed [] []
[2025-02-10T14:27:17.304210+00:00] main.DEBUG: Add of item with id Magento_Newsletter::newsletter_queue was processed [] []
[2025-02-10T14:27:17.304222+00:00] main.DEBUG: Add of item with id Magento_Newsletter::newsletter_subscriber was processed [] []
[2025-02-10T14:27:17.304237+00:00] main.DEBUG: Add of item with id Magento_Newsletter::newsletter_problem was processed [] []
[2025-02-10T14:27:17.304253+00:00] main.DEBUG: Add of item with id Magento_ImportExport::system_convert_import was processed [] []
[2025-02-10T14:27:17.304266+00:00] main.DEBUG: Add of item with id Magento_ImportExport::system_convert_export was processed [] []
[2025-02-10T14:27:17.304278+00:00] main.DEBUG: Add of item with id Magento_ImportExport::system_convert_history was processed [] []
[2025-02-10T14:27:17.304290+00:00] main.DEBUG: Add of item with id Magento_Email::template was processed [] []
[2025-02-10T14:27:17.304302+00:00] main.DEBUG: Add of item with id Magento_EncryptionKey::system_crypt_key was processed [] []
[2025-02-10T14:27:17.304314+00:00] main.DEBUG: Add of item with id Magento_InventoryAdminUi::inventory was processed [] []
[2025-02-10T14:27:17.304329+00:00] main.DEBUG: Add of item with id Magento_InventoryAdminUi::source was processed [] []
[2025-02-10T14:27:17.304348+00:00] main.DEBUG: Add of item with id Magento_InventoryAdminUi::stock was processed [] []
[2025-02-10T14:27:17.304369+00:00] main.DEBUG: Add of item with id Magento_Reports::report was processed [] []
[2025-02-10T14:27:17.304383+00:00] main.DEBUG: Add of item with id Magento_Reports::report_marketing was processed [] []
[2025-02-10T14:27:17.304395+00:00] main.DEBUG: Add of item with id Magento_Reports::report_salesroot was processed [] []
[2025-02-10T14:27:17.304411+00:00] main.DEBUG: Add of item with id Magento_Reports::report_salesroot_sales was processed [] []
[2025-02-10T14:27:17.304424+00:00] main.DEBUG: Add of item with id Magento_Reports::report_salesroot_tax was processed [] []
[2025-02-10T14:27:17.304436+00:00] main.DEBUG: Add of item with id Magento_Reports::report_salesroot_invoiced was processed [] []
[2025-02-10T14:27:17.304447+00:00] main.DEBUG: Add of item with id Magento_Reports::report_salesroot_shipping was processed [] []
[2025-02-10T14:27:17.304459+00:00] main.DEBUG: Add of item with id Magento_Reports::report_salesroot_refunded was processed [] []
[2025-02-10T14:27:17.304471+00:00] main.DEBUG: Add of item with id Magento_Reports::report_salesroot_coupons was processed [] []
[2025-02-10T14:27:17.304485+00:00] main.DEBUG: Add of item with id Magento_Reports::report_shopcart_product was processed [] []
[2025-02-10T14:27:17.304503+00:00] main.DEBUG: Add of item with id Magento_Reports::report_shopcart_abandoned was processed [] []
[2025-02-10T14:27:17.304522+00:00] main.DEBUG: Add of item with id Magento_Reports::report_products was processed [] []
[2025-02-10T14:27:17.304542+00:00] main.DEBUG: Add of item with id Magento_Reports::report_products_bestsellers was processed [] []
[2025-02-10T14:27:17.304571+00:00] main.DEBUG: Add of item with id Magento_Reports::report_products_sold was processed [] []
[2025-02-10T14:27:17.304609+00:00] main.DEBUG: Add of item with id Magento_Reports::report_products_viewed was processed [] []
[2025-02-10T14:27:17.304628+00:00] main.DEBUG: Add of item with id Magento_Reports::report_products_lowstock was processed [] []
[2025-02-10T14:27:17.304646+00:00] main.DEBUG: Add of item with id Magento_Reports::report_customers was processed [] []
[2025-02-10T14:27:17.304672+00:00] main.DEBUG: Add of item with id Magento_Reports::report_customers_accounts was processed [] []
[2025-02-10T14:27:17.304688+00:00] main.DEBUG: Add of item with id Magento_Reports::report_customers_totals was processed [] []
[2025-02-10T14:27:17.304701+00:00] main.DEBUG: Add of item with id Magento_Reports::report_customers_orders was processed [] []
[2025-02-10T14:27:17.304713+00:00] main.DEBUG: Add of item with id Magento_Reports::report_statistics was processed [] []
[2025-02-10T14:27:17.304729+00:00] main.DEBUG: Add of item with id Magento_Reports::report_statistics_refresh was processed [] []
[2025-02-10T14:27:17.304742+00:00] main.DEBUG: Add of item with id Magento_Search::report_search_term was processed [] []
[2025-02-10T14:27:17.304755+00:00] main.DEBUG: Add of item with id Magento_LoginAsCustomerLog::login_log was processed [] []
[2025-02-10T14:27:17.304767+00:00] main.DEBUG: Add of item with id Magento_Marketplace::partners was processed [] []
[2025-02-10T14:27:17.304780+00:00] main.DEBUG: Add of item with id Magento_SalesRule::promo_quote was processed [] []
[2025-02-10T14:27:17.304792+00:00] main.DEBUG: Add of item with id Magento_Sitemap::catalog_sitemap was processed [] []
[2025-02-10T14:27:17.304813+00:00] main.DEBUG: Add of item with id Magento_PageBuilder::templates was processed [] []
[2025-02-10T14:27:17.304825+00:00] main.DEBUG: Add of item with id Magento_PaymentServicesDashboard::paymentservicesdashboard was processed [] []
[2025-02-10T14:27:17.304837+00:00] main.DEBUG: Add of item with id Magento_Paypal::report_salesroot_paypal_settlement_reports was processed [] []
[2025-02-10T14:27:17.304849+00:00] main.DEBUG: Add of item with id Magento_Paypal::paypal_billing_agreement was processed [] []
[2025-02-10T14:27:17.304861+00:00] main.DEBUG: Add of item with id Magento_Review::catalog_reviews_ratings_ratings was processed [] []
[2025-02-10T14:27:17.304877+00:00] main.DEBUG: Add of item with id Magento_Review::catalog_reviews_ratings_pending was processed [] []
[2025-02-10T14:27:17.304891+00:00] main.DEBUG: Add of item with id Magento_Review::catalog_reviews_ratings_reviews_all was processed [] []
[2025-02-10T14:27:17.304903+00:00] main.DEBUG: Add of item with id Magento_Review::report_review was processed [] []
[2025-02-10T14:27:17.304919+00:00] main.DEBUG: Add of item with id Magento_Review::report_review_customer was processed [] []
[2025-02-10T14:27:17.304932+00:00] main.DEBUG: Add of item with id Magento_Review::report_review_product was processed [] []
[2025-02-10T14:27:17.304943+00:00] main.DEBUG: Add of item with id Magento_ServicesId::configuration was processed [] []
[2025-02-10T14:27:17.304958+00:00] main.DEBUG: Add of item with id Magento_ServicesId::services_id was processed [] []
[2025-02-10T14:27:17.304972+00:00] main.DEBUG: Add of item with id Magento_CheckoutAgreements::sales_checkoutagreement was processed [] []
[2025-02-10T14:27:17.304984+00:00] main.DEBUG: Add of item with id Magento_TaxImportExport::system_convert_tax was processed [] []
[2025-02-10T14:27:17.304995+00:00] main.DEBUG: Add of item with id Magento_AsynchronousOperations::system_magento_logging was processed [] []
[2025-02-10T14:27:17.305011+00:00] main.DEBUG: Add of item with id Magento_AsynchronousOperations::system_magento_logging_bulk_operations was processed [] []
[2025-02-10T14:27:17.305024+00:00] main.DEBUG: Add of item with id Magento_CurrencySymbol::system_currency was processed [] []
[2025-02-10T14:27:17.305039+00:00] main.DEBUG: Add of item with id Magento_CurrencySymbol::system_currency_rates was processed [] []
[2025-02-10T14:27:17.305056+00:00] main.DEBUG: Add of item with id Magento_CurrencySymbol::system_currency_symbols was processed [] []
[2025-02-10T14:27:17.305069+00:00] main.DEBUG: Add of item with id Magebit_Faq::faq was processed [] []
[2025-02-10T14:27:17.305082+00:00] main.DEBUG: Add of item with id Magebit_GridRender::content_elements was processed [] []
[2025-02-10T14:27:17.305097+00:00] main.DEBUG: Add of item with id Magebit_GridRender::post was processed [] []
[2025-02-10T14:27:17.305111+00:00] main.DEBUG: Add of item with id PayPal_Braintree::settlement_report was processed [] []
[2025-02-10T14:27:17.305123+00:00] main.DEBUG: Add of item with id PayPal_Braintree::virtual_terminal was processed [] []
[2025-02-10T14:27:18.488711+00:00] main.INFO: Broken reference: the 'notification.messages' tries to reorder itself towards 'user', but their parents are different: 'header.inner.right' and 'header' respectively. [] []
[2025-02-10T14:27:20.769787+00:00] main.INFO: Broken reference: the 'notification.messages' tries to reorder itself towards 'user', but their parents are different: 'header.inner.right' and 'header' respectively. [] []
[2025-02-10T14:27:22.316618+00:00] main.INFO: Broken reference: the 'notification.messages' tries to reorder itself towards 'user', but their parents are different: 'header.inner.right' and 'header' respectively. [] []
[2025-02-10T14:28:42.328651+00:00] main.DEBUG: cache_invalidate:  {"method":"GET","url":"http:/","invalidateInfo":{"tags":[],"mode":"all"}} []
[2025-02-10T14:28:42.331299+00:00] main.DEBUG: cache_invalidate:  {"method":"GET","url":"http:/","invalidateInfo":{"tags":[],"mode":"all"}} []
[2025-02-10T14:30:20.688433+00:00] main.INFO: Broken reference: the 'notification.messages' tries to reorder itself towards 'user', but their parents are different: 'header.inner.right' and 'header' respectively. [] []
[2025-02-10T14:30:20.712306+00:00] main.DEBUG: Item Magento_Backend::system_currency was removed [] []
[2025-02-10T14:30:20.713435+00:00] main.DEBUG: Add of item with id Magento_Config::system_config was processed [] []
[2025-02-10T14:30:20.713467+00:00] main.DEBUG: Add of item with id Magento_AdminNotification::system_adminnotification was processed [] []
[2025-02-10T14:30:20.713486+00:00] main.DEBUG: Add of item with id Magento_Theme::design_config was processed [] []
[2025-02-10T14:30:20.713500+00:00] main.DEBUG: Add of item with id Magento_Theme::system_design_theme was processed [] []
[2025-02-10T14:30:20.713514+00:00] main.DEBUG: Add of item with id Magento_Backend::system_design_schedule was processed [] []
[2025-02-10T14:30:20.713526+00:00] main.DEBUG: Add of item with id Magento_Backend::system_store was processed [] []
[2025-02-10T14:30:20.713538+00:00] main.DEBUG: Add of item with id Magento_Backend::dashboard was processed [] []
[2025-02-10T14:30:20.713550+00:00] main.DEBUG: Add of item with id Magento_Backend::system was processed [] []
[2025-02-10T14:30:20.713565+00:00] main.DEBUG: Add of item with id Magento_Backend::system_tools was processed [] []
[2025-02-10T14:30:20.713579+00:00] main.DEBUG: Add of item with id Magento_Backend::system_design was processed [] []
[2025-02-10T14:30:20.713597+00:00] main.DEBUG: Add of item with id Magento_Backend::system_convert was processed [] []
[2025-02-10T14:30:20.713614+00:00] main.DEBUG: Add of item with id Magento_Backend::system_cache was processed [] []
[2025-02-10T14:30:20.713629+00:00] main.DEBUG: Add of item with id Magento_Backend::marketing was processed [] []
[2025-02-10T14:30:20.713645+00:00] main.DEBUG: Add of item with id Magento_Backend::marketing_communications was processed [] []
[2025-02-10T14:30:20.713659+00:00] main.DEBUG: Add of item with id Magento_Backend::marketing_seo was processed [] []
[2025-02-10T14:30:20.713672+00:00] main.DEBUG: Add of item with id Magento_Backend::marketing_user_content was processed [] []
[2025-02-10T14:30:20.713685+00:00] main.DEBUG: Add of item with id Magento_Backend::content was processed [] []
[2025-02-10T14:30:20.713706+00:00] main.DEBUG: Add of item with id Magento_Backend::content_elements was processed [] []
[2025-02-10T14:30:20.713719+00:00] main.DEBUG: Add of item with id Magento_Backend::stores was processed [] []
[2025-02-10T14:30:20.713734+00:00] main.DEBUG: Add of item with id Magento_Backend::stores_settings was processed [] []
[2025-02-10T14:30:20.713747+00:00] main.DEBUG: Add of item with id Magento_Backend::stores_attributes was processed [] []
[2025-02-10T14:30:20.713760+00:00] main.DEBUG: Add of item with id Magento_Backend::other_settings was processed [] []
[2025-02-10T14:30:20.713772+00:00] main.DEBUG: Add of item with id Magento_Backend::system_other_settings was processed [] []
[2025-02-10T14:30:20.713784+00:00] main.DEBUG: Add of item with id Magento_User::system_acl was processed [] []
[2025-02-10T14:30:20.713799+00:00] main.DEBUG: Add of item with id Magento_User::system_acl_users was processed [] []
[2025-02-10T14:30:20.713813+00:00] main.DEBUG: Add of item with id Magento_User::system_acl_roles was processed [] []
[2025-02-10T14:30:20.713825+00:00] main.DEBUG: Add of item with id Magento_User::system_acl_locks was processed [] []
[2025-02-10T14:30:20.713837+00:00] main.DEBUG: Add of item with id Magento_Customer::customer was processed [] []
[2025-02-10T14:30:20.713853+00:00] main.DEBUG: Add of item with id Magento_Customer::customer_manage was processed [] []
[2025-02-10T14:30:20.713866+00:00] main.DEBUG: Add of item with id Magento_Customer::customer_online was processed [] []
[2025-02-10T14:30:20.713879+00:00] main.DEBUG: Add of item with id Magento_Customer::customer_group was processed [] []
[2025-02-10T14:30:20.713891+00:00] main.DEBUG: Add of item with id Magento_Backup::system_tools_backup was processed [] []
[2025-02-10T14:30:20.713904+00:00] main.DEBUG: Add of item with id Magento_Indexer::system_index was processed [] []
[2025-02-10T14:30:20.713917+00:00] main.DEBUG: Add of item with id Magento_Variable::system_variable was processed [] []
[2025-02-10T14:30:20.713932+00:00] main.DEBUG: Add of item with id Magento_Cms::cms_page was processed [] []
[2025-02-10T14:30:20.713945+00:00] main.DEBUG: Add of item with id Magento_Cms::cms_block was processed [] []
[2025-02-10T14:30:20.713958+00:00] main.DEBUG: Add of item with id Magento_Catalog::catalog was processed [] []
[2025-02-10T14:30:20.713973+00:00] main.DEBUG: Add of item with id Magento_Catalog::catalog_products was processed [] []
[2025-02-10T14:30:20.713986+00:00] main.DEBUG: Add of item with id Magento_Catalog::catalog_categories was processed [] []
[2025-02-10T14:30:20.714001+00:00] main.DEBUG: Add of item with id Magento_Catalog::catalog_attributes_attributes was processed [] []
[2025-02-10T14:30:20.714014+00:00] main.DEBUG: Add of item with id Magento_Catalog::catalog_attributes_sets was processed [] []
[2025-02-10T14:30:20.714029+00:00] main.DEBUG: Add of item with id Magento_Catalog::inventory was processed [] []
[2025-02-10T14:30:20.714043+00:00] main.DEBUG: Add of item with id Magento_Integration::system_extensions was processed [] []
[2025-02-10T14:30:20.714058+00:00] main.DEBUG: Add of item with id Magento_Integration::system_integrations was processed [] []
[2025-02-10T14:30:20.714073+00:00] main.DEBUG: Add of item with id Magento_Search::search_terms was processed [] []
[2025-02-10T14:30:20.714086+00:00] main.DEBUG: Add of item with id Magento_Search::search_synonyms was processed [] []
[2025-02-10T14:30:20.714099+00:00] main.DEBUG: Add of item with id Magento_CatalogRule::promo was processed [] []
[2025-02-10T14:30:20.714114+00:00] main.DEBUG: Add of item with id Magento_CatalogRule::promo_catalog was processed [] []
[2025-02-10T14:30:20.714127+00:00] main.DEBUG: Add of item with id Magento_Sales::sales was processed [] []
[2025-02-10T14:30:20.714142+00:00] main.DEBUG: Add of item with id Magento_Sales::sales_operation was processed [] []
[2025-02-10T14:30:20.714157+00:00] main.DEBUG: Add of item with id Magento_Sales::sales_order was processed [] []
[2025-02-10T14:30:20.714170+00:00] main.DEBUG: Add of item with id Magento_Sales::sales_invoice was processed [] []
[2025-02-10T14:30:20.714184+00:00] main.DEBUG: Add of item with id Magento_Sales::sales_shipment was processed [] []
[2025-02-10T14:30:20.714196+00:00] main.DEBUG: Add of item with id Magento_Sales::sales_creditmemo was processed [] []
[2025-02-10T14:30:20.714209+00:00] main.DEBUG: Add of item with id Magento_Sales::sales_transactions was processed [] []
[2025-02-10T14:30:20.714221+00:00] main.DEBUG: Add of item with id Magento_Sales::system_order_statuses was processed [] []
[2025-02-10T14:30:20.714232+00:00] main.DEBUG: Add of item with id Magento_MediaGalleryUi::media was processed [] []
[2025-02-10T14:30:20.714247+00:00] main.DEBUG: Add of item with id Magento_MediaGalleryUi::media_gallery was processed [] []
[2025-02-10T14:30:20.714263+00:00] main.DEBUG: Add of item with id Magento_Downloadable::report_products_downloads was processed [] []
[2025-02-10T14:30:20.714277+00:00] main.DEBUG: Add of item with id Magento_UrlRewrite::urlrewrite was processed [] []
[2025-02-10T14:30:20.714289+00:00] main.DEBUG: Add of item with id Magento_Tax::sales_tax was processed [] []
[2025-02-10T14:30:20.714304+00:00] main.DEBUG: Add of item with id Magento_Tax::sales_tax_rules was processed [] []
[2025-02-10T14:30:20.714317+00:00] main.DEBUG: Add of item with id Magento_Tax::sales_tax_rates was processed [] []
[2025-02-10T14:30:20.714329+00:00] main.DEBUG: Add of item with id Magento_Widget::cms_widget_instance was processed [] []
[2025-02-10T14:30:20.714344+00:00] main.DEBUG: Add of item with id Magento_Analytics::business_intelligence was processed [] []
[2025-02-10T14:30:20.714360+00:00] main.DEBUG: Add of item with id Magento_Analytics::advanced_reporting was processed [] []
[2025-02-10T14:30:20.714373+00:00] main.DEBUG: Add of item with id Magento_Analytics::bi_essentials was processed [] []
[2025-02-10T14:30:20.714388+00:00] main.DEBUG: Add of item with id Magento_Newsletter::newsletter_template was processed [] []
[2025-02-10T14:30:20.714401+00:00] main.DEBUG: Add of item with id Magento_Newsletter::newsletter_queue was processed [] []
[2025-02-10T14:30:20.714414+00:00] main.DEBUG: Add of item with id Magento_Newsletter::newsletter_subscriber was processed [] []
[2025-02-10T14:30:20.714428+00:00] main.DEBUG: Add of item with id Magento_Newsletter::newsletter_problem was processed [] []
[2025-02-10T14:30:20.714444+00:00] main.DEBUG: Add of item with id Magento_ImportExport::system_convert_import was processed [] []
[2025-02-10T14:30:20.714456+00:00] main.DEBUG: Add of item with id Magento_ImportExport::system_convert_export was processed [] []
[2025-02-10T14:30:20.714467+00:00] main.DEBUG: Add of item with id Magento_ImportExport::system_convert_history was processed [] []
[2025-02-10T14:30:20.714477+00:00] main.DEBUG: Add of item with id Magento_Email::template was processed [] []
[2025-02-10T14:30:20.714488+00:00] main.DEBUG: Add of item with id Magento_EncryptionKey::system_crypt_key was processed [] []
[2025-02-10T14:30:20.714498+00:00] main.DEBUG: Add of item with id Magento_InventoryAdminUi::inventory was processed [] []
[2025-02-10T14:30:20.714511+00:00] main.DEBUG: Add of item with id Magento_InventoryAdminUi::source was processed [] []
[2025-02-10T14:30:20.714522+00:00] main.DEBUG: Add of item with id Magento_InventoryAdminUi::stock was processed [] []
[2025-02-10T14:30:20.714533+00:00] main.DEBUG: Add of item with id Magento_Reports::report was processed [] []
[2025-02-10T14:30:20.714543+00:00] main.DEBUG: Add of item with id Magento_Reports::report_marketing was processed [] []
[2025-02-10T14:30:20.714553+00:00] main.DEBUG: Add of item with id Magento_Reports::report_salesroot was processed [] []
[2025-02-10T14:30:20.714566+00:00] main.DEBUG: Add of item with id Magento_Reports::report_salesroot_sales was processed [] []
[2025-02-10T14:30:20.714577+00:00] main.DEBUG: Add of item with id Magento_Reports::report_salesroot_tax was processed [] []
[2025-02-10T14:30:20.714590+00:00] main.DEBUG: Add of item with id Magento_Reports::report_salesroot_invoiced was processed [] []
[2025-02-10T14:30:20.714604+00:00] main.DEBUG: Add of item with id Magento_Reports::report_salesroot_shipping was processed [] []
[2025-02-10T14:30:20.714617+00:00] main.DEBUG: Add of item with id Magento_Reports::report_salesroot_refunded was processed [] []
[2025-02-10T14:30:20.714629+00:00] main.DEBUG: Add of item with id Magento_Reports::report_salesroot_coupons was processed [] []
[2025-02-10T14:30:20.714640+00:00] main.DEBUG: Add of item with id Magento_Reports::report_shopcart_product was processed [] []
[2025-02-10T14:30:20.714652+00:00] main.DEBUG: Add of item with id Magento_Reports::report_shopcart_abandoned was processed [] []
[2025-02-10T14:30:20.714664+00:00] main.DEBUG: Add of item with id Magento_Reports::report_products was processed [] []
[2025-02-10T14:30:20.714674+00:00] main.DEBUG: Add of item with id Magento_Reports::report_products_bestsellers was processed [] []
[2025-02-10T14:30:20.714684+00:00] main.DEBUG: Add of item with id Magento_Reports::report_products_sold was processed [] []
[2025-02-10T14:30:20.714694+00:00] main.DEBUG: Add of item with id Magento_Reports::report_products_viewed was processed [] []
[2025-02-10T14:30:20.714703+00:00] main.DEBUG: Add of item with id Magento_Reports::report_products_lowstock was processed [] []
[2025-02-10T14:30:20.714713+00:00] main.DEBUG: Add of item with id Magento_Reports::report_customers was processed [] []
[2025-02-10T14:30:20.714726+00:00] main.DEBUG: Add of item with id Magento_Reports::report_customers_accounts was processed [] []
[2025-02-10T14:30:20.714738+00:00] main.DEBUG: Add of item with id Magento_Reports::report_customers_totals was processed [] []
[2025-02-10T14:30:20.714749+00:00] main.DEBUG: Add of item with id Magento_Reports::report_customers_orders was processed [] []
[2025-02-10T14:30:20.714759+00:00] main.DEBUG: Add of item with id Magento_Reports::report_statistics was processed [] []
[2025-02-10T14:30:20.714773+00:00] main.DEBUG: Add of item with id Magento_Reports::report_statistics_refresh was processed [] []
[2025-02-10T14:30:20.714784+00:00] main.DEBUG: Add of item with id Magento_Search::report_search_term was processed [] []
[2025-02-10T14:30:20.714796+00:00] main.DEBUG: Add of item with id Magento_LoginAsCustomerLog::login_log was processed [] []
[2025-02-10T14:30:20.714806+00:00] main.DEBUG: Add of item with id Magento_Marketplace::partners was processed [] []
[2025-02-10T14:30:20.714817+00:00] main.DEBUG: Add of item with id Magento_SalesRule::promo_quote was processed [] []
[2025-02-10T14:30:20.714827+00:00] main.DEBUG: Add of item with id Magento_Sitemap::catalog_sitemap was processed [] []
[2025-02-10T14:30:20.714837+00:00] main.DEBUG: Add of item with id Magento_PageBuilder::templates was processed [] []
[2025-02-10T14:30:20.714847+00:00] main.DEBUG: Add of item with id Magento_PaymentServicesDashboard::paymentservicesdashboard was processed [] []
[2025-02-10T14:30:20.714858+00:00] main.DEBUG: Add of item with id Magento_Paypal::report_salesroot_paypal_settlement_reports was processed [] []
[2025-02-10T14:30:20.714868+00:00] main.DEBUG: Add of item with id Magento_Paypal::paypal_billing_agreement was processed [] []
[2025-02-10T14:30:20.714878+00:00] main.DEBUG: Add of item with id Magento_Review::catalog_reviews_ratings_ratings was processed [] []
[2025-02-10T14:30:20.714891+00:00] main.DEBUG: Add of item with id Magento_Review::catalog_reviews_ratings_pending was processed [] []
[2025-02-10T14:30:20.714903+00:00] main.DEBUG: Add of item with id Magento_Review::catalog_reviews_ratings_reviews_all was processed [] []
[2025-02-10T14:30:20.714914+00:00] main.DEBUG: Add of item with id Magento_Review::report_review was processed [] []
[2025-02-10T14:30:20.714927+00:00] main.DEBUG: Add of item with id Magento_Review::report_review_customer was processed [] []
[2025-02-10T14:30:20.714938+00:00] main.DEBUG: Add of item with id Magento_Review::report_review_product was processed [] []
[2025-02-10T14:30:20.714949+00:00] main.DEBUG: Add of item with id Magento_ServicesId::configuration was processed [] []
[2025-02-10T14:30:20.714966+00:00] main.DEBUG: Add of item with id Magento_ServicesId::services_id was processed [] []
[2025-02-10T14:30:20.714978+00:00] main.DEBUG: Add of item with id Magento_CheckoutAgreements::sales_checkoutagreement was processed [] []
[2025-02-10T14:30:20.714990+00:00] main.DEBUG: Add of item with id Magento_TaxImportExport::system_convert_tax was processed [] []
[2025-02-10T14:30:20.715000+00:00] main.DEBUG: Add of item with id Magento_AsynchronousOperations::system_magento_logging was processed [] []
[2025-02-10T14:30:20.715013+00:00] main.DEBUG: Add of item with id Magento_AsynchronousOperations::system_magento_logging_bulk_operations was processed [] []
[2025-02-10T14:30:20.715025+00:00] main.DEBUG: Add of item with id Magento_CurrencySymbol::system_currency was processed [] []
[2025-02-10T14:30:20.715038+00:00] main.DEBUG: Add of item with id Magento_CurrencySymbol::system_currency_rates was processed [] []
[2025-02-10T14:30:20.715049+00:00] main.DEBUG: Add of item with id Magento_CurrencySymbol::system_currency_symbols was processed [] []
[2025-02-10T14:30:20.715060+00:00] main.DEBUG: Add of item with id Magebit_Faq::faq was processed [] []
[2025-02-10T14:30:20.715071+00:00] main.DEBUG: Add of item with id Magebit_GridRender::content_elements was processed [] []
[2025-02-10T14:30:20.715084+00:00] main.DEBUG: Add of item with id Magebit_GridRender::post was processed [] []
[2025-02-10T14:30:20.715096+00:00] main.DEBUG: Add of item with id PayPal_Braintree::settlement_report was processed [] []
[2025-02-10T14:30:20.715106+00:00] main.DEBUG: Add of item with id PayPal_Braintree::virtual_terminal was processed [] []
[2025-02-10T14:30:23.231556+00:00] main.INFO: Broken reference: the 'catalog.compare.sidebar' element cannot be added as child to 'sidebar.additional', because the latter doesn't exist [] []
[2025-02-10T14:30:23.231680+00:00] main.INFO: Broken reference: the 'sale.reorder.sidebar' element cannot be added as child to 'sidebar.additional', because the latter doesn't exist [] []
[2025-02-10T14:30:23.231767+00:00] main.INFO: Broken reference: the 'wishlist_sidebar' element cannot be added as child to 'sidebar.additional', because the latter doesn't exist [] []
