[2025-02-13T13:19:42.927175+00:00] main.CRITICAL: Magento\Framework\Exception\RuntimeException: Type Error occurred when creating object: Mollie\Payment\Logger\MollieLogger, Monolog\Logger::__construct(): Argument #1 ($name) must be of type string, null given, called in /var/www/magento/public/vendor/magento/framework/ObjectManager/Factory/AbstractFactory.php on line 121 in /var/www/magento/public/vendor/magento/framework/ObjectManager/Factory/AbstractFactory.php:131
Stack trace:
#0 /var/www/magento/public/vendor/magento/framework/ObjectManager/Factory/Compiled.php(108): Magento\Framework\ObjectManager\Factory\AbstractFactory->createObject()
#1 /var/www/magento/public/vendor/magento/framework/ObjectManager/Factory/Compiled.php(150): Magento\Framework\ObjectManager\Factory\Compiled->create()
#2 /var/www/magento/public/vendor/magento/framework/ObjectManager/Factory/Compiled.php(79): Magento\Framework\ObjectManager\Factory\Compiled->get()
#3 /var/www/magento/public/vendor/magento/framework/ObjectManager/Factory/Compiled.php(150): Magento\Framework\ObjectManager\Factory\Compiled->create()
#4 /var/www/magento/public/vendor/magento/framework/ObjectManager/Factory/Compiled.php(79): Magento\Framework\ObjectManager\Factory\Compiled->get()
#5 /var/www/magento/public/vendor/magento/framework/ObjectManager/ObjectManager.php(59): Magento\Framework\ObjectManager\Factory\Compiled->create()
#6 /var/www/magento/public/vendor/magento/framework/View/Element/BlockFactory.php(44): Magento\Framework\ObjectManager\ObjectManager->create()
#7 /var/www/magento/public/vendor/magento/framework/View/Layout/Generator/Block.php(272): Magento\Framework\View\Element\BlockFactory->createBlock()
#8 /var/www/magento/public/vendor/magento/framework/View/Layout/Generator/Block.php(252): Magento\Framework\View\Layout\Generator\Block->getBlockInstance()
#9 /var/www/magento/public/vendor/magento/framework/View/Layout/Generator/Block.php(229): Magento\Framework\View\Layout\Generator\Block->createBlock()
#10 /var/www/magento/public/vendor/magento/framework/View/Layout/Generator/Block.php(134): Magento\Framework\View\Layout\Generator\Block->generateBlock()
#11 /var/www/magento/public/vendor/magento/framework/View/Layout/GeneratorPool.php(93): Magento\Framework\View\Layout\Generator\Block->process()
#12 /var/www/magento/public/vendor/magento/framework/View/Layout.php(365): Magento\Framework\View\Layout\GeneratorPool->process()
#13 /var/www/magento/public/vendor/magento/framework/Interception/Interceptor.php(58): Magento\Framework\View\Layout->generateElements()
#14 /var/www/magento/public/vendor/magento/framework/Interception/Interceptor.php(138): Magento\Framework\View\Layout\Interceptor->___callParent()
#15 /var/www/magento/public/vendor/magento/framework/Interception/Interceptor.php(153): Magento\Framework\View\Layout\Interceptor->Magento\Framework\Interception\{closure}()
#16 /var/www/magento/public/generated/code/Magento/Framework/View/Layout/Interceptor.php(32): Magento\Framework\View\Layout\Interceptor->___callPlugins()
#17 /var/www/magento/public/vendor/magento/framework/View/Layout/Builder.php(129): Magento\Framework\View\Layout\Interceptor->generateElements()
#18 /var/www/magento/public/vendor/magento/framework/View/Page/Builder.php(65): Magento\Framework\View\Layout\Builder->generateLayoutBlocks()
#19 /var/www/magento/public/vendor/magento/framework/View/Layout/Builder.php(65): Magento\Framework\View\Page\Builder->generateLayoutBlocks()
#20 /var/www/magento/public/vendor/magento/framework/View/Page/Config.php(227): Magento\Framework\View\Layout\Builder->build()
#21 /var/www/magento/public/vendor/magento/framework/View/Page/Config.php(591): Magento\Framework\View\Page\Config->build()
#22 /var/www/magento/public/vendor/magento/framework/View/Page/Config.php(549): Magento\Framework\View\Page\Config->getElementAttribute()
#23 /var/www/magento/public/vendor/magento/module-catalog/Helper/Product/View.php(212): Magento\Framework\View\Page\Config->addBodyClass()
#24 /var/www/magento/public/vendor/magento/module-catalog/Helper/Product/View.php(287): Magento\Catalog\Helper\Product\View->initProductLayout()
#25 /var/www/magento/public/vendor/magento/framework/Interception/Interceptor.php(58): Magento\Catalog\Helper\Product\View->prepareAndRender()
#26 /var/www/magento/public/vendor/magento/framework/Interception/Interceptor.php(138): Magento\Catalog\Helper\Product\View\Interceptor->___callParent()
#27 /var/www/magento/public/vendor/magento/framework/Interception/Interceptor.php(153): Magento\Catalog\Helper\Product\View\Interceptor->Magento\Framework\Interception\{closure}()
#28 /var/www/magento/public/generated/code/Magento/Catalog/Helper/Product/View/Interceptor.php(23): Magento\Catalog\Helper\Product\View\Interceptor->___callPlugins()
#29 /var/www/magento/public/vendor/magento/module-catalog/Controller/Product/View.php(179): Magento\Catalog\Helper\Product\View\Interceptor->prepareAndRender()
#30 /var/www/magento/public/vendor/magento/framework/Interception/Interceptor.php(58): Magento\Catalog\Controller\Product\View->execute()
#31 /var/www/magento/public/vendor/magento/framework/Interception/Interceptor.php(138): Magento\Catalog\Controller\Product\View\Interceptor->___callParent()
#32 /var/www/magento/public/vendor/magento/framework/Interception/Interceptor.php(153): Magento\Catalog\Controller\Product\View\Interceptor->Magento\Framework\Interception\{closure}()
#33 /var/www/magento/public/generated/code/Magento/Catalog/Controller/Product/View/Interceptor.php(23): Magento\Catalog\Controller\Product\View\Interceptor->___callPlugins()
#34 /var/www/magento/public/vendor/magento/framework/App/Action/Action.php(111): Magento\Catalog\Controller\Product\View\Interceptor->execute()
#35 /var/www/magento/public/vendor/magento/framework/Interception/Interceptor.php(58): Magento\Framework\App\Action\Action->dispatch()
#36 /var/www/magento/public/vendor/magento/framework/Interception/Interceptor.php(138): Magento\Catalog\Controller\Product\View\Interceptor->___callParent()
#37 /var/www/magento/public/vendor/magento/framework/Interception/Interceptor.php(153): Magento\Catalog\Controller\Product\View\Interceptor->Magento\Framework\Interception\{closure}()
#38 /var/www/magento/public/generated/code/Magento/Catalog/Controller/Product/View/Interceptor.php(32): Magento\Catalog\Controller\Product\View\Interceptor->___callPlugins()
#39 /var/www/magento/public/vendor/magento/framework/App/FrontController.php(245): Magento\Catalog\Controller\Product\View\Interceptor->dispatch()
#40 /var/www/magento/public/vendor/magento/framework/App/FrontController.php(212): Magento\Framework\App\FrontController->getActionResponse()
#41 /var/www/magento/public/vendor/magento/framework/App/FrontController.php(147): Magento\Framework\App\FrontController->processRequest()
#42 /var/www/magento/public/vendor/magento/framework/Interception/Interceptor.php(58): Magento\Framework\App\FrontController->dispatch()
#43 /var/www/magento/public/vendor/magento/framework/Interception/Interceptor.php(138): Magento\Framework\App\FrontController\Interceptor->___callParent()
#44 /var/www/magento/public/vendor/magento/module-store/App/FrontController/Plugin/RequestPreprocessor.php(99): Magento\Framework\App\FrontController\Interceptor->Magento\Framework\Interception\{closure}()
#45 /var/www/magento/public/vendor/magento/framework/Interception/Interceptor.php(135): Magento\Store\App\FrontController\Plugin\RequestPreprocessor->aroundDispatch()
#46 /var/www/magento/public/vendor/magento/module-page-cache/Model/App/FrontController/BuiltinPlugin.php(76): Magento\Framework\App\FrontController\Interceptor->Magento\Framework\Interception\{closure}()
#47 /var/www/magento/public/vendor/magento/framework/Interception/Interceptor.php(135): Magento\PageCache\Model\App\FrontController\BuiltinPlugin->aroundDispatch()
#48 /var/www/magento/public/vendor/magento/framework/Interception/Interceptor.php(153): Magento\Framework\App\FrontController\Interceptor->Magento\Framework\Interception\{closure}()
#49 /var/www/magento/public/generated/code/Magento/Framework/App/FrontController/Interceptor.php(23): Magento\Framework\App\FrontController\Interceptor->___callPlugins()
#50 /var/www/magento/public/vendor/magento/framework/App/Http.php(116): Magento\Framework\App\FrontController\Interceptor->dispatch()
#51 /var/www/magento/public/vendor/magento/framework/Interception/Interceptor.php(58): Magento\Framework\App\Http->launch()
#52 /var/www/magento/public/vendor/magento/framework/Interception/Interceptor.php(138): Magento\Framework\App\Http\Interceptor->___callParent()
#53 /var/www/magento/public/vendor/magento/module-application-performance-monitor/Plugin/ApplicationPerformanceMonitor.php(38): Magento\Framework\App\Http\Interceptor->Magento\Framework\Interception\{closure}()
#54 /var/www/magento/public/vendor/magento/framework/Interception/Interceptor.php(135): Magento\ApplicationPerformanceMonitor\Plugin\ApplicationPerformanceMonitor->aroundLaunch()
#55 /var/www/magento/public/vendor/magento/framework/Interception/Interceptor.php(153): Magento\Framework\App\Http\Interceptor->Magento\Framework\Interception\{closure}()
#56 /var/www/magento/public/generated/code/Magento/Framework/App/Http/Interceptor.php(23): Magento\Framework\App\Http\Interceptor->___callPlugins()
#57 /var/www/magento/public/vendor/magento/framework/App/Bootstrap.php(264): Magento\Framework\App\Http\Interceptor->launch()
#58 /var/www/magento/public/pub/index.php(30): Magento\Framework\App\Bootstrap->run()
#59 {main} {"exception":"[object] (Magento\\Framework\\Exception\\RuntimeException(code: 0): Type Error occurred when creating object: Mollie\\Payment\\Logger\\MollieLogger, Monolog\\Logger::__construct(): Argument #1 ($name) must be of type string, null given, called in /var/www/magento/public/vendor/magento/framework/ObjectManager/Factory/AbstractFactory.php on line 121 at /var/www/magento/public/vendor/magento/framework/ObjectManager/Factory/AbstractFactory.php:131)"} []
[2025-02-14T06:34:54.601023+00:00] main.ERROR: Laminas\Mail\Transport\Exception\RuntimeException: Unable to send mail: Unknown error in /var/www/magento/public/vendor/laminas/laminas-mail/src/Transport/Sendmail.php:313
Stack trace:
#0 /var/www/magento/public/vendor/laminas/laminas-mail/src/Transport/Sendmail.php(150): Laminas\Mail\Transport\Sendmail->mailHandler()
#1 /var/www/magento/public/vendor/magento/module-email/Model/Transport.php(183): Laminas\Mail\Transport\Sendmail->send()
#2 /var/www/magento/public/vendor/magento/framework/Interception/Interceptor.php(58): Magento\Email\Model\Transport->sendMessage()
#3 /var/www/magento/public/vendor/magento/framework/Interception/Interceptor.php(138): Magento\Email\Model\Transport\Interceptor->___callParent()
#4 /var/www/magento/public/vendor/magento/module-customer-sample-data/Magento/Framework/Mail/Transport/MailPlugin.php(32): Magento\Email\Model\Transport\Interceptor->Magento\Framework\Interception\{closure}()
#5 /var/www/magento/public/vendor/magento/framework/Interception/Interceptor.php(135): Magento\CustomerSampleData\Magento\Framework\Mail\Transport\MailPlugin->aroundSendMessage()
#6 /var/www/magento/public/vendor/magento/module-email/Model/Mail/TransportInterfacePlugin.php(48): Magento\Email\Model\Transport\Interceptor->Magento\Framework\Interception\{closure}()
#7 /var/www/magento/public/vendor/magento/framework/Interception/Interceptor.php(135): Magento\Email\Model\Mail\TransportInterfacePlugin->aroundSendMessage()
#8 /var/www/magento/public/vendor/magento/framework/Interception/Interceptor.php(153): Magento\Email\Model\Transport\Interceptor->Magento\Framework\Interception\{closure}()
#9 /var/www/magento/public/generated/code/Magento/Email/Model/Transport/Interceptor.php(32): Magento\Email\Model\Transport\Interceptor->___callPlugins()
#10 /var/www/magento/public/vendor/magento/module-customer/Model/EmailNotification.php(308): Magento\Email\Model\Transport\Interceptor->sendMessage()
#11 /var/www/magento/public/vendor/magento/module-customer/Model/EmailNotification.php(441): Magento\Customer\Model\EmailNotification->sendEmailTemplate()
#12 /var/www/magento/public/vendor/magento/framework/Interception/Interceptor.php(58): Magento\Customer\Model\EmailNotification->newAccount()
#13 /var/www/magento/public/vendor/magento/framework/Interception/Interceptor.php(138): Magento\Customer\Model\EmailNotification\Interceptor->___callParent()
#14 /var/www/magento/public/vendor/magento/framework/Interception/Interceptor.php(153): Magento\Customer\Model\EmailNotification\Interceptor->Magento\Framework\Interception\{closure}()
#15 /var/www/magento/public/generated/code/Magento/Customer/Model/EmailNotification/Interceptor.php(50): Magento\Customer\Model\EmailNotification\Interceptor->___callPlugins()
#16 /var/www/magento/public/vendor/magento/module-customer/Model/AccountManagement.php(994): Magento\Customer\Model\EmailNotification\Interceptor->newAccount()
#17 /var/www/magento/public/vendor/magento/module-customer/Model/AccountManagement.php(952): Magento\Customer\Model\AccountManagement->sendEmailConfirmation()
#18 /var/www/magento/public/generated/code/Magento/Customer/Model/AccountManagement/Interceptor.php(104): Magento\Customer\Model\AccountManagement->createAccountWithPasswordHash()
#19 /var/www/magento/public/vendor/magento/module-customer/Model/AccountManagement.php(864): Magento\Customer\Model\AccountManagement\Interceptor->createAccountWithPasswordHash()
#20 /var/www/magento/public/generated/code/Magento/Customer/Model/AccountManagement/Interceptor.php(95): Magento\Customer\Model\AccountManagement->createAccount()
#21 /var/www/magento/public/vendor/magento/module-customer/Controller/Adminhtml/Index/Save.php(385): Magento\Customer\Model\AccountManagement\Interceptor->createAccount()
#22 /var/www/magento/public/vendor/magento/framework/Interception/Interceptor.php(58): Magento\Customer\Controller\Adminhtml\Index\Save->execute()
#23 /var/www/magento/public/vendor/magento/framework/Interception/Interceptor.php(138): Magento\Customer\Controller\Adminhtml\Index\Save\Interceptor->___callParent()
#24 /var/www/magento/public/vendor/magento/framework/Interception/Interceptor.php(153): Magento\Customer\Controller\Adminhtml\Index\Save\Interceptor->Magento\Framework\Interception\{closure}()
#25 /var/www/magento/public/generated/code/Magento/Customer/Controller/Adminhtml/Index/Save/Interceptor.php(23): Magento\Customer\Controller\Adminhtml\Index\Save\Interceptor->___callPlugins()
#26 /var/www/magento/public/vendor/magento/framework/App/Action/Action.php(111): Magento\Customer\Controller\Adminhtml\Index\Save\Interceptor->execute()
#27 /var/www/magento/public/vendor/magento/module-backend/App/AbstractAction.php(151): Magento\Framework\App\Action\Action->dispatch()
#28 /var/www/magento/public/vendor/magento/framework/Interception/Interceptor.php(58): Magento\Backend\App\AbstractAction->dispatch()
#29 /var/www/magento/public/vendor/magento/framework/Interception/Interceptor.php(138): Magento\Customer\Controller\Adminhtml\Index\Save\Interceptor->___callParent()
#30 /var/www/magento/public/vendor/magento/module-backend/App/Action/Plugin/Authentication.php(145): Magento\Customer\Controller\Adminhtml\Index\Save\Interceptor->Magento\Framework\Interception\{closure}()
#31 /var/www/magento/public/vendor/magento/framework/Interception/Interceptor.php(135): Magento\Backend\App\Action\Plugin\Authentication->aroundDispatch()
#32 /var/www/magento/public/vendor/magento/framework/Interception/Interceptor.php(153): Magento\Customer\Controller\Adminhtml\Index\Save\Interceptor->Magento\Framework\Interception\{closure}()
#33 /var/www/magento/public/generated/code/Magento/Customer/Controller/Adminhtml/Index/Save/Interceptor.php(32): Magento\Customer\Controller\Adminhtml\Index\Save\Interceptor->___callPlugins()
#34 /var/www/magento/public/vendor/magento/framework/App/FrontController.php(245): Magento\Customer\Controller\Adminhtml\Index\Save\Interceptor->dispatch()
#35 /var/www/magento/public/vendor/magento/framework/App/FrontController.php(212): Magento\Framework\App\FrontController->getActionResponse()
#36 /var/www/magento/public/vendor/magento/framework/App/FrontController.php(147): Magento\Framework\App\FrontController->processRequest()
#37 /var/www/magento/public/vendor/magento/framework/Interception/Interceptor.php(58): Magento\Framework\App\FrontController->dispatch()
#38 /var/www/magento/public/vendor/magento/framework/Interception/Interceptor.php(138): Magento\Framework\App\FrontController\Interceptor->___callParent()
#39 /var/www/magento/public/vendor/magento/framework/Interception/Interceptor.php(153): Magento\Framework\App\FrontController\Interceptor->Magento\Framework\Interception\{closure}()
#40 /var/www/magento/public/generated/code/Magento/Framework/App/FrontController/Interceptor.php(23): Magento\Framework\App\FrontController\Interceptor->___callPlugins()
#41 /var/www/magento/public/vendor/magento/framework/App/Http.php(116): Magento\Framework\App\FrontController\Interceptor->dispatch()
#42 /var/www/magento/public/vendor/magento/framework/Interception/Interceptor.php(58): Magento\Framework\App\Http->launch()
#43 /var/www/magento/public/vendor/magento/framework/Interception/Interceptor.php(138): Magento\Framework\App\Http\Interceptor->___callParent()
#44 /var/www/magento/public/vendor/magento/module-application-performance-monitor/Plugin/ApplicationPerformanceMonitor.php(38): Magento\Framework\App\Http\Interceptor->Magento\Framework\Interception\{closure}()
#45 /var/www/magento/public/vendor/magento/framework/Interception/Interceptor.php(135): Magento\ApplicationPerformanceMonitor\Plugin\ApplicationPerformanceMonitor->aroundLaunch()
#46 /var/www/magento/public/vendor/magento/framework/Interception/Interceptor.php(153): Magento\Framework\App\Http\Interceptor->Magento\Framework\Interception\{closure}()
#47 /var/www/magento/public/generated/code/Magento/Framework/App/Http/Interceptor.php(23): Magento\Framework\App\Http\Interceptor->___callPlugins()
#48 /var/www/magento/public/vendor/magento/framework/App/Bootstrap.php(264): Magento\Framework\App\Http\Interceptor->launch()
#49 /var/www/magento/public/pub/index.php(30): Magento\Framework\App\Bootstrap->run()
#50 {main} {"exception":"[object] (Laminas\\Mail\\Transport\\Exception\\RuntimeException(code: 0): Unable to send mail: Unknown error at /var/www/magento/public/vendor/laminas/laminas-mail/src/Transport/Sendmail.php:313)"} []
[2025-02-14T06:34:54.601465+00:00] main.CRITICAL: Laminas\Mail\Transport\Exception\RuntimeException: Unable to send mail: Unknown error in /var/www/magento/public/vendor/laminas/laminas-mail/src/Transport/Sendmail.php:313
Stack trace:
#0 /var/www/magento/public/vendor/laminas/laminas-mail/src/Transport/Sendmail.php(150): Laminas\Mail\Transport\Sendmail->mailHandler()
#1 /var/www/magento/public/vendor/magento/module-email/Model/Transport.php(183): Laminas\Mail\Transport\Sendmail->send()
#2 /var/www/magento/public/vendor/magento/framework/Interception/Interceptor.php(58): Magento\Email\Model\Transport->sendMessage()
#3 /var/www/magento/public/vendor/magento/framework/Interception/Interceptor.php(138): Magento\Email\Model\Transport\Interceptor->___callParent()
#4 /var/www/magento/public/vendor/magento/module-customer-sample-data/Magento/Framework/Mail/Transport/MailPlugin.php(32): Magento\Email\Model\Transport\Interceptor->Magento\Framework\Interception\{closure}()
#5 /var/www/magento/public/vendor/magento/framework/Interception/Interceptor.php(135): Magento\CustomerSampleData\Magento\Framework\Mail\Transport\MailPlugin->aroundSendMessage()
#6 /var/www/magento/public/vendor/magento/module-email/Model/Mail/TransportInterfacePlugin.php(48): Magento\Email\Model\Transport\Interceptor->Magento\Framework\Interception\{closure}()
#7 /var/www/magento/public/vendor/magento/framework/Interception/Interceptor.php(135): Magento\Email\Model\Mail\TransportInterfacePlugin->aroundSendMessage()
#8 /var/www/magento/public/vendor/magento/framework/Interception/Interceptor.php(153): Magento\Email\Model\Transport\Interceptor->Magento\Framework\Interception\{closure}()
#9 /var/www/magento/public/generated/code/Magento/Email/Model/Transport/Interceptor.php(32): Magento\Email\Model\Transport\Interceptor->___callPlugins()
#10 /var/www/magento/public/vendor/magento/module-customer/Model/EmailNotification.php(308): Magento\Email\Model\Transport\Interceptor->sendMessage()
#11 /var/www/magento/public/vendor/magento/module-customer/Model/EmailNotification.php(441): Magento\Customer\Model\EmailNotification->sendEmailTemplate()
#12 /var/www/magento/public/vendor/magento/framework/Interception/Interceptor.php(58): Magento\Customer\Model\EmailNotification->newAccount()
#13 /var/www/magento/public/vendor/magento/framework/Interception/Interceptor.php(138): Magento\Customer\Model\EmailNotification\Interceptor->___callParent()
#14 /var/www/magento/public/vendor/magento/framework/Interception/Interceptor.php(153): Magento\Customer\Model\EmailNotification\Interceptor->Magento\Framework\Interception\{closure}()
#15 /var/www/magento/public/generated/code/Magento/Customer/Model/EmailNotification/Interceptor.php(50): Magento\Customer\Model\EmailNotification\Interceptor->___callPlugins()
#16 /var/www/magento/public/vendor/magento/module-customer/Model/AccountManagement.php(994): Magento\Customer\Model\EmailNotification\Interceptor->newAccount()
#17 /var/www/magento/public/vendor/magento/module-customer/Model/AccountManagement.php(952): Magento\Customer\Model\AccountManagement->sendEmailConfirmation()
#18 /var/www/magento/public/generated/code/Magento/Customer/Model/AccountManagement/Interceptor.php(104): Magento\Customer\Model\AccountManagement->createAccountWithPasswordHash()
#19 /var/www/magento/public/vendor/magento/module-customer/Model/AccountManagement.php(864): Magento\Customer\Model\AccountManagement\Interceptor->createAccountWithPasswordHash()
#20 /var/www/magento/public/generated/code/Magento/Customer/Model/AccountManagement/Interceptor.php(95): Magento\Customer\Model\AccountManagement->createAccount()
#21 /var/www/magento/public/vendor/magento/module-customer/Controller/Adminhtml/Index/Save.php(385): Magento\Customer\Model\AccountManagement\Interceptor->createAccount()
#22 /var/www/magento/public/vendor/magento/framework/Interception/Interceptor.php(58): Magento\Customer\Controller\Adminhtml\Index\Save->execute()
#23 /var/www/magento/public/vendor/magento/framework/Interception/Interceptor.php(138): Magento\Customer\Controller\Adminhtml\Index\Save\Interceptor->___callParent()
#24 /var/www/magento/public/vendor/magento/framework/Interception/Interceptor.php(153): Magento\Customer\Controller\Adminhtml\Index\Save\Interceptor->Magento\Framework\Interception\{closure}()
#25 /var/www/magento/public/generated/code/Magento/Customer/Controller/Adminhtml/Index/Save/Interceptor.php(23): Magento\Customer\Controller\Adminhtml\Index\Save\Interceptor->___callPlugins()
#26 /var/www/magento/public/vendor/magento/framework/App/Action/Action.php(111): Magento\Customer\Controller\Adminhtml\Index\Save\Interceptor->execute()
#27 /var/www/magento/public/vendor/magento/module-backend/App/AbstractAction.php(151): Magento\Framework\App\Action\Action->dispatch()
#28 /var/www/magento/public/vendor/magento/framework/Interception/Interceptor.php(58): Magento\Backend\App\AbstractAction->dispatch()
#29 /var/www/magento/public/vendor/magento/framework/Interception/Interceptor.php(138): Magento\Customer\Controller\Adminhtml\Index\Save\Interceptor->___callParent()
#30 /var/www/magento/public/vendor/magento/module-backend/App/Action/Plugin/Authentication.php(145): Magento\Customer\Controller\Adminhtml\Index\Save\Interceptor->Magento\Framework\Interception\{closure}()
#31 /var/www/magento/public/vendor/magento/framework/Interception/Interceptor.php(135): Magento\Backend\App\Action\Plugin\Authentication->aroundDispatch()
#32 /var/www/magento/public/vendor/magento/framework/Interception/Interceptor.php(153): Magento\Customer\Controller\Adminhtml\Index\Save\Interceptor->Magento\Framework\Interception\{closure}()
#33 /var/www/magento/public/generated/code/Magento/Customer/Controller/Adminhtml/Index/Save/Interceptor.php(32): Magento\Customer\Controller\Adminhtml\Index\Save\Interceptor->___callPlugins()
#34 /var/www/magento/public/vendor/magento/framework/App/FrontController.php(245): Magento\Customer\Controller\Adminhtml\Index\Save\Interceptor->dispatch()
#35 /var/www/magento/public/vendor/magento/framework/App/FrontController.php(212): Magento\Framework\App\FrontController->getActionResponse()
#36 /var/www/magento/public/vendor/magento/framework/App/FrontController.php(147): Magento\Framework\App\FrontController->processRequest()
#37 /var/www/magento/public/vendor/magento/framework/Interception/Interceptor.php(58): Magento\Framework\App\FrontController->dispatch()
#38 /var/www/magento/public/vendor/magento/framework/Interception/Interceptor.php(138): Magento\Framework\App\FrontController\Interceptor->___callParent()
#39 /var/www/magento/public/vendor/magento/framework/Interception/Interceptor.php(153): Magento\Framework\App\FrontController\Interceptor->Magento\Framework\Interception\{closure}()
#40 /var/www/magento/public/generated/code/Magento/Framework/App/FrontController/Interceptor.php(23): Magento\Framework\App\FrontController\Interceptor->___callPlugins()
#41 /var/www/magento/public/vendor/magento/framework/App/Http.php(116): Magento\Framework\App\FrontController\Interceptor->dispatch()
#42 /var/www/magento/public/vendor/magento/framework/Interception/Interceptor.php(58): Magento\Framework\App\Http->launch()
#43 /var/www/magento/public/vendor/magento/framework/Interception/Interceptor.php(138): Magento\Framework\App\Http\Interceptor->___callParent()
#44 /var/www/magento/public/vendor/magento/module-application-performance-monitor/Plugin/ApplicationPerformanceMonitor.php(38): Magento\Framework\App\Http\Interceptor->Magento\Framework\Interception\{closure}()
#45 /var/www/magento/public/vendor/magento/framework/Interception/Interceptor.php(135): Magento\ApplicationPerformanceMonitor\Plugin\ApplicationPerformanceMonitor->aroundLaunch()
#46 /var/www/magento/public/vendor/magento/framework/Interception/Interceptor.php(153): Magento\Framework\App\Http\Interceptor->Magento\Framework\Interception\{closure}()
#47 /var/www/magento/public/generated/code/Magento/Framework/App/Http/Interceptor.php(23): Magento\Framework\App\Http\Interceptor->___callPlugins()
#48 /var/www/magento/public/vendor/magento/framework/App/Bootstrap.php(264): Magento\Framework\App\Http\Interceptor->launch()
#49 /var/www/magento/public/pub/index.php(30): Magento\Framework\App\Bootstrap->run()
#50 {main}

Next Magento\Framework\Exception\MailException: Unable to send mail. Please try again later. in /var/www/magento/public/vendor/magento/module-email/Model/Transport.php:186
Stack trace:
#0 /var/www/magento/public/vendor/magento/framework/Interception/Interceptor.php(58): Magento\Email\Model\Transport->sendMessage()
#1 /var/www/magento/public/vendor/magento/framework/Interception/Interceptor.php(138): Magento\Email\Model\Transport\Interceptor->___callParent()
#2 /var/www/magento/public/vendor/magento/module-customer-sample-data/Magento/Framework/Mail/Transport/MailPlugin.php(32): Magento\Email\Model\Transport\Interceptor->Magento\Framework\Interception\{closure}()
#3 /var/www/magento/public/vendor/magento/framework/Interception/Interceptor.php(135): Magento\CustomerSampleData\Magento\Framework\Mail\Transport\MailPlugin->aroundSendMessage()
#4 /var/www/magento/public/vendor/magento/module-email/Model/Mail/TransportInterfacePlugin.php(48): Magento\Email\Model\Transport\Interceptor->Magento\Framework\Interception\{closure}()
#5 /var/www/magento/public/vendor/magento/framework/Interception/Interceptor.php(135): Magento\Email\Model\Mail\TransportInterfacePlugin->aroundSendMessage()
#6 /var/www/magento/public/vendor/magento/framework/Interception/Interceptor.php(153): Magento\Email\Model\Transport\Interceptor->Magento\Framework\Interception\{closure}()
#7 /var/www/magento/public/generated/code/Magento/Email/Model/Transport/Interceptor.php(32): Magento\Email\Model\Transport\Interceptor->___callPlugins()
#8 /var/www/magento/public/vendor/magento/module-customer/Model/EmailNotification.php(308): Magento\Email\Model\Transport\Interceptor->sendMessage()
#9 /var/www/magento/public/vendor/magento/module-customer/Model/EmailNotification.php(441): Magento\Customer\Model\EmailNotification->sendEmailTemplate()
#10 /var/www/magento/public/vendor/magento/framework/Interception/Interceptor.php(58): Magento\Customer\Model\EmailNotification->newAccount()
#11 /var/www/magento/public/vendor/magento/framework/Interception/Interceptor.php(138): Magento\Customer\Model\EmailNotification\Interceptor->___callParent()
#12 /var/www/magento/public/vendor/magento/framework/Interception/Interceptor.php(153): Magento\Customer\Model\EmailNotification\Interceptor->Magento\Framework\Interception\{closure}()
#13 /var/www/magento/public/generated/code/Magento/Customer/Model/EmailNotification/Interceptor.php(50): Magento\Customer\Model\EmailNotification\Interceptor->___callPlugins()
#14 /var/www/magento/public/vendor/magento/module-customer/Model/AccountManagement.php(994): Magento\Customer\Model\EmailNotification\Interceptor->newAccount()
#15 /var/www/magento/public/vendor/magento/module-customer/Model/AccountManagement.php(952): Magento\Customer\Model\AccountManagement->sendEmailConfirmation()
#16 /var/www/magento/public/generated/code/Magento/Customer/Model/AccountManagement/Interceptor.php(104): Magento\Customer\Model\AccountManagement->createAccountWithPasswordHash()
#17 /var/www/magento/public/vendor/magento/module-customer/Model/AccountManagement.php(864): Magento\Customer\Model\AccountManagement\Interceptor->createAccountWithPasswordHash()
#18 /var/www/magento/public/generated/code/Magento/Customer/Model/AccountManagement/Interceptor.php(95): Magento\Customer\Model\AccountManagement->createAccount()
#19 /var/www/magento/public/vendor/magento/module-customer/Controller/Adminhtml/Index/Save.php(385): Magento\Customer\Model\AccountManagement\Interceptor->createAccount()
#20 /var/www/magento/public/vendor/magento/framework/Interception/Interceptor.php(58): Magento\Customer\Controller\Adminhtml\Index\Save->execute()
#21 /var/www/magento/public/vendor/magento/framework/Interception/Interceptor.php(138): Magento\Customer\Controller\Adminhtml\Index\Save\Interceptor->___callParent()
#22 /var/www/magento/public/vendor/magento/framework/Interception/Interceptor.php(153): Magento\Customer\Controller\Adminhtml\Index\Save\Interceptor->Magento\Framework\Interception\{closure}()
#23 /var/www/magento/public/generated/code/Magento/Customer/Controller/Adminhtml/Index/Save/Interceptor.php(23): Magento\Customer\Controller\Adminhtml\Index\Save\Interceptor->___callPlugins()
#24 /var/www/magento/public/vendor/magento/framework/App/Action/Action.php(111): Magento\Customer\Controller\Adminhtml\Index\Save\Interceptor->execute()
#25 /var/www/magento/public/vendor/magento/module-backend/App/AbstractAction.php(151): Magento\Framework\App\Action\Action->dispatch()
#26 /var/www/magento/public/vendor/magento/framework/Interception/Interceptor.php(58): Magento\Backend\App\AbstractAction->dispatch()
#27 /var/www/magento/public/vendor/magento/framework/Interception/Interceptor.php(138): Magento\Customer\Controller\Adminhtml\Index\Save\Interceptor->___callParent()
#28 /var/www/magento/public/vendor/magento/module-backend/App/Action/Plugin/Authentication.php(145): Magento\Customer\Controller\Adminhtml\Index\Save\Interceptor->Magento\Framework\Interception\{closure}()
#29 /var/www/magento/public/vendor/magento/framework/Interception/Interceptor.php(135): Magento\Backend\App\Action\Plugin\Authentication->aroundDispatch()
#30 /var/www/magento/public/vendor/magento/framework/Interception/Interceptor.php(153): Magento\Customer\Controller\Adminhtml\Index\Save\Interceptor->Magento\Framework\Interception\{closure}()
#31 /var/www/magento/public/generated/code/Magento/Customer/Controller/Adminhtml/Index/Save/Interceptor.php(32): Magento\Customer\Controller\Adminhtml\Index\Save\Interceptor->___callPlugins()
#32 /var/www/magento/public/vendor/magento/framework/App/FrontController.php(245): Magento\Customer\Controller\Adminhtml\Index\Save\Interceptor->dispatch()
#33 /var/www/magento/public/vendor/magento/framework/App/FrontController.php(212): Magento\Framework\App\FrontController->getActionResponse()
#34 /var/www/magento/public/vendor/magento/framework/App/FrontController.php(147): Magento\Framework\App\FrontController->processRequest()
#35 /var/www/magento/public/vendor/magento/framework/Interception/Interceptor.php(58): Magento\Framework\App\FrontController->dispatch()
#36 /var/www/magento/public/vendor/magento/framework/Interception/Interceptor.php(138): Magento\Framework\App\FrontController\Interceptor->___callParent()
#37 /var/www/magento/public/vendor/magento/framework/Interception/Interceptor.php(153): Magento\Framework\App\FrontController\Interceptor->Magento\Framework\Interception\{closure}()
#38 /var/www/magento/public/generated/code/Magento/Framework/App/FrontController/Interceptor.php(23): Magento\Framework\App\FrontController\Interceptor->___callPlugins()
#39 /var/www/magento/public/vendor/magento/framework/App/Http.php(116): Magento\Framework\App\FrontController\Interceptor->dispatch()
#40 /var/www/magento/public/vendor/magento/framework/Interception/Interceptor.php(58): Magento\Framework\App\Http->launch()
#41 /var/www/magento/public/vendor/magento/framework/Interception/Interceptor.php(138): Magento\Framework\App\Http\Interceptor->___callParent()
#42 /var/www/magento/public/vendor/magento/module-application-performance-monitor/Plugin/ApplicationPerformanceMonitor.php(38): Magento\Framework\App\Http\Interceptor->Magento\Framework\Interception\{closure}()
#43 /var/www/magento/public/vendor/magento/framework/Interception/Interceptor.php(135): Magento\ApplicationPerformanceMonitor\Plugin\ApplicationPerformanceMonitor->aroundLaunch()
#44 /var/www/magento/public/vendor/magento/framework/Interception/Interceptor.php(153): Magento\Framework\App\Http\Interceptor->Magento\Framework\Interception\{closure}()
#45 /var/www/magento/public/generated/code/Magento/Framework/App/Http/Interceptor.php(23): Magento\Framework\App\Http\Interceptor->___callPlugins()
#46 /var/www/magento/public/vendor/magento/framework/App/Bootstrap.php(264): Magento\Framework\App\Http\Interceptor->launch()
#47 /var/www/magento/public/pub/index.php(30): Magento\Framework\App\Bootstrap->run()
#48 {main} {"exception":"[object] (Magento\\Framework\\Exception\\MailException(code: 0): Unable to send mail. Please try again later. at /var/www/magento/public/vendor/magento/module-email/Model/Transport.php:186)
[previous exception] [object] (Laminas\\Mail\\Transport\\Exception\\RuntimeException(code: 0): Unable to send mail: Unknown error at /var/www/magento/public/vendor/laminas/laminas-mail/src/Transport/Sendmail.php:313)"} []
[2025-02-14T06:35:21.389813+00:00] main.ERROR: Laminas\Mail\Transport\Exception\RuntimeException: Unable to send mail: Unknown error in /var/www/magento/public/vendor/laminas/laminas-mail/src/Transport/Sendmail.php:313
Stack trace:
#0 /var/www/magento/public/vendor/laminas/laminas-mail/src/Transport/Sendmail.php(150): Laminas\Mail\Transport\Sendmail->mailHandler()
#1 /var/www/magento/public/vendor/magento/module-email/Model/Transport.php(183): Laminas\Mail\Transport\Sendmail->send()
#2 /var/www/magento/public/vendor/magento/framework/Interception/Interceptor.php(58): Magento\Email\Model\Transport->sendMessage()
#3 /var/www/magento/public/vendor/magento/framework/Interception/Interceptor.php(138): Magento\Email\Model\Transport\Interceptor->___callParent()
#4 /var/www/magento/public/vendor/magento/module-customer-sample-data/Magento/Framework/Mail/Transport/MailPlugin.php(32): Magento\Email\Model\Transport\Interceptor->Magento\Framework\Interception\{closure}()
#5 /var/www/magento/public/vendor/magento/framework/Interception/Interceptor.php(135): Magento\CustomerSampleData\Magento\Framework\Mail\Transport\MailPlugin->aroundSendMessage()
#6 /var/www/magento/public/vendor/magento/module-email/Model/Mail/TransportInterfacePlugin.php(48): Magento\Email\Model\Transport\Interceptor->Magento\Framework\Interception\{closure}()
#7 /var/www/magento/public/vendor/magento/framework/Interception/Interceptor.php(135): Magento\Email\Model\Mail\TransportInterfacePlugin->aroundSendMessage()
#8 /var/www/magento/public/vendor/magento/framework/Interception/Interceptor.php(153): Magento\Email\Model\Transport\Interceptor->Magento\Framework\Interception\{closure}()
#9 /var/www/magento/public/generated/code/Magento/Email/Model/Transport/Interceptor.php(32): Magento\Email\Model\Transport\Interceptor->___callPlugins()
#10 /var/www/magento/public/vendor/magento/module-customer/Model/EmailNotification.php(308): Magento\Email\Model\Transport\Interceptor->sendMessage()
#11 /var/www/magento/public/vendor/magento/module-customer/Model/EmailNotification.php(441): Magento\Customer\Model\EmailNotification->sendEmailTemplate()
#12 /var/www/magento/public/vendor/magento/framework/Interception/Interceptor.php(58): Magento\Customer\Model\EmailNotification->newAccount()
#13 /var/www/magento/public/vendor/magento/framework/Interception/Interceptor.php(138): Magento\Customer\Model\EmailNotification\Interceptor->___callParent()
#14 /var/www/magento/public/vendor/magento/framework/Interception/Interceptor.php(153): Magento\Customer\Model\EmailNotification\Interceptor->Magento\Framework\Interception\{closure}()
#15 /var/www/magento/public/generated/code/Magento/Customer/Model/EmailNotification/Interceptor.php(50): Magento\Customer\Model\EmailNotification\Interceptor->___callPlugins()
#16 /var/www/magento/public/vendor/magento/module-customer/Model/AccountManagement.php(994): Magento\Customer\Model\EmailNotification\Interceptor->newAccount()
#17 /var/www/magento/public/vendor/magento/module-customer/Model/AccountManagement.php(952): Magento\Customer\Model\AccountManagement->sendEmailConfirmation()
#18 /var/www/magento/public/generated/code/Magento/Customer/Model/AccountManagement/Interceptor.php(104): Magento\Customer\Model\AccountManagement->createAccountWithPasswordHash()
#19 /var/www/magento/public/vendor/magento/module-customer/Model/AccountManagement.php(864): Magento\Customer\Model\AccountManagement\Interceptor->createAccountWithPasswordHash()
#20 /var/www/magento/public/generated/code/Magento/Customer/Model/AccountManagement/Interceptor.php(95): Magento\Customer\Model\AccountManagement->createAccount()
#21 /var/www/magento/public/vendor/magento/module-customer/Controller/Adminhtml/Index/Save.php(385): Magento\Customer\Model\AccountManagement\Interceptor->createAccount()
#22 /var/www/magento/public/vendor/magento/framework/Interception/Interceptor.php(58): Magento\Customer\Controller\Adminhtml\Index\Save->execute()
#23 /var/www/magento/public/vendor/magento/framework/Interception/Interceptor.php(138): Magento\Customer\Controller\Adminhtml\Index\Save\Interceptor->___callParent()
#24 /var/www/magento/public/vendor/magento/framework/Interception/Interceptor.php(153): Magento\Customer\Controller\Adminhtml\Index\Save\Interceptor->Magento\Framework\Interception\{closure}()
#25 /var/www/magento/public/generated/code/Magento/Customer/Controller/Adminhtml/Index/Save/Interceptor.php(23): Magento\Customer\Controller\Adminhtml\Index\Save\Interceptor->___callPlugins()
#26 /var/www/magento/public/vendor/magento/framework/App/Action/Action.php(111): Magento\Customer\Controller\Adminhtml\Index\Save\Interceptor->execute()
#27 /var/www/magento/public/vendor/magento/module-backend/App/AbstractAction.php(151): Magento\Framework\App\Action\Action->dispatch()
#28 /var/www/magento/public/vendor/magento/framework/Interception/Interceptor.php(58): Magento\Backend\App\AbstractAction->dispatch()
#29 /var/www/magento/public/vendor/magento/framework/Interception/Interceptor.php(138): Magento\Customer\Controller\Adminhtml\Index\Save\Interceptor->___callParent()
#30 /var/www/magento/public/vendor/magento/module-backend/App/Action/Plugin/Authentication.php(145): Magento\Customer\Controller\Adminhtml\Index\Save\Interceptor->Magento\Framework\Interception\{closure}()
#31 /var/www/magento/public/vendor/magento/framework/Interception/Interceptor.php(135): Magento\Backend\App\Action\Plugin\Authentication->aroundDispatch()
#32 /var/www/magento/public/vendor/magento/framework/Interception/Interceptor.php(153): Magento\Customer\Controller\Adminhtml\Index\Save\Interceptor->Magento\Framework\Interception\{closure}()
#33 /var/www/magento/public/generated/code/Magento/Customer/Controller/Adminhtml/Index/Save/Interceptor.php(32): Magento\Customer\Controller\Adminhtml\Index\Save\Interceptor->___callPlugins()
#34 /var/www/magento/public/vendor/magento/framework/App/FrontController.php(245): Magento\Customer\Controller\Adminhtml\Index\Save\Interceptor->dispatch()
#35 /var/www/magento/public/vendor/magento/framework/App/FrontController.php(212): Magento\Framework\App\FrontController->getActionResponse()
#36 /var/www/magento/public/vendor/magento/framework/App/FrontController.php(147): Magento\Framework\App\FrontController->processRequest()
#37 /var/www/magento/public/vendor/magento/framework/Interception/Interceptor.php(58): Magento\Framework\App\FrontController->dispatch()
#38 /var/www/magento/public/vendor/magento/framework/Interception/Interceptor.php(138): Magento\Framework\App\FrontController\Interceptor->___callParent()
#39 /var/www/magento/public/vendor/magento/framework/Interception/Interceptor.php(153): Magento\Framework\App\FrontController\Interceptor->Magento\Framework\Interception\{closure}()
#40 /var/www/magento/public/generated/code/Magento/Framework/App/FrontController/Interceptor.php(23): Magento\Framework\App\FrontController\Interceptor->___callPlugins()
#41 /var/www/magento/public/vendor/magento/framework/App/Http.php(116): Magento\Framework\App\FrontController\Interceptor->dispatch()
#42 /var/www/magento/public/vendor/magento/framework/Interception/Interceptor.php(58): Magento\Framework\App\Http->launch()
#43 /var/www/magento/public/vendor/magento/framework/Interception/Interceptor.php(138): Magento\Framework\App\Http\Interceptor->___callParent()
#44 /var/www/magento/public/vendor/magento/module-application-performance-monitor/Plugin/ApplicationPerformanceMonitor.php(38): Magento\Framework\App\Http\Interceptor->Magento\Framework\Interception\{closure}()
#45 /var/www/magento/public/vendor/magento/framework/Interception/Interceptor.php(135): Magento\ApplicationPerformanceMonitor\Plugin\ApplicationPerformanceMonitor->aroundLaunch()
#46 /var/www/magento/public/vendor/magento/framework/Interception/Interceptor.php(153): Magento\Framework\App\Http\Interceptor->Magento\Framework\Interception\{closure}()
#47 /var/www/magento/public/generated/code/Magento/Framework/App/Http/Interceptor.php(23): Magento\Framework\App\Http\Interceptor->___callPlugins()
#48 /var/www/magento/public/vendor/magento/framework/App/Bootstrap.php(264): Magento\Framework\App\Http\Interceptor->launch()
#49 /var/www/magento/public/pub/index.php(30): Magento\Framework\App\Bootstrap->run()
#50 {main} {"exception":"[object] (Laminas\\Mail\\Transport\\Exception\\RuntimeException(code: 0): Unable to send mail: Unknown error at /var/www/magento/public/vendor/laminas/laminas-mail/src/Transport/Sendmail.php:313)"} []
[2025-02-14T06:35:21.390046+00:00] main.CRITICAL: Laminas\Mail\Transport\Exception\RuntimeException: Unable to send mail: Unknown error in /var/www/magento/public/vendor/laminas/laminas-mail/src/Transport/Sendmail.php:313
Stack trace:
#0 /var/www/magento/public/vendor/laminas/laminas-mail/src/Transport/Sendmail.php(150): Laminas\Mail\Transport\Sendmail->mailHandler()
#1 /var/www/magento/public/vendor/magento/module-email/Model/Transport.php(183): Laminas\Mail\Transport\Sendmail->send()
#2 /var/www/magento/public/vendor/magento/framework/Interception/Interceptor.php(58): Magento\Email\Model\Transport->sendMessage()
#3 /var/www/magento/public/vendor/magento/framework/Interception/Interceptor.php(138): Magento\Email\Model\Transport\Interceptor->___callParent()
#4 /var/www/magento/public/vendor/magento/module-customer-sample-data/Magento/Framework/Mail/Transport/MailPlugin.php(32): Magento\Email\Model\Transport\Interceptor->Magento\Framework\Interception\{closure}()
#5 /var/www/magento/public/vendor/magento/framework/Interception/Interceptor.php(135): Magento\CustomerSampleData\Magento\Framework\Mail\Transport\MailPlugin->aroundSendMessage()
#6 /var/www/magento/public/vendor/magento/module-email/Model/Mail/TransportInterfacePlugin.php(48): Magento\Email\Model\Transport\Interceptor->Magento\Framework\Interception\{closure}()
#7 /var/www/magento/public/vendor/magento/framework/Interception/Interceptor.php(135): Magento\Email\Model\Mail\TransportInterfacePlugin->aroundSendMessage()
#8 /var/www/magento/public/vendor/magento/framework/Interception/Interceptor.php(153): Magento\Email\Model\Transport\Interceptor->Magento\Framework\Interception\{closure}()
#9 /var/www/magento/public/generated/code/Magento/Email/Model/Transport/Interceptor.php(32): Magento\Email\Model\Transport\Interceptor->___callPlugins()
#10 /var/www/magento/public/vendor/magento/module-customer/Model/EmailNotification.php(308): Magento\Email\Model\Transport\Interceptor->sendMessage()
#11 /var/www/magento/public/vendor/magento/module-customer/Model/EmailNotification.php(441): Magento\Customer\Model\EmailNotification->sendEmailTemplate()
#12 /var/www/magento/public/vendor/magento/framework/Interception/Interceptor.php(58): Magento\Customer\Model\EmailNotification->newAccount()
#13 /var/www/magento/public/vendor/magento/framework/Interception/Interceptor.php(138): Magento\Customer\Model\EmailNotification\Interceptor->___callParent()
#14 /var/www/magento/public/vendor/magento/framework/Interception/Interceptor.php(153): Magento\Customer\Model\EmailNotification\Interceptor->Magento\Framework\Interception\{closure}()
#15 /var/www/magento/public/generated/code/Magento/Customer/Model/EmailNotification/Interceptor.php(50): Magento\Customer\Model\EmailNotification\Interceptor->___callPlugins()
#16 /var/www/magento/public/vendor/magento/module-customer/Model/AccountManagement.php(994): Magento\Customer\Model\EmailNotification\Interceptor->newAccount()
#17 /var/www/magento/public/vendor/magento/module-customer/Model/AccountManagement.php(952): Magento\Customer\Model\AccountManagement->sendEmailConfirmation()
#18 /var/www/magento/public/generated/code/Magento/Customer/Model/AccountManagement/Interceptor.php(104): Magento\Customer\Model\AccountManagement->createAccountWithPasswordHash()
#19 /var/www/magento/public/vendor/magento/module-customer/Model/AccountManagement.php(864): Magento\Customer\Model\AccountManagement\Interceptor->createAccountWithPasswordHash()
#20 /var/www/magento/public/generated/code/Magento/Customer/Model/AccountManagement/Interceptor.php(95): Magento\Customer\Model\AccountManagement->createAccount()
#21 /var/www/magento/public/vendor/magento/module-customer/Controller/Adminhtml/Index/Save.php(385): Magento\Customer\Model\AccountManagement\Interceptor->createAccount()
#22 /var/www/magento/public/vendor/magento/framework/Interception/Interceptor.php(58): Magento\Customer\Controller\Adminhtml\Index\Save->execute()
#23 /var/www/magento/public/vendor/magento/framework/Interception/Interceptor.php(138): Magento\Customer\Controller\Adminhtml\Index\Save\Interceptor->___callParent()
#24 /var/www/magento/public/vendor/magento/framework/Interception/Interceptor.php(153): Magento\Customer\Controller\Adminhtml\Index\Save\Interceptor->Magento\Framework\Interception\{closure}()
#25 /var/www/magento/public/generated/code/Magento/Customer/Controller/Adminhtml/Index/Save/Interceptor.php(23): Magento\Customer\Controller\Adminhtml\Index\Save\Interceptor->___callPlugins()
#26 /var/www/magento/public/vendor/magento/framework/App/Action/Action.php(111): Magento\Customer\Controller\Adminhtml\Index\Save\Interceptor->execute()
#27 /var/www/magento/public/vendor/magento/module-backend/App/AbstractAction.php(151): Magento\Framework\App\Action\Action->dispatch()
#28 /var/www/magento/public/vendor/magento/framework/Interception/Interceptor.php(58): Magento\Backend\App\AbstractAction->dispatch()
#29 /var/www/magento/public/vendor/magento/framework/Interception/Interceptor.php(138): Magento\Customer\Controller\Adminhtml\Index\Save\Interceptor->___callParent()
#30 /var/www/magento/public/vendor/magento/module-backend/App/Action/Plugin/Authentication.php(145): Magento\Customer\Controller\Adminhtml\Index\Save\Interceptor->Magento\Framework\Interception\{closure}()
#31 /var/www/magento/public/vendor/magento/framework/Interception/Interceptor.php(135): Magento\Backend\App\Action\Plugin\Authentication->aroundDispatch()
#32 /var/www/magento/public/vendor/magento/framework/Interception/Interceptor.php(153): Magento\Customer\Controller\Adminhtml\Index\Save\Interceptor->Magento\Framework\Interception\{closure}()
#33 /var/www/magento/public/generated/code/Magento/Customer/Controller/Adminhtml/Index/Save/Interceptor.php(32): Magento\Customer\Controller\Adminhtml\Index\Save\Interceptor->___callPlugins()
#34 /var/www/magento/public/vendor/magento/framework/App/FrontController.php(245): Magento\Customer\Controller\Adminhtml\Index\Save\Interceptor->dispatch()
#35 /var/www/magento/public/vendor/magento/framework/App/FrontController.php(212): Magento\Framework\App\FrontController->getActionResponse()
#36 /var/www/magento/public/vendor/magento/framework/App/FrontController.php(147): Magento\Framework\App\FrontController->processRequest()
#37 /var/www/magento/public/vendor/magento/framework/Interception/Interceptor.php(58): Magento\Framework\App\FrontController->dispatch()
#38 /var/www/magento/public/vendor/magento/framework/Interception/Interceptor.php(138): Magento\Framework\App\FrontController\Interceptor->___callParent()
#39 /var/www/magento/public/vendor/magento/framework/Interception/Interceptor.php(153): Magento\Framework\App\FrontController\Interceptor->Magento\Framework\Interception\{closure}()
#40 /var/www/magento/public/generated/code/Magento/Framework/App/FrontController/Interceptor.php(23): Magento\Framework\App\FrontController\Interceptor->___callPlugins()
#41 /var/www/magento/public/vendor/magento/framework/App/Http.php(116): Magento\Framework\App\FrontController\Interceptor->dispatch()
#42 /var/www/magento/public/vendor/magento/framework/Interception/Interceptor.php(58): Magento\Framework\App\Http->launch()
#43 /var/www/magento/public/vendor/magento/framework/Interception/Interceptor.php(138): Magento\Framework\App\Http\Interceptor->___callParent()
#44 /var/www/magento/public/vendor/magento/module-application-performance-monitor/Plugin/ApplicationPerformanceMonitor.php(38): Magento\Framework\App\Http\Interceptor->Magento\Framework\Interception\{closure}()
#45 /var/www/magento/public/vendor/magento/framework/Interception/Interceptor.php(135): Magento\ApplicationPerformanceMonitor\Plugin\ApplicationPerformanceMonitor->aroundLaunch()
#46 /var/www/magento/public/vendor/magento/framework/Interception/Interceptor.php(153): Magento\Framework\App\Http\Interceptor->Magento\Framework\Interception\{closure}()
#47 /var/www/magento/public/generated/code/Magento/Framework/App/Http/Interceptor.php(23): Magento\Framework\App\Http\Interceptor->___callPlugins()
#48 /var/www/magento/public/vendor/magento/framework/App/Bootstrap.php(264): Magento\Framework\App\Http\Interceptor->launch()
#49 /var/www/magento/public/pub/index.php(30): Magento\Framework\App\Bootstrap->run()
#50 {main}

Next Magento\Framework\Exception\MailException: Unable to send mail. Please try again later. in /var/www/magento/public/vendor/magento/module-email/Model/Transport.php:186
Stack trace:
#0 /var/www/magento/public/vendor/magento/framework/Interception/Interceptor.php(58): Magento\Email\Model\Transport->sendMessage()
#1 /var/www/magento/public/vendor/magento/framework/Interception/Interceptor.php(138): Magento\Email\Model\Transport\Interceptor->___callParent()
#2 /var/www/magento/public/vendor/magento/module-customer-sample-data/Magento/Framework/Mail/Transport/MailPlugin.php(32): Magento\Email\Model\Transport\Interceptor->Magento\Framework\Interception\{closure}()
#3 /var/www/magento/public/vendor/magento/framework/Interception/Interceptor.php(135): Magento\CustomerSampleData\Magento\Framework\Mail\Transport\MailPlugin->aroundSendMessage()
#4 /var/www/magento/public/vendor/magento/module-email/Model/Mail/TransportInterfacePlugin.php(48): Magento\Email\Model\Transport\Interceptor->Magento\Framework\Interception\{closure}()
#5 /var/www/magento/public/vendor/magento/framework/Interception/Interceptor.php(135): Magento\Email\Model\Mail\TransportInterfacePlugin->aroundSendMessage()
#6 /var/www/magento/public/vendor/magento/framework/Interception/Interceptor.php(153): Magento\Email\Model\Transport\Interceptor->Magento\Framework\Interception\{closure}()
#7 /var/www/magento/public/generated/code/Magento/Email/Model/Transport/Interceptor.php(32): Magento\Email\Model\Transport\Interceptor->___callPlugins()
#8 /var/www/magento/public/vendor/magento/module-customer/Model/EmailNotification.php(308): Magento\Email\Model\Transport\Interceptor->sendMessage()
#9 /var/www/magento/public/vendor/magento/module-customer/Model/EmailNotification.php(441): Magento\Customer\Model\EmailNotification->sendEmailTemplate()
#10 /var/www/magento/public/vendor/magento/framework/Interception/Interceptor.php(58): Magento\Customer\Model\EmailNotification->newAccount()
#11 /var/www/magento/public/vendor/magento/framework/Interception/Interceptor.php(138): Magento\Customer\Model\EmailNotification\Interceptor->___callParent()
#12 /var/www/magento/public/vendor/magento/framework/Interception/Interceptor.php(153): Magento\Customer\Model\EmailNotification\Interceptor->Magento\Framework\Interception\{closure}()
#13 /var/www/magento/public/generated/code/Magento/Customer/Model/EmailNotification/Interceptor.php(50): Magento\Customer\Model\EmailNotification\Interceptor->___callPlugins()
#14 /var/www/magento/public/vendor/magento/module-customer/Model/AccountManagement.php(994): Magento\Customer\Model\EmailNotification\Interceptor->newAccount()
#15 /var/www/magento/public/vendor/magento/module-customer/Model/AccountManagement.php(952): Magento\Customer\Model\AccountManagement->sendEmailConfirmation()
#16 /var/www/magento/public/generated/code/Magento/Customer/Model/AccountManagement/Interceptor.php(104): Magento\Customer\Model\AccountManagement->createAccountWithPasswordHash()
#17 /var/www/magento/public/vendor/magento/module-customer/Model/AccountManagement.php(864): Magento\Customer\Model\AccountManagement\Interceptor->createAccountWithPasswordHash()
#18 /var/www/magento/public/generated/code/Magento/Customer/Model/AccountManagement/Interceptor.php(95): Magento\Customer\Model\AccountManagement->createAccount()
#19 /var/www/magento/public/vendor/magento/module-customer/Controller/Adminhtml/Index/Save.php(385): Magento\Customer\Model\AccountManagement\Interceptor->createAccount()
#20 /var/www/magento/public/vendor/magento/framework/Interception/Interceptor.php(58): Magento\Customer\Controller\Adminhtml\Index\Save->execute()
#21 /var/www/magento/public/vendor/magento/framework/Interception/Interceptor.php(138): Magento\Customer\Controller\Adminhtml\Index\Save\Interceptor->___callParent()
#22 /var/www/magento/public/vendor/magento/framework/Interception/Interceptor.php(153): Magento\Customer\Controller\Adminhtml\Index\Save\Interceptor->Magento\Framework\Interception\{closure}()
#23 /var/www/magento/public/generated/code/Magento/Customer/Controller/Adminhtml/Index/Save/Interceptor.php(23): Magento\Customer\Controller\Adminhtml\Index\Save\Interceptor->___callPlugins()
#24 /var/www/magento/public/vendor/magento/framework/App/Action/Action.php(111): Magento\Customer\Controller\Adminhtml\Index\Save\Interceptor->execute()
#25 /var/www/magento/public/vendor/magento/module-backend/App/AbstractAction.php(151): Magento\Framework\App\Action\Action->dispatch()
#26 /var/www/magento/public/vendor/magento/framework/Interception/Interceptor.php(58): Magento\Backend\App\AbstractAction->dispatch()
#27 /var/www/magento/public/vendor/magento/framework/Interception/Interceptor.php(138): Magento\Customer\Controller\Adminhtml\Index\Save\Interceptor->___callParent()
#28 /var/www/magento/public/vendor/magento/module-backend/App/Action/Plugin/Authentication.php(145): Magento\Customer\Controller\Adminhtml\Index\Save\Interceptor->Magento\Framework\Interception\{closure}()
#29 /var/www/magento/public/vendor/magento/framework/Interception/Interceptor.php(135): Magento\Backend\App\Action\Plugin\Authentication->aroundDispatch()
#30 /var/www/magento/public/vendor/magento/framework/Interception/Interceptor.php(153): Magento\Customer\Controller\Adminhtml\Index\Save\Interceptor->Magento\Framework\Interception\{closure}()
#31 /var/www/magento/public/generated/code/Magento/Customer/Controller/Adminhtml/Index/Save/Interceptor.php(32): Magento\Customer\Controller\Adminhtml\Index\Save\Interceptor->___callPlugins()
#32 /var/www/magento/public/vendor/magento/framework/App/FrontController.php(245): Magento\Customer\Controller\Adminhtml\Index\Save\Interceptor->dispatch()
#33 /var/www/magento/public/vendor/magento/framework/App/FrontController.php(212): Magento\Framework\App\FrontController->getActionResponse()
#34 /var/www/magento/public/vendor/magento/framework/App/FrontController.php(147): Magento\Framework\App\FrontController->processRequest()
#35 /var/www/magento/public/vendor/magento/framework/Interception/Interceptor.php(58): Magento\Framework\App\FrontController->dispatch()
#36 /var/www/magento/public/vendor/magento/framework/Interception/Interceptor.php(138): Magento\Framework\App\FrontController\Interceptor->___callParent()
#37 /var/www/magento/public/vendor/magento/framework/Interception/Interceptor.php(153): Magento\Framework\App\FrontController\Interceptor->Magento\Framework\Interception\{closure}()
#38 /var/www/magento/public/generated/code/Magento/Framework/App/FrontController/Interceptor.php(23): Magento\Framework\App\FrontController\Interceptor->___callPlugins()
#39 /var/www/magento/public/vendor/magento/framework/App/Http.php(116): Magento\Framework\App\FrontController\Interceptor->dispatch()
#40 /var/www/magento/public/vendor/magento/framework/Interception/Interceptor.php(58): Magento\Framework\App\Http->launch()
#41 /var/www/magento/public/vendor/magento/framework/Interception/Interceptor.php(138): Magento\Framework\App\Http\Interceptor->___callParent()
#42 /var/www/magento/public/vendor/magento/module-application-performance-monitor/Plugin/ApplicationPerformanceMonitor.php(38): Magento\Framework\App\Http\Interceptor->Magento\Framework\Interception\{closure}()
#43 /var/www/magento/public/vendor/magento/framework/Interception/Interceptor.php(135): Magento\ApplicationPerformanceMonitor\Plugin\ApplicationPerformanceMonitor->aroundLaunch()
#44 /var/www/magento/public/vendor/magento/framework/Interception/Interceptor.php(153): Magento\Framework\App\Http\Interceptor->Magento\Framework\Interception\{closure}()
#45 /var/www/magento/public/generated/code/Magento/Framework/App/Http/Interceptor.php(23): Magento\Framework\App\Http\Interceptor->___callPlugins()
#46 /var/www/magento/public/vendor/magento/framework/App/Bootstrap.php(264): Magento\Framework\App\Http\Interceptor->launch()
#47 /var/www/magento/public/pub/index.php(30): Magento\Framework\App\Bootstrap->run()
#48 {main} {"exception":"[object] (Magento\\Framework\\Exception\\MailException(code: 0): Unable to send mail. Please try again later. at /var/www/magento/public/vendor/magento/module-email/Model/Transport.php:186)
[previous exception] [object] (Laminas\\Mail\\Transport\\Exception\\RuntimeException(code: 0): Unable to send mail: Unknown error at /var/www/magento/public/vendor/laminas/laminas-mail/src/Transport/Sendmail.php:313)"} []
[2025-02-14T09:53:03.926719+00:00] main.ERROR: Laminas\Mail\Transport\Exception\RuntimeException: Unable to send mail: Unknown error in /var/www/magento/public/vendor/laminas/laminas-mail/src/Transport/Sendmail.php:313
Stack trace:
#0 /var/www/magento/public/vendor/laminas/laminas-mail/src/Transport/Sendmail.php(150): Laminas\Mail\Transport\Sendmail->mailHandler()
#1 /var/www/magento/public/vendor/magento/module-email/Model/Transport.php(183): Laminas\Mail\Transport\Sendmail->send()
#2 /var/www/magento/public/vendor/magento/framework/Interception/Interceptor.php(58): Magento\Email\Model\Transport->sendMessage()
#3 /var/www/magento/public/vendor/magento/framework/Interception/Interceptor.php(138): Magento\Email\Model\Transport\Interceptor->___callParent()
#4 /var/www/magento/public/vendor/magento/module-customer-sample-data/Magento/Framework/Mail/Transport/MailPlugin.php(32): Magento\Email\Model\Transport\Interceptor->Magento\Framework\Interception\{closure}()
#5 /var/www/magento/public/vendor/magento/framework/Interception/Interceptor.php(135): Magento\CustomerSampleData\Magento\Framework\Mail\Transport\MailPlugin->aroundSendMessage()
#6 /var/www/magento/public/vendor/magento/module-email/Model/Mail/TransportInterfacePlugin.php(48): Magento\Email\Model\Transport\Interceptor->Magento\Framework\Interception\{closure}()
#7 /var/www/magento/public/vendor/magento/framework/Interception/Interceptor.php(135): Magento\Email\Model\Mail\TransportInterfacePlugin->aroundSendMessage()
#8 /var/www/magento/public/vendor/magento/framework/Interception/Interceptor.php(153): Magento\Email\Model\Transport\Interceptor->Magento\Framework\Interception\{closure}()
#9 /var/www/magento/public/generated/code/Magento/Email/Model/Transport/Interceptor.php(23): Magento\Email\Model\Transport\Interceptor->___callPlugins()
#10 /var/www/magento/public/vendor/magento/module-customer/Model/EmailNotification.php(308): Magento\Email\Model\Transport\Interceptor->sendMessage()
#11 /var/www/magento/public/vendor/magento/module-customer/Model/EmailNotification.php(441): Magento\Customer\Model\EmailNotification->sendEmailTemplate()
#12 /var/www/magento/public/vendor/magento/framework/Interception/Interceptor.php(58): Magento\Customer\Model\EmailNotification->newAccount()
#13 /var/www/magento/public/vendor/magento/framework/Interception/Interceptor.php(138): Magento\Customer\Model\EmailNotification\Interceptor->___callParent()
#14 /var/www/magento/public/vendor/magento/framework/Interception/Interceptor.php(153): Magento\Customer\Model\EmailNotification\Interceptor->Magento\Framework\Interception\{closure}()
#15 /var/www/magento/public/generated/code/Magento/Customer/Model/EmailNotification/Interceptor.php(23): Magento\Customer\Model\EmailNotification\Interceptor->___callPlugins()
#16 /var/www/magento/public/vendor/magento/module-customer/Model/AccountManagement.php(994): Magento\Customer\Model\EmailNotification\Interceptor->newAccount()
#17 /var/www/magento/public/vendor/magento/module-customer/Model/AccountManagement.php(952): Magento\Customer\Model\AccountManagement->sendEmailConfirmation()
#18 /var/www/magento/public/vendor/magento/module-customer/Model/AccountManagement.php(864): Magento\Customer\Model\AccountManagement->createAccountWithPasswordHash()
#19 /var/www/magento/public/vendor/magento/module-customer/Controller/Account/CreatePost.php(380): Magento\Customer\Model\AccountManagement->createAccount()
#20 /var/www/magento/public/vendor/magento/framework/Interception/Interceptor.php(58): Magento\Customer\Controller\Account\CreatePost->execute()
#21 /var/www/magento/public/vendor/magento/framework/Interception/Interceptor.php(138): Magento\Customer\Controller\Account\CreatePost\Interceptor->___callParent()
#22 /var/www/magento/public/vendor/magento/module-customer/Controller/Plugin/Account.php(64): Magento\Customer\Controller\Account\CreatePost\Interceptor->Magento\Framework\Interception\{closure}()
#23 /var/www/magento/public/vendor/magento/framework/Interception/Interceptor.php(135): Magento\Customer\Controller\Plugin\Account->aroundExecute()
#24 /var/www/magento/public/vendor/magento/framework/Interception/Interceptor.php(153): Magento\Customer\Controller\Account\CreatePost\Interceptor->Magento\Framework\Interception\{closure}()
#25 /var/www/magento/public/generated/code/Magento/Customer/Controller/Account/CreatePost/Interceptor.php(23): Magento\Customer\Controller\Account\CreatePost\Interceptor->___callPlugins()
#26 /var/www/magento/public/vendor/magento/framework/App/Action/Action.php(111): Magento\Customer\Controller\Account\CreatePost\Interceptor->execute()
#27 /var/www/magento/public/vendor/magento/framework/Interception/Interceptor.php(58): Magento\Framework\App\Action\Action->dispatch()
#28 /var/www/magento/public/vendor/magento/framework/Interception/Interceptor.php(138): Magento\Customer\Controller\Account\CreatePost\Interceptor->___callParent()
#29 /var/www/magento/public/vendor/magento/framework/Interception/Interceptor.php(153): Magento\Customer\Controller\Account\CreatePost\Interceptor->Magento\Framework\Interception\{closure}()
#30 /var/www/magento/public/generated/code/Magento/Customer/Controller/Account/CreatePost/Interceptor.php(32): Magento\Customer\Controller\Account\CreatePost\Interceptor->___callPlugins()
#31 /var/www/magento/public/vendor/magento/framework/App/FrontController.php(245): Magento\Customer\Controller\Account\CreatePost\Interceptor->dispatch()
#32 /var/www/magento/public/vendor/magento/framework/App/FrontController.php(212): Magento\Framework\App\FrontController->getActionResponse()
#33 /var/www/magento/public/vendor/magento/framework/App/FrontController.php(147): Magento\Framework\App\FrontController->processRequest()
#34 /var/www/magento/public/vendor/magento/framework/Interception/Interceptor.php(58): Magento\Framework\App\FrontController->dispatch()
#35 /var/www/magento/public/vendor/magento/framework/Interception/Interceptor.php(138): Magento\Framework\App\FrontController\Interceptor->___callParent()
#36 /var/www/magento/public/vendor/magento/module-store/App/FrontController/Plugin/RequestPreprocessor.php(99): Magento\Framework\App\FrontController\Interceptor->Magento\Framework\Interception\{closure}()
#37 /var/www/magento/public/vendor/magento/framework/Interception/Interceptor.php(135): Magento\Store\App\FrontController\Plugin\RequestPreprocessor->aroundDispatch()
#38 /var/www/magento/public/vendor/magento/module-page-cache/Model/App/FrontController/BuiltinPlugin.php(76): Magento\Framework\App\FrontController\Interceptor->Magento\Framework\Interception\{closure}()
#39 /var/www/magento/public/vendor/magento/framework/Interception/Interceptor.php(135): Magento\PageCache\Model\App\FrontController\BuiltinPlugin->aroundDispatch()
#40 /var/www/magento/public/vendor/magento/framework/Interception/Interceptor.php(153): Magento\Framework\App\FrontController\Interceptor->Magento\Framework\Interception\{closure}()
#41 /var/www/magento/public/generated/code/Magento/Framework/App/FrontController/Interceptor.php(23): Magento\Framework\App\FrontController\Interceptor->___callPlugins()
#42 /var/www/magento/public/vendor/magento/framework/App/Http.php(116): Magento\Framework\App\FrontController\Interceptor->dispatch()
#43 /var/www/magento/public/vendor/magento/framework/Interception/Interceptor.php(58): Magento\Framework\App\Http->launch()
#44 /var/www/magento/public/vendor/magento/framework/Interception/Interceptor.php(138): Magento\Framework\App\Http\Interceptor->___callParent()
#45 /var/www/magento/public/vendor/magento/module-application-performance-monitor/Plugin/ApplicationPerformanceMonitor.php(38): Magento\Framework\App\Http\Interceptor->Magento\Framework\Interception\{closure}()
#46 /var/www/magento/public/vendor/magento/framework/Interception/Interceptor.php(135): Magento\ApplicationPerformanceMonitor\Plugin\ApplicationPerformanceMonitor->aroundLaunch()
#47 /var/www/magento/public/vendor/magento/framework/Interception/Interceptor.php(153): Magento\Framework\App\Http\Interceptor->Magento\Framework\Interception\{closure}()
#48 /var/www/magento/public/generated/code/Magento/Framework/App/Http/Interceptor.php(23): Magento\Framework\App\Http\Interceptor->___callPlugins()
#49 /var/www/magento/public/vendor/magento/framework/App/Bootstrap.php(264): Magento\Framework\App\Http\Interceptor->launch()
#50 /var/www/magento/public/pub/index.php(30): Magento\Framework\App\Bootstrap->run()
#51 {main} {"exception":"[object] (Laminas\\Mail\\Transport\\Exception\\RuntimeException(code: 0): Unable to send mail: Unknown error at /var/www/magento/public/vendor/laminas/laminas-mail/src/Transport/Sendmail.php:313)"} []
[2025-02-14T09:53:03.927001+00:00] main.CRITICAL: Laminas\Mail\Transport\Exception\RuntimeException: Unable to send mail: Unknown error in /var/www/magento/public/vendor/laminas/laminas-mail/src/Transport/Sendmail.php:313
Stack trace:
#0 /var/www/magento/public/vendor/laminas/laminas-mail/src/Transport/Sendmail.php(150): Laminas\Mail\Transport\Sendmail->mailHandler()
#1 /var/www/magento/public/vendor/magento/module-email/Model/Transport.php(183): Laminas\Mail\Transport\Sendmail->send()
#2 /var/www/magento/public/vendor/magento/framework/Interception/Interceptor.php(58): Magento\Email\Model\Transport->sendMessage()
#3 /var/www/magento/public/vendor/magento/framework/Interception/Interceptor.php(138): Magento\Email\Model\Transport\Interceptor->___callParent()
#4 /var/www/magento/public/vendor/magento/module-customer-sample-data/Magento/Framework/Mail/Transport/MailPlugin.php(32): Magento\Email\Model\Transport\Interceptor->Magento\Framework\Interception\{closure}()
#5 /var/www/magento/public/vendor/magento/framework/Interception/Interceptor.php(135): Magento\CustomerSampleData\Magento\Framework\Mail\Transport\MailPlugin->aroundSendMessage()
#6 /var/www/magento/public/vendor/magento/module-email/Model/Mail/TransportInterfacePlugin.php(48): Magento\Email\Model\Transport\Interceptor->Magento\Framework\Interception\{closure}()
#7 /var/www/magento/public/vendor/magento/framework/Interception/Interceptor.php(135): Magento\Email\Model\Mail\TransportInterfacePlugin->aroundSendMessage()
#8 /var/www/magento/public/vendor/magento/framework/Interception/Interceptor.php(153): Magento\Email\Model\Transport\Interceptor->Magento\Framework\Interception\{closure}()
#9 /var/www/magento/public/generated/code/Magento/Email/Model/Transport/Interceptor.php(23): Magento\Email\Model\Transport\Interceptor->___callPlugins()
#10 /var/www/magento/public/vendor/magento/module-customer/Model/EmailNotification.php(308): Magento\Email\Model\Transport\Interceptor->sendMessage()
#11 /var/www/magento/public/vendor/magento/module-customer/Model/EmailNotification.php(441): Magento\Customer\Model\EmailNotification->sendEmailTemplate()
#12 /var/www/magento/public/vendor/magento/framework/Interception/Interceptor.php(58): Magento\Customer\Model\EmailNotification->newAccount()
#13 /var/www/magento/public/vendor/magento/framework/Interception/Interceptor.php(138): Magento\Customer\Model\EmailNotification\Interceptor->___callParent()
#14 /var/www/magento/public/vendor/magento/framework/Interception/Interceptor.php(153): Magento\Customer\Model\EmailNotification\Interceptor->Magento\Framework\Interception\{closure}()
#15 /var/www/magento/public/generated/code/Magento/Customer/Model/EmailNotification/Interceptor.php(23): Magento\Customer\Model\EmailNotification\Interceptor->___callPlugins()
#16 /var/www/magento/public/vendor/magento/module-customer/Model/AccountManagement.php(994): Magento\Customer\Model\EmailNotification\Interceptor->newAccount()
#17 /var/www/magento/public/vendor/magento/module-customer/Model/AccountManagement.php(952): Magento\Customer\Model\AccountManagement->sendEmailConfirmation()
#18 /var/www/magento/public/vendor/magento/module-customer/Model/AccountManagement.php(864): Magento\Customer\Model\AccountManagement->createAccountWithPasswordHash()
#19 /var/www/magento/public/vendor/magento/module-customer/Controller/Account/CreatePost.php(380): Magento\Customer\Model\AccountManagement->createAccount()
#20 /var/www/magento/public/vendor/magento/framework/Interception/Interceptor.php(58): Magento\Customer\Controller\Account\CreatePost->execute()
#21 /var/www/magento/public/vendor/magento/framework/Interception/Interceptor.php(138): Magento\Customer\Controller\Account\CreatePost\Interceptor->___callParent()
#22 /var/www/magento/public/vendor/magento/module-customer/Controller/Plugin/Account.php(64): Magento\Customer\Controller\Account\CreatePost\Interceptor->Magento\Framework\Interception\{closure}()
#23 /var/www/magento/public/vendor/magento/framework/Interception/Interceptor.php(135): Magento\Customer\Controller\Plugin\Account->aroundExecute()
#24 /var/www/magento/public/vendor/magento/framework/Interception/Interceptor.php(153): Magento\Customer\Controller\Account\CreatePost\Interceptor->Magento\Framework\Interception\{closure}()
#25 /var/www/magento/public/generated/code/Magento/Customer/Controller/Account/CreatePost/Interceptor.php(23): Magento\Customer\Controller\Account\CreatePost\Interceptor->___callPlugins()
#26 /var/www/magento/public/vendor/magento/framework/App/Action/Action.php(111): Magento\Customer\Controller\Account\CreatePost\Interceptor->execute()
#27 /var/www/magento/public/vendor/magento/framework/Interception/Interceptor.php(58): Magento\Framework\App\Action\Action->dispatch()
#28 /var/www/magento/public/vendor/magento/framework/Interception/Interceptor.php(138): Magento\Customer\Controller\Account\CreatePost\Interceptor->___callParent()
#29 /var/www/magento/public/vendor/magento/framework/Interception/Interceptor.php(153): Magento\Customer\Controller\Account\CreatePost\Interceptor->Magento\Framework\Interception\{closure}()
#30 /var/www/magento/public/generated/code/Magento/Customer/Controller/Account/CreatePost/Interceptor.php(32): Magento\Customer\Controller\Account\CreatePost\Interceptor->___callPlugins()
#31 /var/www/magento/public/vendor/magento/framework/App/FrontController.php(245): Magento\Customer\Controller\Account\CreatePost\Interceptor->dispatch()
#32 /var/www/magento/public/vendor/magento/framework/App/FrontController.php(212): Magento\Framework\App\FrontController->getActionResponse()
#33 /var/www/magento/public/vendor/magento/framework/App/FrontController.php(147): Magento\Framework\App\FrontController->processRequest()
#34 /var/www/magento/public/vendor/magento/framework/Interception/Interceptor.php(58): Magento\Framework\App\FrontController->dispatch()
#35 /var/www/magento/public/vendor/magento/framework/Interception/Interceptor.php(138): Magento\Framework\App\FrontController\Interceptor->___callParent()
#36 /var/www/magento/public/vendor/magento/module-store/App/FrontController/Plugin/RequestPreprocessor.php(99): Magento\Framework\App\FrontController\Interceptor->Magento\Framework\Interception\{closure}()
#37 /var/www/magento/public/vendor/magento/framework/Interception/Interceptor.php(135): Magento\Store\App\FrontController\Plugin\RequestPreprocessor->aroundDispatch()
#38 /var/www/magento/public/vendor/magento/module-page-cache/Model/App/FrontController/BuiltinPlugin.php(76): Magento\Framework\App\FrontController\Interceptor->Magento\Framework\Interception\{closure}()
#39 /var/www/magento/public/vendor/magento/framework/Interception/Interceptor.php(135): Magento\PageCache\Model\App\FrontController\BuiltinPlugin->aroundDispatch()
#40 /var/www/magento/public/vendor/magento/framework/Interception/Interceptor.php(153): Magento\Framework\App\FrontController\Interceptor->Magento\Framework\Interception\{closure}()
#41 /var/www/magento/public/generated/code/Magento/Framework/App/FrontController/Interceptor.php(23): Magento\Framework\App\FrontController\Interceptor->___callPlugins()
#42 /var/www/magento/public/vendor/magento/framework/App/Http.php(116): Magento\Framework\App\FrontController\Interceptor->dispatch()
#43 /var/www/magento/public/vendor/magento/framework/Interception/Interceptor.php(58): Magento\Framework\App\Http->launch()
#44 /var/www/magento/public/vendor/magento/framework/Interception/Interceptor.php(138): Magento\Framework\App\Http\Interceptor->___callParent()
#45 /var/www/magento/public/vendor/magento/module-application-performance-monitor/Plugin/ApplicationPerformanceMonitor.php(38): Magento\Framework\App\Http\Interceptor->Magento\Framework\Interception\{closure}()
#46 /var/www/magento/public/vendor/magento/framework/Interception/Interceptor.php(135): Magento\ApplicationPerformanceMonitor\Plugin\ApplicationPerformanceMonitor->aroundLaunch()
#47 /var/www/magento/public/vendor/magento/framework/Interception/Interceptor.php(153): Magento\Framework\App\Http\Interceptor->Magento\Framework\Interception\{closure}()
#48 /var/www/magento/public/generated/code/Magento/Framework/App/Http/Interceptor.php(23): Magento\Framework\App\Http\Interceptor->___callPlugins()
#49 /var/www/magento/public/vendor/magento/framework/App/Bootstrap.php(264): Magento\Framework\App\Http\Interceptor->launch()
#50 /var/www/magento/public/pub/index.php(30): Magento\Framework\App\Bootstrap->run()
#51 {main}

Next Magento\Framework\Exception\MailException: Unable to send mail. Please try again later. in /var/www/magento/public/vendor/magento/module-email/Model/Transport.php:186
Stack trace:
#0 /var/www/magento/public/vendor/magento/framework/Interception/Interceptor.php(58): Magento\Email\Model\Transport->sendMessage()
#1 /var/www/magento/public/vendor/magento/framework/Interception/Interceptor.php(138): Magento\Email\Model\Transport\Interceptor->___callParent()
#2 /var/www/magento/public/vendor/magento/module-customer-sample-data/Magento/Framework/Mail/Transport/MailPlugin.php(32): Magento\Email\Model\Transport\Interceptor->Magento\Framework\Interception\{closure}()
#3 /var/www/magento/public/vendor/magento/framework/Interception/Interceptor.php(135): Magento\CustomerSampleData\Magento\Framework\Mail\Transport\MailPlugin->aroundSendMessage()
#4 /var/www/magento/public/vendor/magento/module-email/Model/Mail/TransportInterfacePlugin.php(48): Magento\Email\Model\Transport\Interceptor->Magento\Framework\Interception\{closure}()
#5 /var/www/magento/public/vendor/magento/framework/Interception/Interceptor.php(135): Magento\Email\Model\Mail\TransportInterfacePlugin->aroundSendMessage()
#6 /var/www/magento/public/vendor/magento/framework/Interception/Interceptor.php(153): Magento\Email\Model\Transport\Interceptor->Magento\Framework\Interception\{closure}()
#7 /var/www/magento/public/generated/code/Magento/Email/Model/Transport/Interceptor.php(23): Magento\Email\Model\Transport\Interceptor->___callPlugins()
#8 /var/www/magento/public/vendor/magento/module-customer/Model/EmailNotification.php(308): Magento\Email\Model\Transport\Interceptor->sendMessage()
#9 /var/www/magento/public/vendor/magento/module-customer/Model/EmailNotification.php(441): Magento\Customer\Model\EmailNotification->sendEmailTemplate()
#10 /var/www/magento/public/vendor/magento/framework/Interception/Interceptor.php(58): Magento\Customer\Model\EmailNotification->newAccount()
#11 /var/www/magento/public/vendor/magento/framework/Interception/Interceptor.php(138): Magento\Customer\Model\EmailNotification\Interceptor->___callParent()
#12 /var/www/magento/public/vendor/magento/framework/Interception/Interceptor.php(153): Magento\Customer\Model\EmailNotification\Interceptor->Magento\Framework\Interception\{closure}()
#13 /var/www/magento/public/generated/code/Magento/Customer/Model/EmailNotification/Interceptor.php(23): Magento\Customer\Model\EmailNotification\Interceptor->___callPlugins()
#14 /var/www/magento/public/vendor/magento/module-customer/Model/AccountManagement.php(994): Magento\Customer\Model\EmailNotification\Interceptor->newAccount()
#15 /var/www/magento/public/vendor/magento/module-customer/Model/AccountManagement.php(952): Magento\Customer\Model\AccountManagement->sendEmailConfirmation()
#16 /var/www/magento/public/vendor/magento/module-customer/Model/AccountManagement.php(864): Magento\Customer\Model\AccountManagement->createAccountWithPasswordHash()
#17 /var/www/magento/public/vendor/magento/module-customer/Controller/Account/CreatePost.php(380): Magento\Customer\Model\AccountManagement->createAccount()
#18 /var/www/magento/public/vendor/magento/framework/Interception/Interceptor.php(58): Magento\Customer\Controller\Account\CreatePost->execute()
#19 /var/www/magento/public/vendor/magento/framework/Interception/Interceptor.php(138): Magento\Customer\Controller\Account\CreatePost\Interceptor->___callParent()
#20 /var/www/magento/public/vendor/magento/module-customer/Controller/Plugin/Account.php(64): Magento\Customer\Controller\Account\CreatePost\Interceptor->Magento\Framework\Interception\{closure}()
#21 /var/www/magento/public/vendor/magento/framework/Interception/Interceptor.php(135): Magento\Customer\Controller\Plugin\Account->aroundExecute()
#22 /var/www/magento/public/vendor/magento/framework/Interception/Interceptor.php(153): Magento\Customer\Controller\Account\CreatePost\Interceptor->Magento\Framework\Interception\{closure}()
#23 /var/www/magento/public/generated/code/Magento/Customer/Controller/Account/CreatePost/Interceptor.php(23): Magento\Customer\Controller\Account\CreatePost\Interceptor->___callPlugins()
#24 /var/www/magento/public/vendor/magento/framework/App/Action/Action.php(111): Magento\Customer\Controller\Account\CreatePost\Interceptor->execute()
#25 /var/www/magento/public/vendor/magento/framework/Interception/Interceptor.php(58): Magento\Framework\App\Action\Action->dispatch()
#26 /var/www/magento/public/vendor/magento/framework/Interception/Interceptor.php(138): Magento\Customer\Controller\Account\CreatePost\Interceptor->___callParent()
#27 /var/www/magento/public/vendor/magento/framework/Interception/Interceptor.php(153): Magento\Customer\Controller\Account\CreatePost\Interceptor->Magento\Framework\Interception\{closure}()
#28 /var/www/magento/public/generated/code/Magento/Customer/Controller/Account/CreatePost/Interceptor.php(32): Magento\Customer\Controller\Account\CreatePost\Interceptor->___callPlugins()
#29 /var/www/magento/public/vendor/magento/framework/App/FrontController.php(245): Magento\Customer\Controller\Account\CreatePost\Interceptor->dispatch()
#30 /var/www/magento/public/vendor/magento/framework/App/FrontController.php(212): Magento\Framework\App\FrontController->getActionResponse()
#31 /var/www/magento/public/vendor/magento/framework/App/FrontController.php(147): Magento\Framework\App\FrontController->processRequest()
#32 /var/www/magento/public/vendor/magento/framework/Interception/Interceptor.php(58): Magento\Framework\App\FrontController->dispatch()
#33 /var/www/magento/public/vendor/magento/framework/Interception/Interceptor.php(138): Magento\Framework\App\FrontController\Interceptor->___callParent()
#34 /var/www/magento/public/vendor/magento/module-store/App/FrontController/Plugin/RequestPreprocessor.php(99): Magento\Framework\App\FrontController\Interceptor->Magento\Framework\Interception\{closure}()
#35 /var/www/magento/public/vendor/magento/framework/Interception/Interceptor.php(135): Magento\Store\App\FrontController\Plugin\RequestPreprocessor->aroundDispatch()
#36 /var/www/magento/public/vendor/magento/module-page-cache/Model/App/FrontController/BuiltinPlugin.php(76): Magento\Framework\App\FrontController\Interceptor->Magento\Framework\Interception\{closure}()
#37 /var/www/magento/public/vendor/magento/framework/Interception/Interceptor.php(135): Magento\PageCache\Model\App\FrontController\BuiltinPlugin->aroundDispatch()
#38 /var/www/magento/public/vendor/magento/framework/Interception/Interceptor.php(153): Magento\Framework\App\FrontController\Interceptor->Magento\Framework\Interception\{closure}()
#39 /var/www/magento/public/generated/code/Magento/Framework/App/FrontController/Interceptor.php(23): Magento\Framework\App\FrontController\Interceptor->___callPlugins()
#40 /var/www/magento/public/vendor/magento/framework/App/Http.php(116): Magento\Framework\App\FrontController\Interceptor->dispatch()
#41 /var/www/magento/public/vendor/magento/framework/Interception/Interceptor.php(58): Magento\Framework\App\Http->launch()
#42 /var/www/magento/public/vendor/magento/framework/Interception/Interceptor.php(138): Magento\Framework\App\Http\Interceptor->___callParent()
#43 /var/www/magento/public/vendor/magento/module-application-performance-monitor/Plugin/ApplicationPerformanceMonitor.php(38): Magento\Framework\App\Http\Interceptor->Magento\Framework\Interception\{closure}()
#44 /var/www/magento/public/vendor/magento/framework/Interception/Interceptor.php(135): Magento\ApplicationPerformanceMonitor\Plugin\ApplicationPerformanceMonitor->aroundLaunch()
#45 /var/www/magento/public/vendor/magento/framework/Interception/Interceptor.php(153): Magento\Framework\App\Http\Interceptor->Magento\Framework\Interception\{closure}()
#46 /var/www/magento/public/generated/code/Magento/Framework/App/Http/Interceptor.php(23): Magento\Framework\App\Http\Interceptor->___callPlugins()
#47 /var/www/magento/public/vendor/magento/framework/App/Bootstrap.php(264): Magento\Framework\App\Http\Interceptor->launch()
#48 /var/www/magento/public/pub/index.php(30): Magento\Framework\App\Bootstrap->run()
#49 {main} {"exception":"[object] (Magento\\Framework\\Exception\\MailException(code: 0): Unable to send mail. Please try again later. at /var/www/magento/public/vendor/magento/module-email/Model/Transport.php:186)
[previous exception] [object] (Laminas\\Mail\\Transport\\Exception\\RuntimeException(code: 0): Unable to send mail: Unknown error at /var/www/magento/public/vendor/laminas/laminas-mail/src/Transport/Sendmail.php:313)"} []
[2025-02-14T12:38:26.935144+00:00] main.CRITICAL: Magento\Framework\Exception\RuntimeException: Type Error occurred when creating object: Mollie\Payment\Logger\MollieLogger, Monolog\Logger::__construct(): Argument #1 ($name) must be of type string, null given, called in /var/www/magento/public/vendor/magento/framework/ObjectManager/Factory/AbstractFactory.php on line 121 in /var/www/magento/public/vendor/magento/framework/ObjectManager/Factory/AbstractFactory.php:131
Stack trace:
#0 /var/www/magento/public/vendor/magento/framework/ObjectManager/Factory/Compiled.php(108): Magento\Framework\ObjectManager\Factory\AbstractFactory->createObject()
#1 /var/www/magento/public/vendor/magento/framework/ObjectManager/Factory/Compiled.php(150): Magento\Framework\ObjectManager\Factory\Compiled->create()
#2 /var/www/magento/public/vendor/magento/framework/ObjectManager/Factory/Compiled.php(79): Magento\Framework\ObjectManager\Factory\Compiled->get()
#3 /var/www/magento/public/vendor/magento/framework/ObjectManager/Factory/Compiled.php(150): Magento\Framework\ObjectManager\Factory\Compiled->create()
#4 /var/www/magento/public/vendor/magento/framework/ObjectManager/Factory/Compiled.php(79): Magento\Framework\ObjectManager\Factory\Compiled->get()
#5 /var/www/magento/public/vendor/magento/framework/ObjectManager/ObjectManager.php(59): Magento\Framework\ObjectManager\Factory\Compiled->create()
#6 /var/www/magento/public/vendor/magento/framework/View/Element/BlockFactory.php(44): Magento\Framework\ObjectManager\ObjectManager->create()
#7 /var/www/magento/public/vendor/magento/framework/View/Layout/Generator/Block.php(272): Magento\Framework\View\Element\BlockFactory->createBlock()
#8 /var/www/magento/public/vendor/magento/framework/View/Layout/Generator/Block.php(252): Magento\Framework\View\Layout\Generator\Block->getBlockInstance()
#9 /var/www/magento/public/vendor/magento/framework/View/Layout/Generator/Block.php(229): Magento\Framework\View\Layout\Generator\Block->createBlock()
#10 /var/www/magento/public/vendor/magento/framework/View/Layout/Generator/Block.php(134): Magento\Framework\View\Layout\Generator\Block->generateBlock()
#11 /var/www/magento/public/vendor/magento/framework/View/Layout/GeneratorPool.php(93): Magento\Framework\View\Layout\Generator\Block->process()
#12 /var/www/magento/public/vendor/magento/framework/View/Layout.php(365): Magento\Framework\View\Layout\GeneratorPool->process()
#13 /var/www/magento/public/vendor/magento/framework/Interception/Interceptor.php(58): Magento\Framework\View\Layout->generateElements()
#14 /var/www/magento/public/vendor/magento/framework/Interception/Interceptor.php(138): Magento\Framework\View\Layout\Interceptor->___callParent()
#15 /var/www/magento/public/vendor/magento/framework/Interception/Interceptor.php(153): Magento\Framework\View\Layout\Interceptor->Magento\Framework\Interception\{closure}()
#16 /var/www/magento/public/generated/code/Magento/Framework/View/Layout/Interceptor.php(32): Magento\Framework\View\Layout\Interceptor->___callPlugins()
#17 /var/www/magento/public/vendor/magento/framework/View/Layout/Builder.php(129): Magento\Framework\View\Layout\Interceptor->generateElements()
#18 /var/www/magento/public/vendor/magento/framework/View/Page/Builder.php(65): Magento\Framework\View\Layout\Builder->generateLayoutBlocks()
#19 /var/www/magento/public/vendor/magento/framework/View/Layout/Builder.php(65): Magento\Framework\View\Page\Builder->generateLayoutBlocks()
#20 /var/www/magento/public/vendor/magento/framework/View/Page/Config.php(227): Magento\Framework\View\Layout\Builder->build()
#21 /var/www/magento/public/vendor/magento/framework/View/Page/Config.php(591): Magento\Framework\View\Page\Config->build()
#22 /var/www/magento/public/vendor/magento/framework/View/Page/Config.php(549): Magento\Framework\View\Page\Config->getElementAttribute()
#23 /var/www/magento/public/vendor/magento/module-catalog/Helper/Product/View.php(212): Magento\Framework\View\Page\Config->addBodyClass()
#24 /var/www/magento/public/vendor/magento/module-catalog/Helper/Product/View.php(287): Magento\Catalog\Helper\Product\View->initProductLayout()
#25 /var/www/magento/public/vendor/magento/framework/Interception/Interceptor.php(58): Magento\Catalog\Helper\Product\View->prepareAndRender()
#26 /var/www/magento/public/vendor/magento/framework/Interception/Interceptor.php(138): Magento\Catalog\Helper\Product\View\Interceptor->___callParent()
#27 /var/www/magento/public/vendor/magento/framework/Interception/Interceptor.php(153): Magento\Catalog\Helper\Product\View\Interceptor->Magento\Framework\Interception\{closure}()
#28 /var/www/magento/public/generated/code/Magento/Catalog/Helper/Product/View/Interceptor.php(23): Magento\Catalog\Helper\Product\View\Interceptor->___callPlugins()
#29 /var/www/magento/public/vendor/magento/module-catalog/Controller/Product/View.php(179): Magento\Catalog\Helper\Product\View\Interceptor->prepareAndRender()
#30 /var/www/magento/public/vendor/magento/framework/Interception/Interceptor.php(58): Magento\Catalog\Controller\Product\View->execute()
#31 /var/www/magento/public/vendor/magento/framework/Interception/Interceptor.php(138): Magento\Catalog\Controller\Product\View\Interceptor->___callParent()
#32 /var/www/magento/public/vendor/magento/framework/Interception/Interceptor.php(153): Magento\Catalog\Controller\Product\View\Interceptor->Magento\Framework\Interception\{closure}()
#33 /var/www/magento/public/generated/code/Magento/Catalog/Controller/Product/View/Interceptor.php(23): Magento\Catalog\Controller\Product\View\Interceptor->___callPlugins()
#34 /var/www/magento/public/vendor/magento/framework/App/Action/Action.php(111): Magento\Catalog\Controller\Product\View\Interceptor->execute()
#35 /var/www/magento/public/vendor/magento/framework/Interception/Interceptor.php(58): Magento\Framework\App\Action\Action->dispatch()
#36 /var/www/magento/public/vendor/magento/framework/Interception/Interceptor.php(138): Magento\Catalog\Controller\Product\View\Interceptor->___callParent()
#37 /var/www/magento/public/vendor/magento/framework/Interception/Interceptor.php(153): Magento\Catalog\Controller\Product\View\Interceptor->Magento\Framework\Interception\{closure}()
#38 /var/www/magento/public/generated/code/Magento/Catalog/Controller/Product/View/Interceptor.php(32): Magento\Catalog\Controller\Product\View\Interceptor->___callPlugins()
#39 /var/www/magento/public/vendor/magento/framework/App/FrontController.php(245): Magento\Catalog\Controller\Product\View\Interceptor->dispatch()
#40 /var/www/magento/public/vendor/magento/framework/App/FrontController.php(212): Magento\Framework\App\FrontController->getActionResponse()
#41 /var/www/magento/public/vendor/magento/framework/App/FrontController.php(147): Magento\Framework\App\FrontController->processRequest()
#42 /var/www/magento/public/vendor/magento/framework/Interception/Interceptor.php(58): Magento\Framework\App\FrontController->dispatch()
#43 /var/www/magento/public/vendor/magento/framework/Interception/Interceptor.php(138): Magento\Framework\App\FrontController\Interceptor->___callParent()
#44 /var/www/magento/public/vendor/magento/module-store/App/FrontController/Plugin/RequestPreprocessor.php(99): Magento\Framework\App\FrontController\Interceptor->Magento\Framework\Interception\{closure}()
#45 /var/www/magento/public/vendor/magento/framework/Interception/Interceptor.php(135): Magento\Store\App\FrontController\Plugin\RequestPreprocessor->aroundDispatch()
#46 /var/www/magento/public/vendor/magento/module-page-cache/Model/App/FrontController/BuiltinPlugin.php(76): Magento\Framework\App\FrontController\Interceptor->Magento\Framework\Interception\{closure}()
#47 /var/www/magento/public/vendor/magento/framework/Interception/Interceptor.php(135): Magento\PageCache\Model\App\FrontController\BuiltinPlugin->aroundDispatch()
#48 /var/www/magento/public/vendor/magento/framework/Interception/Interceptor.php(153): Magento\Framework\App\FrontController\Interceptor->Magento\Framework\Interception\{closure}()
#49 /var/www/magento/public/generated/code/Magento/Framework/App/FrontController/Interceptor.php(23): Magento\Framework\App\FrontController\Interceptor->___callPlugins()
#50 /var/www/magento/public/vendor/magento/framework/App/Http.php(116): Magento\Framework\App\FrontController\Interceptor->dispatch()
#51 /var/www/magento/public/vendor/magento/framework/Interception/Interceptor.php(58): Magento\Framework\App\Http->launch()
#52 /var/www/magento/public/vendor/magento/framework/Interception/Interceptor.php(138): Magento\Framework\App\Http\Interceptor->___callParent()
#53 /var/www/magento/public/vendor/magento/module-application-performance-monitor/Plugin/ApplicationPerformanceMonitor.php(38): Magento\Framework\App\Http\Interceptor->Magento\Framework\Interception\{closure}()
#54 /var/www/magento/public/vendor/magento/framework/Interception/Interceptor.php(135): Magento\ApplicationPerformanceMonitor\Plugin\ApplicationPerformanceMonitor->aroundLaunch()
#55 /var/www/magento/public/vendor/magento/framework/Interception/Interceptor.php(153): Magento\Framework\App\Http\Interceptor->Magento\Framework\Interception\{closure}()
#56 /var/www/magento/public/generated/code/Magento/Framework/App/Http/Interceptor.php(23): Magento\Framework\App\Http\Interceptor->___callPlugins()
#57 /var/www/magento/public/vendor/magento/framework/App/Bootstrap.php(264): Magento\Framework\App\Http\Interceptor->launch()
#58 /var/www/magento/public/pub/index.php(30): Magento\Framework\App\Bootstrap->run()
#59 {main} {"exception":"[object] (Magento\\Framework\\Exception\\RuntimeException(code: 0): Type Error occurred when creating object: Mollie\\Payment\\Logger\\MollieLogger, Monolog\\Logger::__construct(): Argument #1 ($name) must be of type string, null given, called in /var/www/magento/public/vendor/magento/framework/ObjectManager/Factory/AbstractFactory.php on line 121 at /var/www/magento/public/vendor/magento/framework/ObjectManager/Factory/AbstractFactory.php:131)"} []
[2025-02-14T12:38:36.338557+00:00] main.CRITICAL: Magento\Framework\Exception\RuntimeException: Type Error occurred when creating object: Mollie\Payment\Logger\MollieLogger, Monolog\Logger::__construct(): Argument #1 ($name) must be of type string, null given, called in /var/www/magento/public/vendor/magento/framework/ObjectManager/Factory/AbstractFactory.php on line 121 in /var/www/magento/public/vendor/magento/framework/ObjectManager/Factory/AbstractFactory.php:131
Stack trace:
#0 /var/www/magento/public/vendor/magento/framework/ObjectManager/Factory/Compiled.php(108): Magento\Framework\ObjectManager\Factory\AbstractFactory->createObject()
#1 /var/www/magento/public/vendor/magento/framework/ObjectManager/Factory/Compiled.php(150): Magento\Framework\ObjectManager\Factory\Compiled->create()
#2 /var/www/magento/public/vendor/magento/framework/ObjectManager/Factory/Compiled.php(79): Magento\Framework\ObjectManager\Factory\Compiled->get()
#3 /var/www/magento/public/vendor/magento/framework/ObjectManager/Factory/Compiled.php(150): Magento\Framework\ObjectManager\Factory\Compiled->create()
#4 /var/www/magento/public/vendor/magento/framework/ObjectManager/Factory/Compiled.php(79): Magento\Framework\ObjectManager\Factory\Compiled->get()
#5 /var/www/magento/public/vendor/magento/framework/ObjectManager/ObjectManager.php(59): Magento\Framework\ObjectManager\Factory\Compiled->create()
#6 /var/www/magento/public/vendor/magento/framework/View/Element/BlockFactory.php(44): Magento\Framework\ObjectManager\ObjectManager->create()
#7 /var/www/magento/public/vendor/magento/framework/View/Layout/Generator/Block.php(272): Magento\Framework\View\Element\BlockFactory->createBlock()
#8 /var/www/magento/public/vendor/magento/framework/View/Layout/Generator/Block.php(252): Magento\Framework\View\Layout\Generator\Block->getBlockInstance()
#9 /var/www/magento/public/vendor/magento/framework/View/Layout/Generator/Block.php(229): Magento\Framework\View\Layout\Generator\Block->createBlock()
#10 /var/www/magento/public/vendor/magento/framework/View/Layout/Generator/Block.php(134): Magento\Framework\View\Layout\Generator\Block->generateBlock()
#11 /var/www/magento/public/vendor/magento/framework/View/Layout/GeneratorPool.php(93): Magento\Framework\View\Layout\Generator\Block->process()
#12 /var/www/magento/public/vendor/magento/framework/View/Layout.php(365): Magento\Framework\View\Layout\GeneratorPool->process()
#13 /var/www/magento/public/vendor/magento/framework/Interception/Interceptor.php(58): Magento\Framework\View\Layout->generateElements()
#14 /var/www/magento/public/vendor/magento/framework/Interception/Interceptor.php(138): Magento\Framework\View\Layout\Interceptor->___callParent()
#15 /var/www/magento/public/vendor/magento/framework/Interception/Interceptor.php(153): Magento\Framework\View\Layout\Interceptor->Magento\Framework\Interception\{closure}()
#16 /var/www/magento/public/generated/code/Magento/Framework/View/Layout/Interceptor.php(32): Magento\Framework\View\Layout\Interceptor->___callPlugins()
#17 /var/www/magento/public/vendor/magento/framework/View/Layout/Builder.php(129): Magento\Framework\View\Layout\Interceptor->generateElements()
#18 /var/www/magento/public/vendor/magento/framework/View/Page/Builder.php(65): Magento\Framework\View\Layout\Builder->generateLayoutBlocks()
#19 /var/www/magento/public/vendor/magento/framework/View/Layout/Builder.php(65): Magento\Framework\View\Page\Builder->generateLayoutBlocks()
#20 /var/www/magento/public/vendor/magento/framework/View/Page/Config.php(227): Magento\Framework\View\Layout\Builder->build()
#21 /var/www/magento/public/vendor/magento/framework/View/Page/Config.php(591): Magento\Framework\View\Page\Config->build()
#22 /var/www/magento/public/vendor/magento/framework/View/Page/Config.php(549): Magento\Framework\View\Page\Config->getElementAttribute()
#23 /var/www/magento/public/vendor/magento/module-catalog/Helper/Product/View.php(212): Magento\Framework\View\Page\Config->addBodyClass()
#24 /var/www/magento/public/vendor/magento/module-catalog/Helper/Product/View.php(287): Magento\Catalog\Helper\Product\View->initProductLayout()
#25 /var/www/magento/public/vendor/magento/framework/Interception/Interceptor.php(58): Magento\Catalog\Helper\Product\View->prepareAndRender()
#26 /var/www/magento/public/vendor/magento/framework/Interception/Interceptor.php(138): Magento\Catalog\Helper\Product\View\Interceptor->___callParent()
#27 /var/www/magento/public/vendor/magento/framework/Interception/Interceptor.php(153): Magento\Catalog\Helper\Product\View\Interceptor->Magento\Framework\Interception\{closure}()
#28 /var/www/magento/public/generated/code/Magento/Catalog/Helper/Product/View/Interceptor.php(23): Magento\Catalog\Helper\Product\View\Interceptor->___callPlugins()
#29 /var/www/magento/public/vendor/magento/module-catalog/Controller/Product/View.php(179): Magento\Catalog\Helper\Product\View\Interceptor->prepareAndRender()
#30 /var/www/magento/public/vendor/magento/framework/Interception/Interceptor.php(58): Magento\Catalog\Controller\Product\View->execute()
#31 /var/www/magento/public/vendor/magento/framework/Interception/Interceptor.php(138): Magento\Catalog\Controller\Product\View\Interceptor->___callParent()
#32 /var/www/magento/public/vendor/magento/framework/Interception/Interceptor.php(153): Magento\Catalog\Controller\Product\View\Interceptor->Magento\Framework\Interception\{closure}()
#33 /var/www/magento/public/generated/code/Magento/Catalog/Controller/Product/View/Interceptor.php(23): Magento\Catalog\Controller\Product\View\Interceptor->___callPlugins()
#34 /var/www/magento/public/vendor/magento/framework/App/Action/Action.php(111): Magento\Catalog\Controller\Product\View\Interceptor->execute()
#35 /var/www/magento/public/vendor/magento/framework/Interception/Interceptor.php(58): Magento\Framework\App\Action\Action->dispatch()
#36 /var/www/magento/public/vendor/magento/framework/Interception/Interceptor.php(138): Magento\Catalog\Controller\Product\View\Interceptor->___callParent()
#37 /var/www/magento/public/vendor/magento/framework/Interception/Interceptor.php(153): Magento\Catalog\Controller\Product\View\Interceptor->Magento\Framework\Interception\{closure}()
#38 /var/www/magento/public/generated/code/Magento/Catalog/Controller/Product/View/Interceptor.php(32): Magento\Catalog\Controller\Product\View\Interceptor->___callPlugins()
#39 /var/www/magento/public/vendor/magento/framework/App/FrontController.php(245): Magento\Catalog\Controller\Product\View\Interceptor->dispatch()
#40 /var/www/magento/public/vendor/magento/framework/App/FrontController.php(212): Magento\Framework\App\FrontController->getActionResponse()
#41 /var/www/magento/public/vendor/magento/framework/App/FrontController.php(147): Magento\Framework\App\FrontController->processRequest()
#42 /var/www/magento/public/vendor/magento/framework/Interception/Interceptor.php(58): Magento\Framework\App\FrontController->dispatch()
#43 /var/www/magento/public/vendor/magento/framework/Interception/Interceptor.php(138): Magento\Framework\App\FrontController\Interceptor->___callParent()
#44 /var/www/magento/public/vendor/magento/module-store/App/FrontController/Plugin/RequestPreprocessor.php(99): Magento\Framework\App\FrontController\Interceptor->Magento\Framework\Interception\{closure}()
#45 /var/www/magento/public/vendor/magento/framework/Interception/Interceptor.php(135): Magento\Store\App\FrontController\Plugin\RequestPreprocessor->aroundDispatch()
#46 /var/www/magento/public/vendor/magento/module-page-cache/Model/App/FrontController/BuiltinPlugin.php(76): Magento\Framework\App\FrontController\Interceptor->Magento\Framework\Interception\{closure}()
#47 /var/www/magento/public/vendor/magento/framework/Interception/Interceptor.php(135): Magento\PageCache\Model\App\FrontController\BuiltinPlugin->aroundDispatch()
#48 /var/www/magento/public/vendor/magento/framework/Interception/Interceptor.php(153): Magento\Framework\App\FrontController\Interceptor->Magento\Framework\Interception\{closure}()
#49 /var/www/magento/public/generated/code/Magento/Framework/App/FrontController/Interceptor.php(23): Magento\Framework\App\FrontController\Interceptor->___callPlugins()
#50 /var/www/magento/public/vendor/magento/framework/App/Http.php(116): Magento\Framework\App\FrontController\Interceptor->dispatch()
#51 /var/www/magento/public/vendor/magento/framework/Interception/Interceptor.php(58): Magento\Framework\App\Http->launch()
#52 /var/www/magento/public/vendor/magento/framework/Interception/Interceptor.php(138): Magento\Framework\App\Http\Interceptor->___callParent()
#53 /var/www/magento/public/vendor/magento/module-application-performance-monitor/Plugin/ApplicationPerformanceMonitor.php(38): Magento\Framework\App\Http\Interceptor->Magento\Framework\Interception\{closure}()
#54 /var/www/magento/public/vendor/magento/framework/Interception/Interceptor.php(135): Magento\ApplicationPerformanceMonitor\Plugin\ApplicationPerformanceMonitor->aroundLaunch()
#55 /var/www/magento/public/vendor/magento/framework/Interception/Interceptor.php(153): Magento\Framework\App\Http\Interceptor->Magento\Framework\Interception\{closure}()
#56 /var/www/magento/public/generated/code/Magento/Framework/App/Http/Interceptor.php(23): Magento\Framework\App\Http\Interceptor->___callPlugins()
#57 /var/www/magento/public/vendor/magento/framework/App/Bootstrap.php(264): Magento\Framework\App\Http\Interceptor->launch()
#58 /var/www/magento/public/pub/index.php(30): Magento\Framework\App\Bootstrap->run()
#59 {main} {"exception":"[object] (Magento\\Framework\\Exception\\RuntimeException(code: 0): Type Error occurred when creating object: Mollie\\Payment\\Logger\\MollieLogger, Monolog\\Logger::__construct(): Argument #1 ($name) must be of type string, null given, called in /var/www/magento/public/vendor/magento/framework/ObjectManager/Factory/AbstractFactory.php on line 121 at /var/www/magento/public/vendor/magento/framework/ObjectManager/Factory/AbstractFactory.php:131)"} []
[2025-02-14T12:38:42.601061+00:00] main.CRITICAL: Magento\Framework\Exception\RuntimeException: Type Error occurred when creating object: Mollie\Payment\Logger\MollieLogger, Monolog\Logger::__construct(): Argument #1 ($name) must be of type string, null given, called in /var/www/magento/public/vendor/magento/framework/ObjectManager/Factory/AbstractFactory.php on line 121 in /var/www/magento/public/vendor/magento/framework/ObjectManager/Factory/AbstractFactory.php:131
Stack trace:
#0 /var/www/magento/public/vendor/magento/framework/ObjectManager/Factory/Compiled.php(108): Magento\Framework\ObjectManager\Factory\AbstractFactory->createObject()
#1 /var/www/magento/public/vendor/magento/framework/ObjectManager/Factory/Compiled.php(150): Magento\Framework\ObjectManager\Factory\Compiled->create()
#2 /var/www/magento/public/vendor/magento/framework/ObjectManager/Factory/Compiled.php(79): Magento\Framework\ObjectManager\Factory\Compiled->get()
#3 /var/www/magento/public/vendor/magento/framework/ObjectManager/Factory/Compiled.php(150): Magento\Framework\ObjectManager\Factory\Compiled->create()
#4 /var/www/magento/public/vendor/magento/framework/ObjectManager/Factory/Compiled.php(79): Magento\Framework\ObjectManager\Factory\Compiled->get()
#5 /var/www/magento/public/vendor/magento/framework/ObjectManager/ObjectManager.php(59): Magento\Framework\ObjectManager\Factory\Compiled->create()
#6 /var/www/magento/public/vendor/magento/framework/View/Element/BlockFactory.php(44): Magento\Framework\ObjectManager\ObjectManager->create()
#7 /var/www/magento/public/vendor/magento/framework/View/Layout/Generator/Block.php(272): Magento\Framework\View\Element\BlockFactory->createBlock()
#8 /var/www/magento/public/vendor/magento/framework/View/Layout/Generator/Block.php(252): Magento\Framework\View\Layout\Generator\Block->getBlockInstance()
#9 /var/www/magento/public/vendor/magento/framework/View/Layout/Generator/Block.php(229): Magento\Framework\View\Layout\Generator\Block->createBlock()
#10 /var/www/magento/public/vendor/magento/framework/View/Layout/Generator/Block.php(134): Magento\Framework\View\Layout\Generator\Block->generateBlock()
#11 /var/www/magento/public/vendor/magento/framework/View/Layout/GeneratorPool.php(93): Magento\Framework\View\Layout\Generator\Block->process()
#12 /var/www/magento/public/vendor/magento/framework/View/Layout.php(365): Magento\Framework\View\Layout\GeneratorPool->process()
#13 /var/www/magento/public/vendor/magento/framework/Interception/Interceptor.php(58): Magento\Framework\View\Layout->generateElements()
#14 /var/www/magento/public/vendor/magento/framework/Interception/Interceptor.php(138): Magento\Framework\View\Layout\Interceptor->___callParent()
#15 /var/www/magento/public/vendor/magento/framework/Interception/Interceptor.php(153): Magento\Framework\View\Layout\Interceptor->Magento\Framework\Interception\{closure}()
#16 /var/www/magento/public/generated/code/Magento/Framework/View/Layout/Interceptor.php(32): Magento\Framework\View\Layout\Interceptor->___callPlugins()
#17 /var/www/magento/public/vendor/magento/framework/View/Layout/Builder.php(129): Magento\Framework\View\Layout\Interceptor->generateElements()
#18 /var/www/magento/public/vendor/magento/framework/View/Page/Builder.php(65): Magento\Framework\View\Layout\Builder->generateLayoutBlocks()
#19 /var/www/magento/public/vendor/magento/framework/View/Layout/Builder.php(65): Magento\Framework\View\Page\Builder->generateLayoutBlocks()
#20 /var/www/magento/public/vendor/magento/framework/View/Page/Config.php(227): Magento\Framework\View\Layout\Builder->build()
#21 /var/www/magento/public/vendor/magento/framework/View/Page/Config.php(591): Magento\Framework\View\Page\Config->build()
#22 /var/www/magento/public/vendor/magento/framework/View/Page/Config.php(549): Magento\Framework\View\Page\Config->getElementAttribute()
#23 /var/www/magento/public/vendor/magento/module-catalog/Helper/Product/View.php(212): Magento\Framework\View\Page\Config->addBodyClass()
#24 /var/www/magento/public/vendor/magento/module-catalog/Helper/Product/View.php(287): Magento\Catalog\Helper\Product\View->initProductLayout()
#25 /var/www/magento/public/vendor/magento/framework/Interception/Interceptor.php(58): Magento\Catalog\Helper\Product\View->prepareAndRender()
#26 /var/www/magento/public/vendor/magento/framework/Interception/Interceptor.php(138): Magento\Catalog\Helper\Product\View\Interceptor->___callParent()
#27 /var/www/magento/public/vendor/magento/framework/Interception/Interceptor.php(153): Magento\Catalog\Helper\Product\View\Interceptor->Magento\Framework\Interception\{closure}()
#28 /var/www/magento/public/generated/code/Magento/Catalog/Helper/Product/View/Interceptor.php(23): Magento\Catalog\Helper\Product\View\Interceptor->___callPlugins()
#29 /var/www/magento/public/vendor/magento/module-catalog/Controller/Product/View.php(179): Magento\Catalog\Helper\Product\View\Interceptor->prepareAndRender()
#30 /var/www/magento/public/vendor/magento/framework/Interception/Interceptor.php(58): Magento\Catalog\Controller\Product\View->execute()
#31 /var/www/magento/public/vendor/magento/framework/Interception/Interceptor.php(138): Magento\Catalog\Controller\Product\View\Interceptor->___callParent()
#32 /var/www/magento/public/vendor/magento/framework/Interception/Interceptor.php(153): Magento\Catalog\Controller\Product\View\Interceptor->Magento\Framework\Interception\{closure}()
#33 /var/www/magento/public/generated/code/Magento/Catalog/Controller/Product/View/Interceptor.php(23): Magento\Catalog\Controller\Product\View\Interceptor->___callPlugins()
#34 /var/www/magento/public/vendor/magento/framework/App/Action/Action.php(111): Magento\Catalog\Controller\Product\View\Interceptor->execute()
#35 /var/www/magento/public/vendor/magento/framework/Interception/Interceptor.php(58): Magento\Framework\App\Action\Action->dispatch()
#36 /var/www/magento/public/vendor/magento/framework/Interception/Interceptor.php(138): Magento\Catalog\Controller\Product\View\Interceptor->___callParent()
#37 /var/www/magento/public/vendor/magento/framework/Interception/Interceptor.php(153): Magento\Catalog\Controller\Product\View\Interceptor->Magento\Framework\Interception\{closure}()
#38 /var/www/magento/public/generated/code/Magento/Catalog/Controller/Product/View/Interceptor.php(32): Magento\Catalog\Controller\Product\View\Interceptor->___callPlugins()
#39 /var/www/magento/public/vendor/magento/framework/App/FrontController.php(245): Magento\Catalog\Controller\Product\View\Interceptor->dispatch()
#40 /var/www/magento/public/vendor/magento/framework/App/FrontController.php(212): Magento\Framework\App\FrontController->getActionResponse()
#41 /var/www/magento/public/vendor/magento/framework/App/FrontController.php(147): Magento\Framework\App\FrontController->processRequest()
#42 /var/www/magento/public/vendor/magento/framework/Interception/Interceptor.php(58): Magento\Framework\App\FrontController->dispatch()
#43 /var/www/magento/public/vendor/magento/framework/Interception/Interceptor.php(138): Magento\Framework\App\FrontController\Interceptor->___callParent()
#44 /var/www/magento/public/vendor/magento/module-store/App/FrontController/Plugin/RequestPreprocessor.php(99): Magento\Framework\App\FrontController\Interceptor->Magento\Framework\Interception\{closure}()
#45 /var/www/magento/public/vendor/magento/framework/Interception/Interceptor.php(135): Magento\Store\App\FrontController\Plugin\RequestPreprocessor->aroundDispatch()
#46 /var/www/magento/public/vendor/magento/module-page-cache/Model/App/FrontController/BuiltinPlugin.php(76): Magento\Framework\App\FrontController\Interceptor->Magento\Framework\Interception\{closure}()
#47 /var/www/magento/public/vendor/magento/framework/Interception/Interceptor.php(135): Magento\PageCache\Model\App\FrontController\BuiltinPlugin->aroundDispatch()
#48 /var/www/magento/public/vendor/magento/framework/Interception/Interceptor.php(153): Magento\Framework\App\FrontController\Interceptor->Magento\Framework\Interception\{closure}()
#49 /var/www/magento/public/generated/code/Magento/Framework/App/FrontController/Interceptor.php(23): Magento\Framework\App\FrontController\Interceptor->___callPlugins()
#50 /var/www/magento/public/vendor/magento/framework/App/Http.php(116): Magento\Framework\App\FrontController\Interceptor->dispatch()
#51 /var/www/magento/public/vendor/magento/framework/Interception/Interceptor.php(58): Magento\Framework\App\Http->launch()
#52 /var/www/magento/public/vendor/magento/framework/Interception/Interceptor.php(138): Magento\Framework\App\Http\Interceptor->___callParent()
#53 /var/www/magento/public/vendor/magento/module-application-performance-monitor/Plugin/ApplicationPerformanceMonitor.php(38): Magento\Framework\App\Http\Interceptor->Magento\Framework\Interception\{closure}()
#54 /var/www/magento/public/vendor/magento/framework/Interception/Interceptor.php(135): Magento\ApplicationPerformanceMonitor\Plugin\ApplicationPerformanceMonitor->aroundLaunch()
#55 /var/www/magento/public/vendor/magento/framework/Interception/Interceptor.php(153): Magento\Framework\App\Http\Interceptor->Magento\Framework\Interception\{closure}()
#56 /var/www/magento/public/generated/code/Magento/Framework/App/Http/Interceptor.php(23): Magento\Framework\App\Http\Interceptor->___callPlugins()
#57 /var/www/magento/public/vendor/magento/framework/App/Bootstrap.php(264): Magento\Framework\App\Http\Interceptor->launch()
#58 /var/www/magento/public/pub/index.php(30): Magento\Framework\App\Bootstrap->run()
#59 {main} {"exception":"[object] (Magento\\Framework\\Exception\\RuntimeException(code: 0): Type Error occurred when creating object: Mollie\\Payment\\Logger\\MollieLogger, Monolog\\Logger::__construct(): Argument #1 ($name) must be of type string, null given, called in /var/www/magento/public/vendor/magento/framework/ObjectManager/Factory/AbstractFactory.php on line 121 at /var/www/magento/public/vendor/magento/framework/ObjectManager/Factory/AbstractFactory.php:131)"} []
[2025-02-14T12:39:09.982411+00:00] main.ERROR: Laminas\Mail\Transport\Exception\RuntimeException: Unable to send mail: Unknown error in /var/www/magento/public/vendor/laminas/laminas-mail/src/Transport/Sendmail.php:313
Stack trace:
#0 /var/www/magento/public/vendor/laminas/laminas-mail/src/Transport/Sendmail.php(150): Laminas\Mail\Transport\Sendmail->mailHandler()
#1 /var/www/magento/public/vendor/magento/module-email/Model/Transport.php(183): Laminas\Mail\Transport\Sendmail->send()
#2 /var/www/magento/public/vendor/magento/framework/Interception/Interceptor.php(58): Magento\Email\Model\Transport->sendMessage()
#3 /var/www/magento/public/vendor/magento/framework/Interception/Interceptor.php(138): Magento\Email\Model\Transport\Interceptor->___callParent()
#4 /var/www/magento/public/vendor/magento/module-customer-sample-data/Magento/Framework/Mail/Transport/MailPlugin.php(32): Magento\Email\Model\Transport\Interceptor->Magento\Framework\Interception\{closure}()
#5 /var/www/magento/public/vendor/magento/framework/Interception/Interceptor.php(135): Magento\CustomerSampleData\Magento\Framework\Mail\Transport\MailPlugin->aroundSendMessage()
#6 /var/www/magento/public/vendor/magento/module-email/Model/Mail/TransportInterfacePlugin.php(48): Magento\Email\Model\Transport\Interceptor->Magento\Framework\Interception\{closure}()
#7 /var/www/magento/public/vendor/magento/framework/Interception/Interceptor.php(135): Magento\Email\Model\Mail\TransportInterfacePlugin->aroundSendMessage()
#8 /var/www/magento/public/vendor/magento/framework/Interception/Interceptor.php(153): Magento\Email\Model\Transport\Interceptor->Magento\Framework\Interception\{closure}()
#9 /var/www/magento/public/generated/code/Magento/Email/Model/Transport/Interceptor.php(23): Magento\Email\Model\Transport\Interceptor->___callPlugins()
#10 /var/www/magento/public/vendor/magento/module-sales/Model/Order/Email/SenderBuilder.php(75): Magento\Email\Model\Transport\Interceptor->sendMessage()
#11 /var/www/magento/public/vendor/magento/module-sales/Model/Order/Email/Sender.php(86): Magento\Sales\Model\Order\Email\SenderBuilder->send()
#12 /var/www/magento/public/vendor/magento/module-sales/Model/Order/Email/Sender/OrderSender.php(108): Magento\Sales\Model\Order\Email\Sender->checkAndSend()
#13 /var/www/magento/public/vendor/magento/module-quote/Observer/SubmitObserver.php(62): Magento\Sales\Model\Order\Email\Sender\OrderSender->send()
#14 /var/www/magento/public/generated/code/Magento/Quote/Observer/SubmitObserver/Interceptor.php(23): Magento\Quote\Observer\SubmitObserver->execute()
#15 /var/www/magento/public/vendor/magento/framework/Event/Invoker/InvokerDefault.php(88): Magento\Quote\Observer\SubmitObserver\Interceptor->execute()
#16 /var/www/magento/public/vendor/magento/framework/Event/Invoker/InvokerDefault.php(74): Magento\Framework\Event\Invoker\InvokerDefault->_callObserverMethod()
#17 /var/www/magento/public/vendor/magento/framework/Event/Manager.php(65): Magento\Framework\Event\Invoker\InvokerDefault->dispatch()
#18 /var/www/magento/public/vendor/magento/framework/Interception/Interceptor.php(58): Magento\Framework\Event\Manager->dispatch()
#19 /var/www/magento/public/vendor/magento/framework/Interception/Interceptor.php(138): Magento\Framework\Event\Manager\Interceptor->___callParent()
#20 /var/www/magento/public/vendor/msp/devtools/Plugin/Event/ManagerInterfacePlugin.php(80): Magento\Framework\Event\Manager\Interceptor->Magento\Framework\Interception\{closure}()
#21 /var/www/magento/public/vendor/magento/framework/Interception/Interceptor.php(135): MSP\DevTools\Plugin\Event\ManagerInterfacePlugin->aroundDispatch()
#22 /var/www/magento/public/vendor/magento/framework/Interception/Interceptor.php(153): Magento\Framework\Event\Manager\Interceptor->Magento\Framework\Interception\{closure}()
#23 /var/www/magento/public/generated/code/Magento/Framework/Event/Manager/Interceptor.php(23): Magento\Framework\Event\Manager\Interceptor->___callPlugins()
#24 /var/www/magento/public/generated/code/Magento/Framework/Event/Manager/Proxy.php(105): Magento\Framework\Event\Manager\Interceptor->dispatch()
#25 /var/www/magento/public/vendor/magento/module-quote/Model/QuoteManagement.php(630): Magento\Framework\Event\Manager\Proxy->dispatch()
#26 /var/www/magento/public/vendor/magento/module-quote/Model/QuoteManagement.php(501): Magento\Quote\Model\QuoteManagement->submitQuote()
#27 /var/www/magento/public/vendor/magento/framework/Interception/Interceptor.php(58): Magento\Quote\Model\QuoteManagement->submit()
#28 /var/www/magento/public/vendor/magento/framework/Interception/Interceptor.php(138): Magento\Quote\Model\QuoteManagement\Interceptor->___callParent()
#29 /var/www/magento/public/vendor/magento/module-sales-rule/Plugin/CouponUsagesIncrement.php(54): Magento\Quote\Model\QuoteManagement\Interceptor->Magento\Framework\Interception\{closure}()
#30 /var/www/magento/public/vendor/magento/framework/Interception/Interceptor.php(135): Magento\SalesRule\Plugin\CouponUsagesIncrement->aroundSubmit()
#31 /var/www/magento/public/vendor/magento/framework/Interception/Interceptor.php(153): Magento\Quote\Model\QuoteManagement\Interceptor->Magento\Framework\Interception\{closure}()
#32 /var/www/magento/public/generated/code/Magento/Quote/Model/QuoteManagement/Interceptor.php(32): Magento\Quote\Model\QuoteManagement\Interceptor->___callPlugins()
#33 /var/www/magento/public/vendor/magento/module-quote/Model/QuoteManagement.php(459): Magento\Quote\Model\QuoteManagement\Interceptor->submit()
#34 /var/www/magento/public/vendor/magento/framework/Interception/Interceptor.php(58): Magento\Quote\Model\QuoteManagement->placeOrder()
#35 /var/www/magento/public/vendor/magento/framework/Interception/Interceptor.php(138): Magento\Quote\Model\QuoteManagement\Interceptor->___callParent()
#36 /var/www/magento/public/vendor/paypal/module-braintree-core/Plugin/OrderCancellation.php(64): Magento\Quote\Model\QuoteManagement\Interceptor->Magento\Framework\Interception\{closure}()
#37 /var/www/magento/public/vendor/magento/framework/Interception/Interceptor.php(135): PayPal\Braintree\Plugin\OrderCancellation->aroundPlaceOrder()
#38 /var/www/magento/public/vendor/magento/framework/Interception/Interceptor.php(153): Magento\Quote\Model\QuoteManagement\Interceptor->Magento\Framework\Interception\{closure}()
#39 /var/www/magento/public/generated/code/Magento/Quote/Model/QuoteManagement/Interceptor.php(23): Magento\Quote\Model\QuoteManagement\Interceptor->___callPlugins()
#40 /var/www/magento/public/vendor/magento/module-checkout/Model/PaymentInformationManagement.php(152): Magento\Quote\Model\QuoteManagement\Interceptor->placeOrder()
#41 /var/www/magento/public/vendor/magento/framework/Interception/Interceptor.php(58): Magento\Checkout\Model\PaymentInformationManagement->savePaymentInformationAndPlaceOrder()
#42 /var/www/magento/public/vendor/magento/framework/Interception/Interceptor.php(138): Magento\Checkout\Model\PaymentInformationManagement\Interceptor->___callParent()
#43 /var/www/magento/public/vendor/magento/framework/Interception/Interceptor.php(153): Magento\Checkout\Model\PaymentInformationManagement\Interceptor->Magento\Framework\Interception\{closure}()
#44 /var/www/magento/public/generated/code/Magento/Checkout/Model/PaymentInformationManagement/Interceptor.php(23): Magento\Checkout\Model\PaymentInformationManagement\Interceptor->___callPlugins()
#45 [internal function]: Magento\Checkout\Model\PaymentInformationManagement\Interceptor->savePaymentInformationAndPlaceOrder()
#46 /var/www/magento/public/vendor/magento/module-webapi/Controller/Rest/SynchronousRequestProcessor.php(95): call_user_func_array()
#47 /var/www/magento/public/vendor/magento/module-webapi/Controller/Rest.php(201): Magento\Webapi\Controller\Rest\SynchronousRequestProcessor->process()
#48 /var/www/magento/public/vendor/magento/framework/Interception/Interceptor.php(58): Magento\Webapi\Controller\Rest->dispatch()
#49 /var/www/magento/public/vendor/magento/framework/Interception/Interceptor.php(138): Magento\Webapi\Controller\Rest\Interceptor->___callParent()
#50 /var/www/magento/public/vendor/magento/framework/Interception/Interceptor.php(153): Magento\Webapi\Controller\Rest\Interceptor->Magento\Framework\Interception\{closure}()
#51 /var/www/magento/public/generated/code/Magento/Webapi/Controller/Rest/Interceptor.php(23): Magento\Webapi\Controller\Rest\Interceptor->___callPlugins()
#52 /var/www/magento/public/vendor/magento/framework/App/Http.php(116): Magento\Webapi\Controller\Rest\Interceptor->dispatch()
#53 /var/www/magento/public/vendor/magento/framework/Interception/Interceptor.php(58): Magento\Framework\App\Http->launch()
#54 /var/www/magento/public/vendor/magento/framework/Interception/Interceptor.php(138): Magento\Framework\App\Http\Interceptor->___callParent()
#55 /var/www/magento/public/vendor/magento/module-application-performance-monitor/Plugin/ApplicationPerformanceMonitor.php(38): Magento\Framework\App\Http\Interceptor->Magento\Framework\Interception\{closure}()
#56 /var/www/magento/public/vendor/magento/framework/Interception/Interceptor.php(135): Magento\ApplicationPerformanceMonitor\Plugin\ApplicationPerformanceMonitor->aroundLaunch()
#57 /var/www/magento/public/vendor/magento/framework/Interception/Interceptor.php(153): Magento\Framework\App\Http\Interceptor->Magento\Framework\Interception\{closure}()
#58 /var/www/magento/public/generated/code/Magento/Framework/App/Http/Interceptor.php(23): Magento\Framework\App\Http\Interceptor->___callPlugins()
#59 /var/www/magento/public/vendor/magento/framework/App/Bootstrap.php(264): Magento\Framework\App\Http\Interceptor->launch()
#60 /var/www/magento/public/pub/index.php(30): Magento\Framework\App\Bootstrap->run()
#61 {main} {"exception":"[object] (Laminas\\Mail\\Transport\\Exception\\RuntimeException(code: 0): Unable to send mail: Unknown error at /var/www/magento/public/vendor/laminas/laminas-mail/src/Transport/Sendmail.php:313)"} []
[2025-02-18T09:35:22.611357+00:00] main.ERROR: Laminas\Mail\Transport\Exception\RuntimeException: Unable to send mail: Unknown error in /var/www/magento/public/vendor/laminas/laminas-mail/src/Transport/Sendmail.php:313
Stack trace:
#0 /var/www/magento/public/vendor/laminas/laminas-mail/src/Transport/Sendmail.php(150): Laminas\Mail\Transport\Sendmail->mailHandler()
#1 /var/www/magento/public/vendor/magento/module-email/Model/Transport.php(183): Laminas\Mail\Transport\Sendmail->send()
#2 /var/www/magento/public/vendor/magento/framework/Interception/Interceptor.php(58): Magento\Email\Model\Transport->sendMessage()
#3 /var/www/magento/public/vendor/magento/framework/Interception/Interceptor.php(138): Magento\Email\Model\Transport\Interceptor->___callParent()
#4 /var/www/magento/public/vendor/magento/module-customer-sample-data/Magento/Framework/Mail/Transport/MailPlugin.php(32): Magento\Email\Model\Transport\Interceptor->Magento\Framework\Interception\{closure}()
#5 /var/www/magento/public/vendor/magento/framework/Interception/Interceptor.php(135): Magento\CustomerSampleData\Magento\Framework\Mail\Transport\MailPlugin->aroundSendMessage()
#6 /var/www/magento/public/vendor/magento/module-email/Model/Mail/TransportInterfacePlugin.php(48): Magento\Email\Model\Transport\Interceptor->Magento\Framework\Interception\{closure}()
#7 /var/www/magento/public/vendor/magento/framework/Interception/Interceptor.php(135): Magento\Email\Model\Mail\TransportInterfacePlugin->aroundSendMessage()
#8 /var/www/magento/public/vendor/magento/framework/Interception/Interceptor.php(153): Magento\Email\Model\Transport\Interceptor->Magento\Framework\Interception\{closure}()
#9 /var/www/magento/public/generated/code/Magento/Email/Model/Transport/Interceptor.php(23): Magento\Email\Model\Transport\Interceptor->___callPlugins()
#10 /var/www/magento/public/vendor/magento/module-sales/Model/Order/Email/SenderBuilder.php(75): Magento\Email\Model\Transport\Interceptor->sendMessage()
#11 /var/www/magento/public/vendor/magento/module-sales/Model/Order/Email/Sender.php(86): Magento\Sales\Model\Order\Email\SenderBuilder->send()
#12 /var/www/magento/public/vendor/magento/module-sales/Model/Order/Email/Sender/OrderSender.php(108): Magento\Sales\Model\Order\Email\Sender->checkAndSend()
#13 /var/www/magento/public/vendor/magento/module-quote/Observer/SubmitObserver.php(62): Magento\Sales\Model\Order\Email\Sender\OrderSender->send()
#14 /var/www/magento/public/generated/code/Magento/Quote/Observer/SubmitObserver/Interceptor.php(23): Magento\Quote\Observer\SubmitObserver->execute()
#15 /var/www/magento/public/vendor/magento/framework/Event/Invoker/InvokerDefault.php(88): Magento\Quote\Observer\SubmitObserver\Interceptor->execute()
#16 /var/www/magento/public/vendor/magento/framework/Event/Invoker/InvokerDefault.php(74): Magento\Framework\Event\Invoker\InvokerDefault->_callObserverMethod()
#17 /var/www/magento/public/vendor/magento/framework/Event/Manager.php(65): Magento\Framework\Event\Invoker\InvokerDefault->dispatch()
#18 /var/www/magento/public/vendor/magento/framework/Interception/Interceptor.php(58): Magento\Framework\Event\Manager->dispatch()
#19 /var/www/magento/public/vendor/magento/framework/Interception/Interceptor.php(138): Magento\Framework\Event\Manager\Interceptor->___callParent()
#20 /var/www/magento/public/vendor/msp/devtools/Plugin/Event/ManagerInterfacePlugin.php(80): Magento\Framework\Event\Manager\Interceptor->Magento\Framework\Interception\{closure}()
#21 /var/www/magento/public/vendor/magento/framework/Interception/Interceptor.php(135): MSP\DevTools\Plugin\Event\ManagerInterfacePlugin->aroundDispatch()
#22 /var/www/magento/public/vendor/magento/framework/Interception/Interceptor.php(153): Magento\Framework\Event\Manager\Interceptor->Magento\Framework\Interception\{closure}()
#23 /var/www/magento/public/generated/code/Magento/Framework/Event/Manager/Interceptor.php(23): Magento\Framework\Event\Manager\Interceptor->___callPlugins()
#24 /var/www/magento/public/generated/code/Magento/Framework/Event/Manager/Proxy.php(105): Magento\Framework\Event\Manager\Interceptor->dispatch()
#25 /var/www/magento/public/vendor/magento/module-quote/Model/QuoteManagement.php(630): Magento\Framework\Event\Manager\Proxy->dispatch()
#26 /var/www/magento/public/vendor/magento/module-quote/Model/QuoteManagement.php(501): Magento\Quote\Model\QuoteManagement->submitQuote()
#27 /var/www/magento/public/vendor/magento/framework/Interception/Interceptor.php(58): Magento\Quote\Model\QuoteManagement->submit()
#28 /var/www/magento/public/vendor/magento/framework/Interception/Interceptor.php(138): Magento\Quote\Model\QuoteManagement\Interceptor->___callParent()
#29 /var/www/magento/public/vendor/magento/module-sales-rule/Plugin/CouponUsagesIncrement.php(54): Magento\Quote\Model\QuoteManagement\Interceptor->Magento\Framework\Interception\{closure}()
#30 /var/www/magento/public/vendor/magento/framework/Interception/Interceptor.php(135): Magento\SalesRule\Plugin\CouponUsagesIncrement->aroundSubmit()
#31 /var/www/magento/public/vendor/magento/framework/Interception/Interceptor.php(153): Magento\Quote\Model\QuoteManagement\Interceptor->Magento\Framework\Interception\{closure}()
#32 /var/www/magento/public/generated/code/Magento/Quote/Model/QuoteManagement/Interceptor.php(32): Magento\Quote\Model\QuoteManagement\Interceptor->___callPlugins()
#33 /var/www/magento/public/vendor/magento/module-quote/Model/QuoteManagement.php(459): Magento\Quote\Model\QuoteManagement\Interceptor->submit()
#34 /var/www/magento/public/vendor/magento/framework/Interception/Interceptor.php(58): Magento\Quote\Model\QuoteManagement->placeOrder()
#35 /var/www/magento/public/vendor/magento/framework/Interception/Interceptor.php(138): Magento\Quote\Model\QuoteManagement\Interceptor->___callParent()
#36 /var/www/magento/public/vendor/paypal/module-braintree-core/Plugin/OrderCancellation.php(64): Magento\Quote\Model\QuoteManagement\Interceptor->Magento\Framework\Interception\{closure}()
#37 /var/www/magento/public/vendor/magento/framework/Interception/Interceptor.php(135): PayPal\Braintree\Plugin\OrderCancellation->aroundPlaceOrder()
#38 /var/www/magento/public/vendor/magento/framework/Interception/Interceptor.php(153): Magento\Quote\Model\QuoteManagement\Interceptor->Magento\Framework\Interception\{closure}()
#39 /var/www/magento/public/generated/code/Magento/Quote/Model/QuoteManagement/Interceptor.php(23): Magento\Quote\Model\QuoteManagement\Interceptor->___callPlugins()
#40 /var/www/magento/public/vendor/magento/module-checkout/Model/PaymentInformationManagement.php(152): Magento\Quote\Model\QuoteManagement\Interceptor->placeOrder()
#41 /var/www/magento/public/vendor/magento/framework/Interception/Interceptor.php(58): Magento\Checkout\Model\PaymentInformationManagement->savePaymentInformationAndPlaceOrder()
#42 /var/www/magento/public/vendor/magento/framework/Interception/Interceptor.php(138): Magento\Checkout\Model\PaymentInformationManagement\Interceptor->___callParent()
#43 /var/www/magento/public/vendor/magento/framework/Interception/Interceptor.php(153): Magento\Checkout\Model\PaymentInformationManagement\Interceptor->Magento\Framework\Interception\{closure}()
#44 /var/www/magento/public/generated/code/Magento/Checkout/Model/PaymentInformationManagement/Interceptor.php(23): Magento\Checkout\Model\PaymentInformationManagement\Interceptor->___callPlugins()
#45 [internal function]: Magento\Checkout\Model\PaymentInformationManagement\Interceptor->savePaymentInformationAndPlaceOrder()
#46 /var/www/magento/public/vendor/magento/module-webapi/Controller/Rest/SynchronousRequestProcessor.php(95): call_user_func_array()
#47 /var/www/magento/public/vendor/magento/module-webapi/Controller/Rest.php(201): Magento\Webapi\Controller\Rest\SynchronousRequestProcessor->process()
#48 /var/www/magento/public/vendor/magento/framework/Interception/Interceptor.php(58): Magento\Webapi\Controller\Rest->dispatch()
#49 /var/www/magento/public/vendor/magento/framework/Interception/Interceptor.php(138): Magento\Webapi\Controller\Rest\Interceptor->___callParent()
#50 /var/www/magento/public/vendor/magento/framework/Interception/Interceptor.php(153): Magento\Webapi\Controller\Rest\Interceptor->Magento\Framework\Interception\{closure}()
#51 /var/www/magento/public/generated/code/Magento/Webapi/Controller/Rest/Interceptor.php(23): Magento\Webapi\Controller\Rest\Interceptor->___callPlugins()
#52 /var/www/magento/public/vendor/magento/framework/App/Http.php(116): Magento\Webapi\Controller\Rest\Interceptor->dispatch()
#53 /var/www/magento/public/vendor/magento/framework/Interception/Interceptor.php(58): Magento\Framework\App\Http->launch()
#54 /var/www/magento/public/vendor/magento/framework/Interception/Interceptor.php(138): Magento\Framework\App\Http\Interceptor->___callParent()
#55 /var/www/magento/public/vendor/magento/module-application-performance-monitor/Plugin/ApplicationPerformanceMonitor.php(38): Magento\Framework\App\Http\Interceptor->Magento\Framework\Interception\{closure}()
#56 /var/www/magento/public/vendor/magento/framework/Interception/Interceptor.php(135): Magento\ApplicationPerformanceMonitor\Plugin\ApplicationPerformanceMonitor->aroundLaunch()
#57 /var/www/magento/public/vendor/magento/framework/Interception/Interceptor.php(153): Magento\Framework\App\Http\Interceptor->Magento\Framework\Interception\{closure}()
#58 /var/www/magento/public/generated/code/Magento/Framework/App/Http/Interceptor.php(23): Magento\Framework\App\Http\Interceptor->___callPlugins()
#59 /var/www/magento/public/vendor/magento/framework/App/Bootstrap.php(264): Magento\Framework\App\Http\Interceptor->launch()
#60 /var/www/magento/public/pub/index.php(30): Magento\Framework\App\Bootstrap->run()
#61 {main} {"exception":"[object] (Laminas\\Mail\\Transport\\Exception\\RuntimeException(code: 0): Unable to send mail: Unknown error at /var/www/magento/public/vendor/laminas/laminas-mail/src/Transport/Sendmail.php:313)"} []
[2025-02-18T09:36:28.106008+00:00] main.ERROR: Laminas\Mail\Transport\Exception\RuntimeException: Unable to send mail: Unknown error in /var/www/magento/public/vendor/laminas/laminas-mail/src/Transport/Sendmail.php:313
Stack trace:
#0 /var/www/magento/public/vendor/laminas/laminas-mail/src/Transport/Sendmail.php(150): Laminas\Mail\Transport\Sendmail->mailHandler()
#1 /var/www/magento/public/vendor/magento/module-email/Model/Transport.php(183): Laminas\Mail\Transport\Sendmail->send()
#2 /var/www/magento/public/vendor/magento/framework/Interception/Interceptor.php(58): Magento\Email\Model\Transport->sendMessage()
#3 /var/www/magento/public/vendor/magento/framework/Interception/Interceptor.php(138): Magento\Email\Model\Transport\Interceptor->___callParent()
#4 /var/www/magento/public/vendor/magento/module-customer-sample-data/Magento/Framework/Mail/Transport/MailPlugin.php(32): Magento\Email\Model\Transport\Interceptor->Magento\Framework\Interception\{closure}()
#5 /var/www/magento/public/vendor/magento/framework/Interception/Interceptor.php(135): Magento\CustomerSampleData\Magento\Framework\Mail\Transport\MailPlugin->aroundSendMessage()
#6 /var/www/magento/public/vendor/magento/module-email/Model/Mail/TransportInterfacePlugin.php(48): Magento\Email\Model\Transport\Interceptor->Magento\Framework\Interception\{closure}()
#7 /var/www/magento/public/vendor/magento/framework/Interception/Interceptor.php(135): Magento\Email\Model\Mail\TransportInterfacePlugin->aroundSendMessage()
#8 /var/www/magento/public/vendor/magento/framework/Interception/Interceptor.php(153): Magento\Email\Model\Transport\Interceptor->Magento\Framework\Interception\{closure}()
#9 /var/www/magento/public/generated/code/Magento/Email/Model/Transport/Interceptor.php(23): Magento\Email\Model\Transport\Interceptor->___callPlugins()
#10 /var/www/magento/public/vendor/magento/module-sales/Model/Order/Email/SenderBuilder.php(75): Magento\Email\Model\Transport\Interceptor->sendMessage()
#11 /var/www/magento/public/vendor/magento/module-sales/Model/Order/Email/Sender.php(86): Magento\Sales\Model\Order\Email\SenderBuilder->send()
#12 /var/www/magento/public/vendor/magento/module-sales/Model/Order/Email/Sender/OrderSender.php(108): Magento\Sales\Model\Order\Email\Sender->checkAndSend()
#13 /var/www/magento/public/vendor/magento/module-quote/Observer/SubmitObserver.php(62): Magento\Sales\Model\Order\Email\Sender\OrderSender->send()
#14 /var/www/magento/public/generated/code/Magento/Quote/Observer/SubmitObserver/Interceptor.php(23): Magento\Quote\Observer\SubmitObserver->execute()
#15 /var/www/magento/public/vendor/magento/framework/Event/Invoker/InvokerDefault.php(88): Magento\Quote\Observer\SubmitObserver\Interceptor->execute()
#16 /var/www/magento/public/vendor/magento/framework/Event/Invoker/InvokerDefault.php(74): Magento\Framework\Event\Invoker\InvokerDefault->_callObserverMethod()
#17 /var/www/magento/public/vendor/magento/framework/Event/Manager.php(65): Magento\Framework\Event\Invoker\InvokerDefault->dispatch()
#18 /var/www/magento/public/vendor/magento/framework/Interception/Interceptor.php(58): Magento\Framework\Event\Manager->dispatch()
#19 /var/www/magento/public/vendor/magento/framework/Interception/Interceptor.php(138): Magento\Framework\Event\Manager\Interceptor->___callParent()
#20 /var/www/magento/public/vendor/msp/devtools/Plugin/Event/ManagerInterfacePlugin.php(80): Magento\Framework\Event\Manager\Interceptor->Magento\Framework\Interception\{closure}()
#21 /var/www/magento/public/vendor/magento/framework/Interception/Interceptor.php(135): MSP\DevTools\Plugin\Event\ManagerInterfacePlugin->aroundDispatch()
#22 /var/www/magento/public/vendor/magento/framework/Interception/Interceptor.php(153): Magento\Framework\Event\Manager\Interceptor->Magento\Framework\Interception\{closure}()
#23 /var/www/magento/public/generated/code/Magento/Framework/Event/Manager/Interceptor.php(23): Magento\Framework\Event\Manager\Interceptor->___callPlugins()
#24 /var/www/magento/public/generated/code/Magento/Framework/Event/Manager/Proxy.php(105): Magento\Framework\Event\Manager\Interceptor->dispatch()
#25 /var/www/magento/public/vendor/magento/module-quote/Model/QuoteManagement.php(630): Magento\Framework\Event\Manager\Proxy->dispatch()
#26 /var/www/magento/public/vendor/magento/module-quote/Model/QuoteManagement.php(501): Magento\Quote\Model\QuoteManagement->submitQuote()
#27 /var/www/magento/public/vendor/magento/framework/Interception/Interceptor.php(58): Magento\Quote\Model\QuoteManagement->submit()
#28 /var/www/magento/public/vendor/magento/framework/Interception/Interceptor.php(138): Magento\Quote\Model\QuoteManagement\Interceptor->___callParent()
#29 /var/www/magento/public/vendor/magento/module-sales-rule/Plugin/CouponUsagesIncrement.php(54): Magento\Quote\Model\QuoteManagement\Interceptor->Magento\Framework\Interception\{closure}()
#30 /var/www/magento/public/vendor/magento/framework/Interception/Interceptor.php(135): Magento\SalesRule\Plugin\CouponUsagesIncrement->aroundSubmit()
#31 /var/www/magento/public/vendor/magento/framework/Interception/Interceptor.php(153): Magento\Quote\Model\QuoteManagement\Interceptor->Magento\Framework\Interception\{closure}()
#32 /var/www/magento/public/generated/code/Magento/Quote/Model/QuoteManagement/Interceptor.php(32): Magento\Quote\Model\QuoteManagement\Interceptor->___callPlugins()
#33 /var/www/magento/public/vendor/magento/module-quote/Model/QuoteManagement.php(459): Magento\Quote\Model\QuoteManagement\Interceptor->submit()
#34 /var/www/magento/public/vendor/magento/framework/Interception/Interceptor.php(58): Magento\Quote\Model\QuoteManagement->placeOrder()
#35 /var/www/magento/public/vendor/magento/framework/Interception/Interceptor.php(138): Magento\Quote\Model\QuoteManagement\Interceptor->___callParent()
#36 /var/www/magento/public/vendor/paypal/module-braintree-core/Plugin/OrderCancellation.php(64): Magento\Quote\Model\QuoteManagement\Interceptor->Magento\Framework\Interception\{closure}()
#37 /var/www/magento/public/vendor/magento/framework/Interception/Interceptor.php(135): PayPal\Braintree\Plugin\OrderCancellation->aroundPlaceOrder()
#38 /var/www/magento/public/vendor/magento/framework/Interception/Interceptor.php(153): Magento\Quote\Model\QuoteManagement\Interceptor->Magento\Framework\Interception\{closure}()
#39 /var/www/magento/public/generated/code/Magento/Quote/Model/QuoteManagement/Interceptor.php(23): Magento\Quote\Model\QuoteManagement\Interceptor->___callPlugins()
#40 /var/www/magento/public/vendor/magento/module-checkout/Model/PaymentInformationManagement.php(152): Magento\Quote\Model\QuoteManagement\Interceptor->placeOrder()
#41 /var/www/magento/public/vendor/magento/framework/Interception/Interceptor.php(58): Magento\Checkout\Model\PaymentInformationManagement->savePaymentInformationAndPlaceOrder()
#42 /var/www/magento/public/vendor/magento/framework/Interception/Interceptor.php(138): Magento\Checkout\Model\PaymentInformationManagement\Interceptor->___callParent()
#43 /var/www/magento/public/vendor/magento/framework/Interception/Interceptor.php(153): Magento\Checkout\Model\PaymentInformationManagement\Interceptor->Magento\Framework\Interception\{closure}()
#44 /var/www/magento/public/generated/code/Magento/Checkout/Model/PaymentInformationManagement/Interceptor.php(23): Magento\Checkout\Model\PaymentInformationManagement\Interceptor->___callPlugins()
#45 [internal function]: Magento\Checkout\Model\PaymentInformationManagement\Interceptor->savePaymentInformationAndPlaceOrder()
#46 /var/www/magento/public/vendor/magento/module-webapi/Controller/Rest/SynchronousRequestProcessor.php(95): call_user_func_array()
#47 /var/www/magento/public/vendor/magento/module-webapi/Controller/Rest.php(201): Magento\Webapi\Controller\Rest\SynchronousRequestProcessor->process()
#48 /var/www/magento/public/vendor/magento/framework/Interception/Interceptor.php(58): Magento\Webapi\Controller\Rest->dispatch()
#49 /var/www/magento/public/vendor/magento/framework/Interception/Interceptor.php(138): Magento\Webapi\Controller\Rest\Interceptor->___callParent()
#50 /var/www/magento/public/vendor/magento/framework/Interception/Interceptor.php(153): Magento\Webapi\Controller\Rest\Interceptor->Magento\Framework\Interception\{closure}()
#51 /var/www/magento/public/generated/code/Magento/Webapi/Controller/Rest/Interceptor.php(23): Magento\Webapi\Controller\Rest\Interceptor->___callPlugins()
#52 /var/www/magento/public/vendor/magento/framework/App/Http.php(116): Magento\Webapi\Controller\Rest\Interceptor->dispatch()
#53 /var/www/magento/public/vendor/magento/framework/Interception/Interceptor.php(58): Magento\Framework\App\Http->launch()
#54 /var/www/magento/public/vendor/magento/framework/Interception/Interceptor.php(138): Magento\Framework\App\Http\Interceptor->___callParent()
#55 /var/www/magento/public/vendor/magento/module-application-performance-monitor/Plugin/ApplicationPerformanceMonitor.php(38): Magento\Framework\App\Http\Interceptor->Magento\Framework\Interception\{closure}()
#56 /var/www/magento/public/vendor/magento/framework/Interception/Interceptor.php(135): Magento\ApplicationPerformanceMonitor\Plugin\ApplicationPerformanceMonitor->aroundLaunch()
#57 /var/www/magento/public/vendor/magento/framework/Interception/Interceptor.php(153): Magento\Framework\App\Http\Interceptor->Magento\Framework\Interception\{closure}()
#58 /var/www/magento/public/generated/code/Magento/Framework/App/Http/Interceptor.php(23): Magento\Framework\App\Http\Interceptor->___callPlugins()
#59 /var/www/magento/public/vendor/magento/framework/App/Bootstrap.php(264): Magento\Framework\App\Http\Interceptor->launch()
#60 /var/www/magento/public/pub/index.php(30): Magento\Framework\App\Bootstrap->run()
#61 {main} {"exception":"[object] (Laminas\\Mail\\Transport\\Exception\\RuntimeException(code: 0): Unable to send mail: Unknown error at /var/www/magento/public/vendor/laminas/laminas-mail/src/Transport/Sendmail.php:313)"} []
[2025-02-18T09:37:02.862578+00:00] main.CRITICAL: Magento\Framework\Exception\RuntimeException: Type Error occurred when creating object: Mollie\Payment\Logger\MollieLogger, Monolog\Logger::__construct(): Argument #1 ($name) must be of type string, null given, called in /var/www/magento/public/vendor/magento/framework/ObjectManager/Factory/AbstractFactory.php on line 121 in /var/www/magento/public/vendor/magento/framework/ObjectManager/Factory/AbstractFactory.php:131
Stack trace:
#0 /var/www/magento/public/vendor/magento/framework/ObjectManager/Factory/Compiled.php(108): Magento\Framework\ObjectManager\Factory\AbstractFactory->createObject()
#1 /var/www/magento/public/vendor/magento/framework/ObjectManager/Factory/Compiled.php(150): Magento\Framework\ObjectManager\Factory\Compiled->create()
#2 /var/www/magento/public/vendor/magento/framework/ObjectManager/Factory/Compiled.php(79): Magento\Framework\ObjectManager\Factory\Compiled->get()
#3 /var/www/magento/public/vendor/magento/framework/ObjectManager/Factory/Compiled.php(150): Magento\Framework\ObjectManager\Factory\Compiled->create()
#4 /var/www/magento/public/vendor/magento/framework/ObjectManager/Factory/Compiled.php(79): Magento\Framework\ObjectManager\Factory\Compiled->get()
#5 /var/www/magento/public/vendor/magento/framework/ObjectManager/ObjectManager.php(59): Magento\Framework\ObjectManager\Factory\Compiled->create()
#6 /var/www/magento/public/vendor/magento/framework/View/Element/BlockFactory.php(44): Magento\Framework\ObjectManager\ObjectManager->create()
#7 /var/www/magento/public/vendor/magento/framework/View/Layout/Generator/Block.php(272): Magento\Framework\View\Element\BlockFactory->createBlock()
#8 /var/www/magento/public/vendor/magento/framework/View/Layout/Generator/Block.php(252): Magento\Framework\View\Layout\Generator\Block->getBlockInstance()
#9 /var/www/magento/public/vendor/magento/framework/View/Layout/Generator/Block.php(229): Magento\Framework\View\Layout\Generator\Block->createBlock()
#10 /var/www/magento/public/vendor/magento/framework/View/Layout/Generator/Block.php(134): Magento\Framework\View\Layout\Generator\Block->generateBlock()
#11 /var/www/magento/public/vendor/magento/framework/View/Layout/GeneratorPool.php(93): Magento\Framework\View\Layout\Generator\Block->process()
#12 /var/www/magento/public/vendor/magento/framework/View/Layout.php(365): Magento\Framework\View\Layout\GeneratorPool->process()
#13 /var/www/magento/public/vendor/magento/framework/Interception/Interceptor.php(58): Magento\Framework\View\Layout->generateElements()
#14 /var/www/magento/public/vendor/magento/framework/Interception/Interceptor.php(138): Magento\Framework\View\Layout\Interceptor->___callParent()
#15 /var/www/magento/public/vendor/magento/framework/Interception/Interceptor.php(153): Magento\Framework\View\Layout\Interceptor->Magento\Framework\Interception\{closure}()
#16 /var/www/magento/public/generated/code/Magento/Framework/View/Layout/Interceptor.php(32): Magento\Framework\View\Layout\Interceptor->___callPlugins()
#17 /var/www/magento/public/vendor/magento/framework/View/Layout/Builder.php(129): Magento\Framework\View\Layout\Interceptor->generateElements()
#18 /var/www/magento/public/vendor/magento/framework/View/Page/Builder.php(65): Magento\Framework\View\Layout\Builder->generateLayoutBlocks()
#19 /var/www/magento/public/vendor/magento/framework/View/Layout/Builder.php(65): Magento\Framework\View\Page\Builder->generateLayoutBlocks()
#20 /var/www/magento/public/vendor/magento/framework/View/Page/Config.php(227): Magento\Framework\View\Layout\Builder->build()
#21 /var/www/magento/public/vendor/magento/framework/View/Page/Config.php(591): Magento\Framework\View\Page\Config->build()
#22 /var/www/magento/public/vendor/magento/framework/View/Page/Config.php(549): Magento\Framework\View\Page\Config->getElementAttribute()
#23 /var/www/magento/public/vendor/magento/module-catalog/Helper/Product/View.php(212): Magento\Framework\View\Page\Config->addBodyClass()
#24 /var/www/magento/public/vendor/magento/module-catalog/Helper/Product/View.php(287): Magento\Catalog\Helper\Product\View->initProductLayout()
#25 /var/www/magento/public/vendor/magento/framework/Interception/Interceptor.php(58): Magento\Catalog\Helper\Product\View->prepareAndRender()
#26 /var/www/magento/public/vendor/magento/framework/Interception/Interceptor.php(138): Magento\Catalog\Helper\Product\View\Interceptor->___callParent()
#27 /var/www/magento/public/vendor/magento/framework/Interception/Interceptor.php(153): Magento\Catalog\Helper\Product\View\Interceptor->Magento\Framework\Interception\{closure}()
#28 /var/www/magento/public/generated/code/Magento/Catalog/Helper/Product/View/Interceptor.php(23): Magento\Catalog\Helper\Product\View\Interceptor->___callPlugins()
#29 /var/www/magento/public/vendor/magento/module-catalog/Controller/Product/View.php(179): Magento\Catalog\Helper\Product\View\Interceptor->prepareAndRender()
#30 /var/www/magento/public/vendor/magento/framework/Interception/Interceptor.php(58): Magento\Catalog\Controller\Product\View->execute()
#31 /var/www/magento/public/vendor/magento/framework/Interception/Interceptor.php(138): Magento\Catalog\Controller\Product\View\Interceptor->___callParent()
#32 /var/www/magento/public/vendor/magento/framework/Interception/Interceptor.php(153): Magento\Catalog\Controller\Product\View\Interceptor->Magento\Framework\Interception\{closure}()
#33 /var/www/magento/public/generated/code/Magento/Catalog/Controller/Product/View/Interceptor.php(23): Magento\Catalog\Controller\Product\View\Interceptor->___callPlugins()
#34 /var/www/magento/public/vendor/magento/framework/App/Action/Action.php(111): Magento\Catalog\Controller\Product\View\Interceptor->execute()
#35 /var/www/magento/public/vendor/magento/framework/Interception/Interceptor.php(58): Magento\Framework\App\Action\Action->dispatch()
#36 /var/www/magento/public/vendor/magento/framework/Interception/Interceptor.php(138): Magento\Catalog\Controller\Product\View\Interceptor->___callParent()
#37 /var/www/magento/public/vendor/magento/framework/Interception/Interceptor.php(153): Magento\Catalog\Controller\Product\View\Interceptor->Magento\Framework\Interception\{closure}()
#38 /var/www/magento/public/generated/code/Magento/Catalog/Controller/Product/View/Interceptor.php(32): Magento\Catalog\Controller\Product\View\Interceptor->___callPlugins()
#39 /var/www/magento/public/vendor/magento/framework/App/FrontController.php(245): Magento\Catalog\Controller\Product\View\Interceptor->dispatch()
#40 /var/www/magento/public/vendor/magento/framework/App/FrontController.php(212): Magento\Framework\App\FrontController->getActionResponse()
#41 /var/www/magento/public/vendor/magento/framework/App/FrontController.php(147): Magento\Framework\App\FrontController->processRequest()
#42 /var/www/magento/public/vendor/magento/framework/Interception/Interceptor.php(58): Magento\Framework\App\FrontController->dispatch()
#43 /var/www/magento/public/vendor/magento/framework/Interception/Interceptor.php(138): Magento\Framework\App\FrontController\Interceptor->___callParent()
#44 /var/www/magento/public/vendor/magento/module-store/App/FrontController/Plugin/RequestPreprocessor.php(99): Magento\Framework\App\FrontController\Interceptor->Magento\Framework\Interception\{closure}()
#45 /var/www/magento/public/vendor/magento/framework/Interception/Interceptor.php(135): Magento\Store\App\FrontController\Plugin\RequestPreprocessor->aroundDispatch()
#46 /var/www/magento/public/vendor/magento/module-page-cache/Model/App/FrontController/BuiltinPlugin.php(76): Magento\Framework\App\FrontController\Interceptor->Magento\Framework\Interception\{closure}()
#47 /var/www/magento/public/vendor/magento/framework/Interception/Interceptor.php(135): Magento\PageCache\Model\App\FrontController\BuiltinPlugin->aroundDispatch()
#48 /var/www/magento/public/vendor/magento/framework/Interception/Interceptor.php(153): Magento\Framework\App\FrontController\Interceptor->Magento\Framework\Interception\{closure}()
#49 /var/www/magento/public/generated/code/Magento/Framework/App/FrontController/Interceptor.php(23): Magento\Framework\App\FrontController\Interceptor->___callPlugins()
#50 /var/www/magento/public/vendor/magento/framework/App/Http.php(116): Magento\Framework\App\FrontController\Interceptor->dispatch()
#51 /var/www/magento/public/vendor/magento/framework/Interception/Interceptor.php(58): Magento\Framework\App\Http->launch()
#52 /var/www/magento/public/vendor/magento/framework/Interception/Interceptor.php(138): Magento\Framework\App\Http\Interceptor->___callParent()
#53 /var/www/magento/public/vendor/magento/module-application-performance-monitor/Plugin/ApplicationPerformanceMonitor.php(38): Magento\Framework\App\Http\Interceptor->Magento\Framework\Interception\{closure}()
#54 /var/www/magento/public/vendor/magento/framework/Interception/Interceptor.php(135): Magento\ApplicationPerformanceMonitor\Plugin\ApplicationPerformanceMonitor->aroundLaunch()
#55 /var/www/magento/public/vendor/magento/framework/Interception/Interceptor.php(153): Magento\Framework\App\Http\Interceptor->Magento\Framework\Interception\{closure}()
#56 /var/www/magento/public/generated/code/Magento/Framework/App/Http/Interceptor.php(23): Magento\Framework\App\Http\Interceptor->___callPlugins()
#57 /var/www/magento/public/vendor/magento/framework/App/Bootstrap.php(264): Magento\Framework\App\Http\Interceptor->launch()
#58 /var/www/magento/public/pub/index.php(30): Magento\Framework\App\Bootstrap->run()
#59 {main} {"exception":"[object] (Magento\\Framework\\Exception\\RuntimeException(code: 0): Type Error occurred when creating object: Mollie\\Payment\\Logger\\MollieLogger, Monolog\\Logger::__construct(): Argument #1 ($name) must be of type string, null given, called in /var/www/magento/public/vendor/magento/framework/ObjectManager/Factory/AbstractFactory.php on line 121 at /var/www/magento/public/vendor/magento/framework/ObjectManager/Factory/AbstractFactory.php:131)"} []
[2025-02-18T13:24:03.891618+00:00] main.CRITICAL: Magento\Framework\Exception\RuntimeException: Type Error occurred when creating object: Mollie\Payment\Logger\MollieLogger, Monolog\Logger::__construct(): Argument #1 ($name) must be of type string, null given, called in /var/www/magento/public/vendor/magento/framework/ObjectManager/Factory/AbstractFactory.php on line 121 in /var/www/magento/public/vendor/magento/framework/ObjectManager/Factory/AbstractFactory.php:131
Stack trace:
#0 /var/www/magento/public/vendor/magento/framework/ObjectManager/Factory/Compiled.php(108): Magento\Framework\ObjectManager\Factory\AbstractFactory->createObject()
#1 /var/www/magento/public/vendor/magento/framework/ObjectManager/Factory/Compiled.php(150): Magento\Framework\ObjectManager\Factory\Compiled->create()
#2 /var/www/magento/public/vendor/magento/framework/ObjectManager/Factory/Compiled.php(79): Magento\Framework\ObjectManager\Factory\Compiled->get()
#3 /var/www/magento/public/vendor/magento/framework/ObjectManager/Factory/Compiled.php(150): Magento\Framework\ObjectManager\Factory\Compiled->create()
#4 /var/www/magento/public/vendor/magento/framework/ObjectManager/Factory/Compiled.php(79): Magento\Framework\ObjectManager\Factory\Compiled->get()
#5 /var/www/magento/public/vendor/magento/framework/ObjectManager/ObjectManager.php(59): Magento\Framework\ObjectManager\Factory\Compiled->create()
#6 /var/www/magento/public/vendor/magento/framework/View/Element/BlockFactory.php(44): Magento\Framework\ObjectManager\ObjectManager->create()
#7 /var/www/magento/public/vendor/magento/framework/View/Layout/Generator/Block.php(272): Magento\Framework\View\Element\BlockFactory->createBlock()
#8 /var/www/magento/public/vendor/magento/framework/View/Layout/Generator/Block.php(252): Magento\Framework\View\Layout\Generator\Block->getBlockInstance()
#9 /var/www/magento/public/vendor/magento/framework/View/Layout/Generator/Block.php(229): Magento\Framework\View\Layout\Generator\Block->createBlock()
#10 /var/www/magento/public/vendor/magento/framework/View/Layout/Generator/Block.php(134): Magento\Framework\View\Layout\Generator\Block->generateBlock()
#11 /var/www/magento/public/vendor/magento/framework/View/Layout/GeneratorPool.php(93): Magento\Framework\View\Layout\Generator\Block->process()
#12 /var/www/magento/public/vendor/magento/framework/View/Layout.php(365): Magento\Framework\View\Layout\GeneratorPool->process()
#13 /var/www/magento/public/vendor/magento/framework/Interception/Interceptor.php(58): Magento\Framework\View\Layout->generateElements()
#14 /var/www/magento/public/vendor/magento/framework/Interception/Interceptor.php(138): Magento\Framework\View\Layout\Interceptor->___callParent()
#15 /var/www/magento/public/vendor/magento/framework/Interception/Interceptor.php(153): Magento\Framework\View\Layout\Interceptor->Magento\Framework\Interception\{closure}()
#16 /var/www/magento/public/generated/code/Magento/Framework/View/Layout/Interceptor.php(32): Magento\Framework\View\Layout\Interceptor->___callPlugins()
#17 /var/www/magento/public/vendor/magento/framework/View/Layout/Builder.php(129): Magento\Framework\View\Layout\Interceptor->generateElements()
#18 /var/www/magento/public/vendor/magento/framework/View/Page/Builder.php(65): Magento\Framework\View\Layout\Builder->generateLayoutBlocks()
#19 /var/www/magento/public/vendor/magento/framework/View/Layout/Builder.php(65): Magento\Framework\View\Page\Builder->generateLayoutBlocks()
#20 /var/www/magento/public/vendor/magento/framework/View/Page/Config.php(227): Magento\Framework\View\Layout\Builder->build()
#21 /var/www/magento/public/vendor/magento/framework/View/Page/Config.php(591): Magento\Framework\View\Page\Config->build()
#22 /var/www/magento/public/vendor/magento/framework/View/Page/Config.php(549): Magento\Framework\View\Page\Config->getElementAttribute()
#23 /var/www/magento/public/vendor/magento/module-catalog/Helper/Product/View.php(212): Magento\Framework\View\Page\Config->addBodyClass()
#24 /var/www/magento/public/vendor/magento/module-catalog/Helper/Product/View.php(287): Magento\Catalog\Helper\Product\View->initProductLayout()
#25 /var/www/magento/public/vendor/magento/framework/Interception/Interceptor.php(58): Magento\Catalog\Helper\Product\View->prepareAndRender()
#26 /var/www/magento/public/vendor/magento/framework/Interception/Interceptor.php(138): Magento\Catalog\Helper\Product\View\Interceptor->___callParent()
#27 /var/www/magento/public/vendor/magento/framework/Interception/Interceptor.php(153): Magento\Catalog\Helper\Product\View\Interceptor->Magento\Framework\Interception\{closure}()
#28 /var/www/magento/public/generated/code/Magento/Catalog/Helper/Product/View/Interceptor.php(23): Magento\Catalog\Helper\Product\View\Interceptor->___callPlugins()
#29 /var/www/magento/public/vendor/magento/module-catalog/Controller/Product/View.php(179): Magento\Catalog\Helper\Product\View\Interceptor->prepareAndRender()
#30 /var/www/magento/public/vendor/magento/framework/Interception/Interceptor.php(58): Magento\Catalog\Controller\Product\View->execute()
#31 /var/www/magento/public/vendor/magento/framework/Interception/Interceptor.php(138): Magento\Catalog\Controller\Product\View\Interceptor->___callParent()
#32 /var/www/magento/public/vendor/magento/framework/Interception/Interceptor.php(153): Magento\Catalog\Controller\Product\View\Interceptor->Magento\Framework\Interception\{closure}()
#33 /var/www/magento/public/generated/code/Magento/Catalog/Controller/Product/View/Interceptor.php(23): Magento\Catalog\Controller\Product\View\Interceptor->___callPlugins()
#34 /var/www/magento/public/vendor/magento/framework/App/Action/Action.php(111): Magento\Catalog\Controller\Product\View\Interceptor->execute()
#35 /var/www/magento/public/vendor/magento/framework/Interception/Interceptor.php(58): Magento\Framework\App\Action\Action->dispatch()
#36 /var/www/magento/public/vendor/magento/framework/Interception/Interceptor.php(138): Magento\Catalog\Controller\Product\View\Interceptor->___callParent()
#37 /var/www/magento/public/vendor/magento/framework/Interception/Interceptor.php(153): Magento\Catalog\Controller\Product\View\Interceptor->Magento\Framework\Interception\{closure}()
#38 /var/www/magento/public/generated/code/Magento/Catalog/Controller/Product/View/Interceptor.php(32): Magento\Catalog\Controller\Product\View\Interceptor->___callPlugins()
#39 /var/www/magento/public/vendor/magento/framework/App/FrontController.php(245): Magento\Catalog\Controller\Product\View\Interceptor->dispatch()
#40 /var/www/magento/public/vendor/magento/framework/App/FrontController.php(212): Magento\Framework\App\FrontController->getActionResponse()
#41 /var/www/magento/public/vendor/magento/framework/App/FrontController.php(147): Magento\Framework\App\FrontController->processRequest()
#42 /var/www/magento/public/vendor/magento/framework/Interception/Interceptor.php(58): Magento\Framework\App\FrontController->dispatch()
#43 /var/www/magento/public/vendor/magento/framework/Interception/Interceptor.php(138): Magento\Framework\App\FrontController\Interceptor->___callParent()
#44 /var/www/magento/public/vendor/magento/module-store/App/FrontController/Plugin/RequestPreprocessor.php(99): Magento\Framework\App\FrontController\Interceptor->Magento\Framework\Interception\{closure}()
#45 /var/www/magento/public/vendor/magento/framework/Interception/Interceptor.php(135): Magento\Store\App\FrontController\Plugin\RequestPreprocessor->aroundDispatch()
#46 /var/www/magento/public/vendor/magento/module-page-cache/Model/App/FrontController/BuiltinPlugin.php(76): Magento\Framework\App\FrontController\Interceptor->Magento\Framework\Interception\{closure}()
#47 /var/www/magento/public/vendor/magento/framework/Interception/Interceptor.php(135): Magento\PageCache\Model\App\FrontController\BuiltinPlugin->aroundDispatch()
#48 /var/www/magento/public/vendor/magento/framework/Interception/Interceptor.php(153): Magento\Framework\App\FrontController\Interceptor->Magento\Framework\Interception\{closure}()
#49 /var/www/magento/public/generated/code/Magento/Framework/App/FrontController/Interceptor.php(23): Magento\Framework\App\FrontController\Interceptor->___callPlugins()
#50 /var/www/magento/public/vendor/magento/framework/App/Http.php(116): Magento\Framework\App\FrontController\Interceptor->dispatch()
#51 /var/www/magento/public/vendor/magento/framework/Interception/Interceptor.php(58): Magento\Framework\App\Http->launch()
#52 /var/www/magento/public/vendor/magento/framework/Interception/Interceptor.php(138): Magento\Framework\App\Http\Interceptor->___callParent()
#53 /var/www/magento/public/vendor/magento/module-application-performance-monitor/Plugin/ApplicationPerformanceMonitor.php(38): Magento\Framework\App\Http\Interceptor->Magento\Framework\Interception\{closure}()
#54 /var/www/magento/public/vendor/magento/framework/Interception/Interceptor.php(135): Magento\ApplicationPerformanceMonitor\Plugin\ApplicationPerformanceMonitor->aroundLaunch()
#55 /var/www/magento/public/vendor/magento/framework/Interception/Interceptor.php(153): Magento\Framework\App\Http\Interceptor->Magento\Framework\Interception\{closure}()
#56 /var/www/magento/public/generated/code/Magento/Framework/App/Http/Interceptor.php(23): Magento\Framework\App\Http\Interceptor->___callPlugins()
#57 /var/www/magento/public/vendor/magento/framework/App/Bootstrap.php(264): Magento\Framework\App\Http\Interceptor->launch()
#58 /var/www/magento/public/pub/index.php(30): Magento\Framework\App\Bootstrap->run()
#59 {main} {"exception":"[object] (Magento\\Framework\\Exception\\RuntimeException(code: 0): Type Error occurred when creating object: Mollie\\Payment\\Logger\\MollieLogger, Monolog\\Logger::__construct(): Argument #1 ($name) must be of type string, null given, called in /var/www/magento/public/vendor/magento/framework/ObjectManager/Factory/AbstractFactory.php on line 121 at /var/www/magento/public/vendor/magento/framework/ObjectManager/Factory/AbstractFactory.php:131)"} []
